,OBJECTID,INCIDENT_NUMBER,PERSON_RECOVERED_FROM_RACE,PERSON_RECOVERED_FROM_SEX,PERSON_RECOVERED_FROM_AGE
0,1,80-10-011494,White,M,44.0
1,2,80-10-011506,Black,M,19.0
2,3,80-10-011506,Black,M,19.0
3,4,80-10-011506,Black,M,19.0
4,5,80-10-011506,Black,M,19.0
5,6,80-10-013628,Black,M,26.0
6,7,80-10-014366,Null,,
7,8,80-10-015443,White,F,23.0
8,9,80-10-015699,Black,F,29.0
9,10,80-10-015699,Black,F,29.0
10,11,80-10-016246,White,M,28.0
11,12,80-10-002355,Black,M,21.0
12,13,80-09-099274,Black,M,23.0
13,14,80-10-000954,Null,,
14,15,80-10-001042,Black,M,47.0
15,16,80-10-000411,Black,M,28.0
16,17,80-10-003832,White,M,45.0
17,18,80-10-004252,White,M,19.0
18,19,80-10-006645,Black,M,24.0
19,20,80-10-006927,Black,M,31.0
20,21,80-10-012336,White,M,44.0
21,22,80-10-012336,White,M,44.0
22,23,80-10-014735,White,M,22.0
23,24,80-10-014735,White,M,22.0
24,25,80-10-017395,Black,M,27.0
25,26,80-10-018911,Black,M,34.0
26,27,80-10-019619,Null,,
27,28,80-10-020340,Black,M,32.0
28,29,80-10-004252,White,M,19.0
29,30,80-10-005255,White,M,28.0
30,31,80-10-005845,White,M,17.0
31,32,80-10-006576,White,M,26.0
32,33,80-10-007110,Null,,
33,34,80-10-007387,Black,M,31.0
34,35,80-10-008651,White,M,53.0
35,36,80-10-009511,Black,M,33.0
36,37,80-10-022645,Null,,
37,38,80-10-023614,Black,F,34.0
38,39,80-10-025084,Unknown,U,
39,40,80-10-025754,Black,M,35.0
40,41,80-10-025923,Black,M,25.0
41,42,80-10-027333,White,M,18.0
42,43,80-10-028200,Black,F,38.0
43,44,80-10-020340,Black,M,32.0
44,45,80-10-020340,Black,M,32.0
45,46,80-10-035879,Black,M,43.0
46,47,80-10-036071,White,M,61.0
47,48,80-10-037247,Black,M,18.0
48,49,80-10-037247,Black,M,18.0
49,50,80-10-038863,Black,M,46.0
50,51,80-10-098860,Black,M,21.0
51,52,80-10-098860,Black,M,21.0
52,53,80-10-082757,Black,M,35.0
53,54,80-11-058966,White,M,25.0
54,55,80-11-058966,White,M,25.0
55,56,80-11-058966,White,M,25.0
56,57,80-11-058966,White,M,25.0
57,58,80-10-073596,Black,M,18.0
58,59,80-11-027205,White,F,31.0
59,60,80-11-027205,White,F,31.0
60,61,80-10-080743,Black,M,32.0
61,62,80-10-091150,Black,M,26.0
62,63,80-10-091150,Black,M,26.0
63,64,80-10-095523,Black,F,20.0
64,65,80-10-097010,Black,M,19.0
65,66,80-10-097010,Black,M,19.0
66,67,80-10-083366,Black,M,18.0
67,68,80-10-099672,Null,,
68,69,80-10-080128,White,M,23.0
69,70,80-10-080128,White,M,23.0
70,71,80-11-050929,White,M,25.0
71,72,80-11-050929,White,M,25.0
72,73,80-11-013595,Black,M,24.0
73,74,80-11-013595,Black,M,24.0
74,75,80-10-082797,Black,M,19.0
75,76,80-10-097022,Black,M,18.0
76,77,80-10-087402,Black,M,35.0
77,78,80-11-027470,White,M,39.0
78,79,80-11-027470,White,M,39.0
79,80,80-11-057130,White,M,27.0
80,81,80-11-057130,White,M,27.0
81,82,80-11-064924,Black,M,30.0
82,83,80-11-029194,Black,M,20.0
83,84,80-11-000740,White,M,37.0
84,85,80-11-000740,White,M,37.0
85,86,80-11-000740,White,M,37.0
86,87,80-11-000740,White,M,37.0
87,88,80-11-000740,White,M,37.0
88,89,80-11-000740,White,M,37.0
89,90,80-11-000740,White,M,37.0
90,91,80-11-000740,White,M,37.0
91,92,80-11-000740,White,M,37.0
92,93,80-11-000740,White,M,37.0
93,94,80-11-044875,White,M,23.0
94,95,80-10-058715,White,M,36.0
95,96,80-10-058715,White,M,36.0
96,97,80-10-058715,White,M,36.0
97,98,80-11-016096,White,M,43.0
98,99,80-10-074787,White,M,22.0
99,100,80-10-074787,White,M,22.0
100,101,80-10-029145,Black,M,30.0
101,102,80-10-029145,Black,M,30.0
102,103,80-10-029145,Black,M,30.0
103,104,80-10-029145,Black,M,30.0
104,105,80-10-029145,Black,M,30.0
105,106,80-10-039952,White,M,20.0
106,107,80-10-041479,Black,M,30.0
107,108,80-10-046639,Null,,
108,109,80-10-046639,Null,,
109,110,80-10-045484,Black,M,28.0
110,111,80-10-044497,Black,M,21.0
111,112,80-10-044497,Black,M,21.0
112,113,80-10-044497,Black,M,21.0
113,114,80-10-060964,White,M,65.0
114,115,80-10-061099,Black,M,33.0
115,116,80-10-061099,Black,M,33.0
116,117,80-10-061099,Black,M,33.0
117,118,80-10-061402,Black,M,26.0
118,119,80-10-061402,Black,M,26.0
119,120,80-10-061402,Black,M,26.0
120,121,80-10-062111,Black,M,21.0
121,122,80-10-062703,Black,M,17.0
122,123,80-10-032573,White,M,19.0
123,124,80-10-032573,White,M,19.0
124,125,80-10-032569,Black,M,22.0
125,126,80-10-032593,Black,M,27.0
126,127,80-10-032593,Black,M,27.0
127,128,80-10-032882,Black,M,21.0
128,129,80-10-032882,Black,M,21.0
129,130,80-10-033188,Black,M,61.0
130,131,80-10-034907,Black,M,30.0
131,132,80-10-050291,Black,M,24.0
132,133,80-10-050322,Black,M,24.0
133,134,80-10-050959,White,M,51.0
134,135,80-10-052905,White,M,36.0
135,136,80-10-054097,Black,M,29.0
136,137,80-10-054097,Black,M,29.0
137,138,80-10-057395,Black,M,20.0
138,139,80-10-057395,Black,M,20.0
139,140,80-10-057395,Black,M,20.0
140,141,80-10-058047,Unknown,U,
141,142,80-10-058047,Unknown,U,
142,143,80-10-043129,Black,M,28.0
143,144,80-10-043129,Black,M,28.0
144,145,80-10-043129,Black,M,28.0
145,146,80-10-043286,Unknown,U,
146,147,80-10-044338,Black,M,28.0
147,148,80-10-045942,White,M,36.0
148,149,80-10-047305,Black,M,21.0
149,150,80-10-047293,Null,,
150,151,80-11-098860,Null,,
151,152,80-11-012781,Black,M,47.0
152,153,80-11-021353,White,M,26.0
153,154,80-10-093009,Black,M,20.0
154,155,80-10-093009,Black,M,20.0
155,156,80-10-078760,Black,M,20.0
156,157,80-11-000006,Black,M,25.0
157,158,80-11-001031,Black,M,27.0
158,159,80-11-020149,Black,M,23.0
159,160,80-11-020149,Black,M,23.0
160,161,80-10-069874,Black,M,32.0
161,162,80-11-069885,Black,M,17.0
162,163,80-11-069885,Black,M,17.0
163,164,80-11-037335,White,M,22.0
164,165,80-11-069727,Black,M,25.0
165,166,80-10-062415,Black,M,20.0
166,167,80-10-077229,Black,M,54.0
167,168,80-10-077229,Black,M,54.0
168,169,80-10-077229,Black,M,54.0
169,170,80-11-065013,Black,M,29.0
170,171,80-11-025590,White,M,32.0
171,172,80-11-025590,White,M,32.0
172,173,80-11-094279,Black,M,21.0
173,174,80-11-044073,Black,M,30.0
174,175,80-11-044543,Black,M,22.0
175,176,80-11-023785,White,M,27.0
176,177,80-11-023785,White,M,27.0
177,178,80-10-085326,Black,M,20.0
178,179,80-11-015610,Black,M,34.0
179,180,80-10-102878,Black,M,42.0
180,181,80-11-097647,Black,M,28.0
181,182,80-10-098845,White,M,45.0
182,183,80-10-098845,White,M,45.0
183,184,80-11-044761,Black,M,20.0
184,185,80-11-039723,Black,M,28.0
185,186,80-11-036585,White,M,24.0
186,187,80-10-076602,White,M,24.0
187,188,80-10-076602,White,M,24.0
188,189,80-10-076602,White,M,24.0
189,190,80-11-042977,Black,M,18.0
190,191,80-11-033335,White,M,37.0
191,192,80-11-000740,White,M,37.0
192,193,80-11-000740,White,M,37.0
193,194,80-11-000740,White,M,37.0
194,195,80-11-000740,White,M,37.0
195,196,80-11-000740,White,M,37.0
196,197,80-11-000740,White,M,37.0
197,198,80-11-000740,White,M,37.0
198,199,80-11-039159,Null,,
199,200,80-11-039159,Null,,
200,201,80-11-045742,Null,,
201,202,80-11-065146,Null,,
202,203,80-10-062415,Black,M,20.0
203,204,80-11-072036,Null,,
204,205,80-11-068389,Null,,
205,206,80-11-021353,White,M,26.0
206,207,80-11-021353,White,M,26.0
207,208,80-11-045994,Black,M,32.0
208,209,80-11-045994,Black,M,32.0
209,210,80-10-096913,White,M,30.0
210,211,80-10-096913,White,M,30.0
211,212,80-10-070222,Black,M,25.0
212,213,80-11-063891,Black,M,26.0
213,214,80-11-059925,Black,M,22.0
214,215,80-10-072963,Black,M,21.0
215,216,80-11-001602,Black,M,38.0
216,217,80-11-016806,Black,M,31.0
217,218,80-11-070984,Black,M,23.0
218,219,80-10-080462,Black,M,24.0
219,220,80-11-069596,Black,M,23.0
220,221,80-11-069596,Black,M,23.0
221,222,80-11-001921,White,M,22.0
222,223,80-11-001267,Black,M,35.0
223,224,80-11-063970,Black,M,44.0
224,225,80-11-063970,Black,M,44.0
225,226,80-10-076022,Black,M,32.0
226,227,80-11-023785,White,M,27.0
227,228,80-11-023785,White,M,27.0
228,229,80-10-098155,Black,M,31.0
229,230,80-11-060211,White,M,50.0
230,231,80-11-060211,White,M,50.0
231,232,80-11-000740,White,M,37.0
232,233,80-11-000740,White,M,37.0
233,234,80-11-000740,White,M,37.0
234,235,80-11-073362,Black,M,26.0
235,236,80-10-088466,Black,M,54.0
236,237,80-10-073182,White,M,48.0
237,238,80-11-048655,Black,M,31.0
238,239,80-10-074787,White,M,22.0
239,240,80-11-016883,White,F,25.0
240,241,80-10-077628,White,M,32.0
241,242,80-11-027462,Black,M,37.0
242,243,80-10-087737,Black,M,31.0
243,244,80-11-019349,Black,M,23.0
244,245,80-11-019349,Black,M,23.0
245,246,80-11-019349,Black,M,23.0
246,247,80-11-019349,Black,M,23.0
247,248,80-10-098157,White,M,23.0
248,249,80-10-098157,White,M,23.0
249,250,80-10-083250,Black,M,25.0
250,251,80-11-040427,White,M,36.0
251,252,80-11-034598,Black,M,25.0
252,253,80-10-062445,Black,M,33.0
253,254,80-10-063888,White,M,44.0
254,255,80-10-063888,White,M,44.0
255,256,80-10-063888,White,M,44.0
256,257,80-10-064119,Black,F,52.0
257,258,80-10-065162,Null,,
258,259,80-10-065579,Hispanic,M,40.0
259,260,80-10-065579,Hispanic,M,40.0
260,261,80-10-065579,Hispanic,M,40.0
261,262,80-10-065579,Hispanic,M,40.0
262,263,80-10-089791,Null,,
263,264,80-10-093602,Null,,
264,265,80-10-097876,Null,,
265,266,80-11-013469,Null,,
266,267,80-11-015623,Null,,
267,268,80-11-015826,Null,,
268,269,80-10-062703,Black,M,17.0
269,270,80-10-064449,Unknown,U,
270,271,80-10-067740,Black,M,37.0
271,272,80-10-068641,White,M,37.0
272,273,80-10-068641,White,M,37.0
273,274,80-10-052770,White,M,20.0
274,275,80-10-055541,Black,M,29.0
275,276,80-10-079964,Null,,
276,277,80-10-079964,Null,,
277,278,80-10-079964,Null,,
278,279,80-10-083504,Null,,
279,280,80-10-083504,Null,,
280,281,80-10-084054,Null,,
281,282,80-10-050884,Null,,
282,283,80-10-050884,Null,,
283,284,80-11-011057,Null,,
284,285,80-11-011057,Null,,
285,286,80-11-011057,Null,,
286,287,80-11-011057,Null,,
287,288,80-11-011057,Null,,
288,289,80-11-011057,Null,,
289,290,80-11-021323,Null,,
290,291,80-11-021323,Null,,
291,292,80-11-025417,Null,,
292,293,80-11-029150,Null,,
293,294,80-11-037399,Null,,
294,295,80-11-037399,Null,,
295,296,80-11-054226,Null,,
296,297,80-11-070601,Null,,
297,298,80-11-070601,Null,,
298,299,80-11-070601,Null,,
299,300,80-11-077879,Null,,
300,301,80-11-021413,White,M,48.0
301,302,80-11-021413,White,M,48.0
302,303,80-11-021413,White,M,48.0
303,304,80-11-021413,White,M,48.0
304,305,80-11-021413,White,M,48.0
305,306,80-11-021413,White,M,48.0
306,307,80-11-021413,White,M,48.0
307,308,80-11-021413,White,M,48.0
308,309,80-11-049023,Black,M,28.0
309,310,80-11-056278,White,F,46.0
310,311,80-10-097022,Black,M,18.0
311,312,80-10-097022,Black,M,18.0
312,313,80-11-029145,White,M,60.0
313,314,80-11-029145,White,M,60.0
314,315,80-11-029145,White,M,60.0
315,316,80-11-093438,Black,M,18.0
316,317,80-11-044870,White,M,20.0
317,318,80-11-015444,Black,M,23.0
318,319,80-10-057715,White,M,53.0
319,320,80-11-038098,Black,M,24.0
320,321,80-10-094551,White,M,54.0
321,322,80-10-055988,Black,F,
322,323,80-10-055988,Black,F,
323,324,80-10-058796,White,M,24.0
324,325,80-11-069866,White,M,37.0
325,326,80-11-069866,White,M,37.0
326,327,80-11-063818,Black,M,20.0
327,328,80-10-071276,White,M,30.0
328,329,80-10-078729,American Indian,M,26.0
329,330,80-11-074943,Unknown,M,31.0
330,331,80-11-074943,Unknown,M,31.0
331,332,80-11-074943,Unknown,M,31.0
332,333,80-10-081814,Unknown,U,
333,334,80-10-081814,Unknown,U,
334,335,80-10-084921,White,M,55.0
335,336,80-11-025674,Black,M,29.0
336,337,80-11-016235,Black,M,21.0
337,338,80-10-094147,White,M,29.0
338,339,80-10-094147,White,M,29.0
339,340,80-11-069793,White,M,32.0
340,341,80-11-056305,Black,M,40.0
341,342,80-11-056305,Black,M,40.0
342,343,80-11-056305,Black,M,40.0
343,344,80-11-029936,White,M,
344,345,80-11-029936,White,M,
345,346,80-11-029936,White,M,
346,347,80-11-029936,White,M,
347,348,80-11-034590,Black,M,27.0
348,349,80-11-072246,Black,M,26.0
349,350,80-11-072246,Black,M,26.0
350,351,80-10-038863,Black,M,46.0
351,352,80-10-039892,Black,M,20.0
352,353,80-10-039921,Black,M,17.0
353,354,80-10-039952,White,M,20.0
354,355,80-10-039952,White,M,20.0
355,356,80-10-039952,White,M,20.0
356,357,80-10-041317,Black,M,17.0
357,358,80-10-041255,Black,M,51.0
358,359,80-10-030031,Black,M,22.0
359,360,80-10-031067,Black,M,22.0
360,361,80-10-031582,Black,M,34.0
361,362,80-10-032344,Null,,
362,363,80-10-032828,Black,M,21.0
363,364,80-10-032828,Black,M,21.0
364,365,80-10-033510,White,M,15.0
365,366,80-10-034094,White,M,36.0
366,367,80-10-032882,Black,F,22.0
367,368,80-10-032882,Black,F,22.0
368,369,80-10-050291,Black,M,24.0
369,370,80-10-051689,Black,M,29.0
370,371,80-10-017677,Black,M,30.0
371,372,80-10-017677,Black,M,30.0
372,373,80-10-019773,Black,M,19.0
373,374,80-10-019773,Black,M,19.0
374,375,80-10-020534,Null,,
375,376,80-10-021158,Null,,
376,377,80-10-021158,Null,,
377,378,80-10-021158,Null,,
378,379,80-10-021158,Null,,
379,380,80-10-022179,White,M,14.0
380,381,80-10-036001,Black,M,23.0
381,382,80-10-036001,Black,M,23.0
382,383,80-10-036317,Black,M,14.0
383,384,80-10-036959,White,F,57.0
384,385,80-10-036959,White,F,57.0
385,386,80-10-037330,White,M,35.0
386,387,80-10-038790,Black,M,18.0
387,388,80-10-039146,Unknown,U,
388,389,80-10-039146,Unknown,U,
389,390,80-10-039952,White,M,20.0
390,391,80-10-039952,White,M,20.0
391,392,80-10-042012,Black,M,22.0
392,393,80-10-042024,White,M,42.0
393,394,80-10-042046,Black,M,19.0
394,395,80-10-023001,Black,M,18.0
395,396,80-10-023001,Black,M,18.0
396,397,80-10-023399,Black,M,41.0
397,398,80-10-026207,White,M,41.0
398,399,80-10-027834,Black,M,23.0
399,400,80-10-028199,Black,M,17.0
400,401,80-11-003713,Black,M,20.0
401,402,80-12-094577,White,M,37.0
402,403,80-11-072246,Black,M,26.0
403,404,80-12-069225,Black,M,31.0
404,405,80-11-003713,Black,M,20.0
405,406,80-10-076935,Black,M,30.0
406,407,80-11-039715,White,M,23.0
407,408,80-10-086485,Black,M,18.0
408,409,80-10-086485,Black,M,18.0
409,410,80-11-029194,Black,F,19.0
410,411,80-11-025637,Black,M,55.0
411,412,80-11-026043,Black,M,21.0
412,413,80-10-095933,Black,M,14.0
413,414,80-10-095933,Black,M,14.0
414,415,80-10-095933,Black,M,14.0
415,416,80-10-094855,Black,M,25.0
416,417,80-11-095533,Null,,
417,418,80-11-097670,Null,,
418,419,80-11-103547,Null,,
419,420,80-12-009330,Null,,
420,421,80-12-009330,Null,,
421,422,80-12-032664,Null,,
422,423,80-12-036877,Null,,
423,424,80-12-039580,Null,,
424,425,80-12-039587,Null,,
425,426,80-12-039587,Null,,
426,427,80-12-039587,Null,,
427,428,80-12-039587,Null,,
428,429,80-11-091082,Null,,
429,430,80-12-083114,Null,,
430,431,80-12-083734,Null,,
431,432,80-12-097203,Null,,
432,433,80-12-099405,Null,,
433,434,80-12-101924,Null,,
434,435,80-13-022678,Null,,
435,436,80-13-023228,Null,,
436,437,80-13-025530,Null,,
437,438,80-11-076924,White,M,37.0
438,439,80-11-076924,White,M,37.0
439,440,80-11-101248,White,M,43.0
440,441,80-10-097007,Black,M,38.0
441,442,80-11-097257,Black,M,58.0
442,443,80-11-103111,Null,,
443,444,80-11-103111,Null,,
444,445,80-11-103111,Null,,
445,446,80-11-103111,Null,,
446,447,80-11-103547,Null,,
447,448,80-12-009184,Null,,
448,449,80-12-010425,Null,,
449,450,80-12-021577,Null,,
450,451,80-12-026778,Null,,
451,452,80-12-029460,Null,,
452,453,80-12-051860,Null,,
453,454,80-12-069225,Black,M,31.0
454,455,80-11-099694,Black,M,29.0
455,456,80-12-035576,Black,M,34.0
456,457,80-11-043784,White,M,53.0
457,458,80-12-047305,Black,M,29.0
458,459,80-13-045271,White,M,58.0
459,460,80-13-045271,White,M,58.0
460,461,80-13-045271,White,M,58.0
461,462,80-13-045271,White,M,58.0
462,463,80-13-045271,White,M,58.0
463,464,80-13-045271,White,M,58.0
464,465,80-13-045271,White,M,58.0
465,466,80-13-045271,White,M,58.0
466,467,80-13-045271,White,M,58.0
467,468,80-13-039034,Null,,
468,469,80-13-045271,White,M,58.0
469,470,80-13-045271,White,M,58.0
470,471,80-13-045271,White,M,58.0
471,472,80-13-045271,White,M,58.0
472,473,80-13-045271,White,M,58.0
473,474,80-13-045271,White,M,58.0
474,475,80-13-045271,White,M,58.0
475,476,80-13-045271,White,M,58.0
476,477,80-13-045271,White,M,58.0
477,478,80-13-045271,White,M,58.0
478,479,80-13-045271,White,M,58.0
479,480,80-13-045271,White,M,58.0
480,481,80-13-045271,White,M,58.0
481,482,80-13-045271,White,M,58.0
482,483,80-13-045271,White,M,58.0
483,484,80-11-085669,Black,M,30.0
484,485,80-12-000915,Black,M,72.0
485,486,80-11-098860,Black,M,29.0
486,487,80-13-012301,Black,M,18.0
487,488,80-13-035305,Black,M,33.0
488,489,80-13-035305,Black,M,33.0
489,490,80-13-035305,Black,M,33.0
490,491,80-13-035305,Black,M,33.0
491,492,80-13-035305,Black,M,33.0
492,493,80-13-035305,Black,M,33.0
493,494,80-13-032705,White,M,28.0
494,495,80-13-032705,White,M,28.0
495,496,80-12-001399,White,M,21.0
496,497,80-12-008780,White,M,49.0
497,498,80-13-045370,Black,M,29.0
498,499,80-12-036805,White,M,28.0
499,500,80-12-036805,White,M,28.0
500,501,80-12-036805,White,M,28.0
501,502,80-12-036805,White,M,28.0
502,503,80-12-014823,White,M,27.0
503,504,80-12-010720,Black,M,34.0
504,505,80-13-038809,Null,,
505,506,80-13-053491,Null,,
506,507,80-13-053093,Null,,
507,508,80-12-088401,Null,,
508,509,80-11-043784,White,M,53.0
509,510,80-12-075519,Null,,
510,511,80-11-047065,White,M,70.0
511,512,80-12-090502,Null,,
512,513,80-11-047065,White,M,70.0
513,514,80-13-012132,Null,,
514,515,80-11-047065,White,M,70.0
515,516,80-11-014512,Black,M,21.0
516,517,80-11-022542,Black,M,22.0
517,518,80-11-033862,Black,M,22.0
518,519,80-11-046920,Black,M,41.0
519,520,80-10-093555,Black,M,58.0
520,521,80-11-054112,Black,M,36.0
521,522,80-10-098157,White,M,23.0
522,523,80-11-010736,White,M,28.0
523,524,80-11-010736,White,M,28.0
524,525,80-10-083785,Black,F,48.0
525,526,80-10-083785,Black,F,48.0
526,527,80-11-014240,White,M,22.0
527,528,80-11-014240,White,M,22.0
528,529,80-11-029859,Black,M,17.0
529,530,80-11-014513,Black,M,22.0
530,531,80-11-050689,Black,M,21.0
531,532,80-11-073392,Black,M,18.0
532,533,80-11-058966,White,M,25.0
533,534,80-11-058966,White,M,25.0
534,535,80-11-058966,White,M,25.0
535,536,80-11-058966,White,M,25.0
536,537,80-11-046768,Black,M,21.0
537,538,80-11-004906,Black,M,41.0
538,539,80-11-010764,White,M,24.0
539,540,80-10-080743,Black,M,32.0
540,541,80-11-012223,Black,M,30.0
541,542,80-11-012223,Black,M,30.0
542,543,80-11-012223,Black,M,30.0
543,544,80-11-012223,Black,M,30.0
544,545,80-11-012223,Black,M,30.0
545,546,80-11-012223,Black,M,30.0
546,547,80-11-012223,Black,M,30.0
547,548,80-11-012223,Black,M,30.0
548,549,80-11-012223,Black,M,30.0
549,550,80-10-076964,Black,M,24.0
550,551,80-11-049395,Black,M,45.0
551,552,80-10-080128,White,M,23.0
552,553,80-10-099107,Black,M,19.0
553,554,80-10-099107,Black,M,19.0
554,555,80-11-000205,Black,M,17.0
555,556,80-11-014004,White,M,26.0
556,557,80-11-014004,White,M,26.0
557,558,80-11-005586,Black,M,15.0
558,559,80-11-061824,White,M,37.0
559,560,80-12-047728,Null,,
560,561,80-13-012250,White,M,23.0
561,562,80-12-061162,Null,,
562,563,80-12-059435,Null,,
563,564,80-11-091082,Null,,
564,565,80-13-008383,Black,M,24.0
565,566,80-12-063493,Null,,
566,567,80-13-008383,Black,M,24.0
567,568,80-12-063493,Null,,
568,569,80-12-040577,White,M,27.0
569,570,80-12-063493,Null,,
570,571,80-13-074834,Black,M,34.0
571,572,80-13-074834,Black,M,34.0
572,573,80-13-074834,Black,M,34.0
573,574,80-13-074834,Black,M,34.0
574,575,80-13-016625,Black,M,43.0
575,576,80-12-055038,White,F,38.0
576,577,80-12-084884,Black,M,23.0
577,578,80-13-042850,White,M,25.0
578,579,80-12-057145,White,M,37.0
579,580,80-12-057145,White,M,37.0
580,581,80-12-070832,White,M,50.0
581,582,80-13-055802,Black,M,22.0
582,583,80-11-087745,Black,F,34.0
583,584,80-13-017767,Black,M,39.0
584,585,80-13-074093,White,M,44.0
585,586,80-12-022611,Black,M,22.0
586,587,80-13-063638,Black,M,35.0
587,588,80-12-081096,White,M,58.0
588,589,80-12-081096,White,M,58.0
589,590,80-12-069465,Black,M,27.0
590,591,80-12-055090,Black,M,24.0
591,592,80-12-067469,White,M,56.0
592,593,80-12-067469,White,M,56.0
593,594,80-12-067469,White,M,56.0
594,595,80-11-006729,White,M,53.0
595,596,80-12-045969,Black,M,28.0
596,597,80-13-012680,Black,M,26.0
597,598,80-12-099436,Black,M,20.0
598,599,80-12-052363,Black,M,20.0
599,600,80-13-041223,Null,,
600,601,80-12-052363,Black,M,20.0
601,602,80-12-052363,Black,M,20.0
602,603,80-12-100573,White,M,57.0
603,604,80-12-048977,Black,M,19.0
604,605,80-12-048977,Black,M,19.0
605,606,80-13-001632,Black,M,47.0
606,607,80-12-000046,Black,M,49.0
607,608,80-13-009939,Black,M,24.0
608,609,80-12-038189,Black,M,32.0
609,610,80-11-010434,White,M,27.0
610,611,80-11-010434,White,M,27.0
611,612,80-13-062101,White,M,32.0
612,613,80-12-052719,Black,M,23.0
613,614,80-12-047678,Black,M,24.0
614,615,80-12-087512,Black,M,33.0
615,616,80-12-025849,Black,M,30.0
616,617,80-12-094577,White,M,37.0
617,618,80-11-024996,White,M,47.0
618,619,80-12-063493,Null,,
619,620,80-11-024996,White,M,47.0
620,621,80-13-041641,Null,,
621,622,80-12-068393,Null,,
622,623,80-13-047660,Null,,
623,624,80-12-068393,Null,,
624,625,80-13-047660,Null,,
625,626,80-12-096170,Null,,
626,627,80-12-101101,Null,,
627,628,80-12-103221,Null,,
628,629,80-12-103221,Null,,
629,630,80-13-000013,Null,,
630,631,80-13-002442,Null,,
631,632,80-13-002442,Null,,
632,633,80-13-023065,Null,,
633,634,80-13-036100,Null,,
634,635,80-13-035844,Null,,
635,636,80-12-081184,Null,,
636,637,80-12-085064,Null,,
637,638,80-13-001907,Null,,
638,639,80-13-001907,Null,,
639,640,80-13-001907,Null,,
640,641,80-13-038809,Null,,
641,642,80-13-052701,Null,,
642,643,80-13-053093,Null,,
643,644,80-13-053150,Null,,
644,645,80-13-038660,Null,,
645,646,80-13-053491,Null,,
646,647,80-13-057017,Null,,
647,648,80-13-061482,Null,,
648,649,80-13-047072,Null,,
649,650,80-13-080028,Null,,
650,651,80-13-081306,Null,,
651,652,80-13-085813,Null,,
652,653,80-13-085813,Null,,
653,654,80-13-089022,Null,,
654,655,80-13-089022,Null,,
655,656,80-13-089789,Null,,
656,657,80-13-087911,Null,,
657,658,80-11-105245,Black,M,55.0
658,659,80-12-073943,Hispanic,M,28.0
659,660,80-11-029145,White,M,60.0
660,661,80-13-064246,Black,M,24.0
661,662,80-12-083489,Black,M,21.0
662,663,80-12-038189,Black,M,32.0
663,664,80-12-096781,Hispanic,M,53.0
664,665,80-12-096781,Hispanic,M,53.0
665,666,80-13-047281,Black,M,19.0
666,667,80-11-014008,White,M,53.0
667,668,80-13-047660,Null,,
668,669,80-13-055503,Null,,
669,670,80-13-057360,Null,,
670,671,80-13-058288,Null,,
671,672,80-13-057764,Null,,
672,673,80-11-014008,White,M,53.0
673,674,80-12-059267,White,M,21.0
674,675,80-11-041586,White,M,45.0
675,676,80-13-027368,White,M,34.0
676,677,80-11-056936,White,M,40.0
677,678,80-12-002816,Black,M,25.0
678,679,80-12-002816,Black,M,25.0
679,680,80-13-029324,Black,M,27.0
680,681,80-12-003627,Black,M,31.0
681,682,80-13-045271,White,M,58.0
682,683,80-13-045271,White,M,58.0
683,684,80-13-045271,White,M,58.0
684,685,80-13-045271,White,M,58.0
685,686,80-13-045271,White,M,58.0
686,687,80-13-045271,White,M,58.0
687,688,80-13-045271,White,M,58.0
688,689,80-13-045271,White,M,58.0
689,690,80-13-012927,Black,M,31.0
690,691,80-12-000915,Black,M,72.0
691,692,80-12-000915,Black,M,72.0
692,693,80-12-038651,Black,M,21.0
693,694,80-13-010088,Black,M,18.0
694,695,80-13-054818,White,M,47.0
695,696,80-13-053560,Black,M,47.0
696,697,80-11-003001,Black,M,36.0
697,698,80-12-066034,Black,M,28.0
698,699,80-12-066034,Black,M,28.0
699,700,80-13-016349,White,M,33.0
700,701,80-12-043520,White,M,50.0
701,702,80-12-061286,Black,M,36.0
702,703,80-12-095042,Black,M,33.0
703,704,80-13-078242,Black,M,42.0
704,705,80-13-061320,Black,M,30.0
705,706,80-13-066505,Black,M,20.0
706,707,80-12-096700,White,M,31.0
707,708,80-10-100083,Black,M,21.0
708,709,80-11-016157,Black,M,18.0
709,710,80-11-016157,Black,M,18.0
710,711,80-10-060198,Black,M,36.0
711,712,80-10-067049,Null,,
712,713,80-11-040510,Black,M,24.0
713,714,80-10-066951,Black,M,24.0
714,715,80-10-081076,White,M,49.0
715,716,80-10-081076,White,M,49.0
716,717,80-10-083574,White,M,51.0
717,718,80-10-097211,White,M,22.0
718,719,80-10-087199,White,F,
719,720,80-10-091196,Black,M,18.0
720,721,80-10-092967,Black,M,
721,722,80-10-092967,Black,M,
722,723,80-10-095293,Black,M,25.0
723,724,80-10-095293,Black,M,25.0
724,725,80-10-095293,Black,M,25.0
725,726,80-10-095293,Black,M,25.0
726,727,80-10-101349,White,M,18.0
727,728,80-10-101349,White,M,18.0
728,729,80-11-005506,White,M,45.0
729,730,80-11-010300,Black,M,
730,731,80-11-010300,Black,M,
731,732,80-11-010300,Black,M,
732,733,80-11-010300,Black,M,
733,734,80-11-011198,White,M,54.0
734,735,80-11-051492,White,M,49.0
735,736,80-11-024957,Hispanic,M,
736,737,80-11-024957,Hispanic,M,
737,738,80-11-024957,Hispanic,M,
738,739,80-11-029936,White,M,
739,740,80-11-029936,White,M,
740,741,80-11-044577,Black,M,20.0
741,742,80-11-047613,Black,M,27.0
742,743,80-11-048053,Unknown,U,
743,744,80-11-052777,Black,M,25.0
744,745,80-11-017695,Black,M,30.0
745,746,80-11-065714,Black,M,
746,747,80-11-054485,White,M,52.0
747,748,80-11-054485,White,M,52.0
748,749,80-11-018778,White,M,35.0
749,750,80-11-003713,Black,M,20.0
750,751,80-12-008762,White,M,34.0
751,752,80-12-008762,White,M,34.0
752,753,80-12-080394,Black,M,27.0
753,754,80-12-096700,White,M,31.0
754,755,80-12-096700,White,M,31.0
755,756,80-13-030453,Black,M,29.0
756,757,80-12-018351,Black,M,20.0
757,758,80-12-018351,Black,M,20.0
758,759,80-12-018351,Black,M,20.0
759,760,80-12-068623,Black,M,22.0
760,761,80-12-079183,Black,F,27.0
761,762,80-13-042790,Black,F,60.0
762,763,80-13-013271,Black,M,25.0
763,764,80-13-013271,Black,M,25.0
764,765,80-12-029358,Black,M,48.0
765,766,80-13-029612,Black,M,18.0
766,767,80-11-038501,White,M,40.0
767,768,80-12-000032,Black,M,32.0
768,769,80-11-004699,Black,M,30.0
769,770,80-13-007844,Black,M,45.0
770,771,80-13-000005,Black,M,26.0
771,772,80-11-003683,Black,M,37.0
772,773,80-12-059093,Black,M,35.0
773,774,80-12-059093,Black,M,35.0
774,775,80-13-033236,White,M,55.0
775,776,80-11-081193,White,M,41.0
776,777,80-13-069422,Asian,M,63.0
777,778,80-12-066931,Black,M,55.0
778,779,80-13-069123,White,M,50.0
779,780,80-12-066587,Black,M,75.0
780,781,80-12-045843,Black,M,19.0
781,782,80-11-009159,White,F,23.0
782,783,80-11-009159,White,F,23.0
783,784,80-11-009159,White,F,23.0
784,785,80-11-009159,White,F,23.0
785,786,80-11-009159,White,F,23.0
786,787,80-11-009159,White,F,23.0
787,788,80-11-009159,White,F,23.0
788,789,80-11-009159,White,F,23.0
789,790,80-11-009159,White,F,23.0
790,791,80-13-067052,Black,M,23.0
791,792,80-11-085882,Hispanic,M,22.0
792,793,80-13-066796,White,M,30.0
793,794,80-13-058347,Black,M,19.0
794,795,80-13-071136,White,M,51.0
795,796,80-13-071136,White,M,51.0
796,797,80-13-088210,White,M,39.0
797,798,80-13-088210,White,M,39.0
798,799,80-13-088210,White,M,39.0
799,800,80-13-088210,White,M,39.0
800,801,80-12-078908,White,M,32.0
801,802,80-13-058565,White,M,33.0
802,803,80-13-081413,White,M,22.0
803,804,80-13-059714,White,M,15.0
804,805,80-13-051041,White,M,67.0
805,806,80-13-081413,White,M,22.0
806,807,80-13-081413,White,M,22.0
807,808,80-13-081413,White,M,22.0
808,809,80-13-081413,White,M,22.0
809,810,80-13-081413,White,M,22.0
810,811,80-10-099123,Black,M,38.0
811,812,80-10-099123,Black,M,38.0
812,813,80-10-099123,Black,M,38.0
813,814,80-10-099123,Black,M,38.0
814,815,80-10-099123,Black,M,38.0
815,816,80-12-087156,White,F,47.0
816,817,80-13-039014,Black,M,26.0
817,818,80-13-039014,Black,M,26.0
818,819,80-12-081096,White,M,58.0
819,820,80-12-028106,White,M,33.0
820,821,80-11-100586,Black,M,25.0
821,822,80-11-076434,Black,M,28.0
822,823,80-13-012680,Black,M,26.0
823,824,80-11-081433,Black,M,29.0
824,825,80-12-052363,Black,M,20.0
825,826,80-12-052363,Black,M,20.0
826,827,80-12-052363,Black,M,20.0
827,828,80-12-052363,Black,M,20.0
828,829,80-12-052363,Black,M,20.0
829,830,80-13-005139,Black,M,38.0
830,831,80-13-008021,Black,F,24.0
831,832,80-13-005139,Black,M,38.0
832,833,80-13-056290,Black,M,25.0
833,834,80-13-075090,White,M,37.0
834,835,80-12-031067,White,M,23.0
835,836,80-11-086374,Black,M,21.0
836,837,80-12-071357,White,F,28.0
837,838,80-12-071357,White,F,28.0
838,839,80-11-002557,Black,F,23.0
839,840,80-12-001828,White,M,16.0
840,841,80-11-004472,White,M,18.0
841,842,80-11-087403,Black,M,25.0
842,843,80-11-092788,Black,F,27.0
843,844,80-12-079465,Black,M,52.0
844,845,80-12-025384,White,M,22.0
845,846,80-13-062156,Black,M,20.0
846,847,80-13-077375,White,M,28.0
847,848,80-12-025384,White,M,22.0
848,849,80-13-043273,White,M,54.0
849,850,80-11-087246,White,M,42.0
850,851,80-13-077103,Black,M,22.0
851,852,80-13-024848,White,M,21.0
852,853,80-08-091695,White,M,15.0
853,854,80-11-006459,White,M,36.0
854,855,80-08-091695,White,M,15.0
855,856,80-13-052721,White,M,37.0
856,857,80-08-091695,White,M,15.0
857,858,80-11-006459,White,M,36.0
858,859,80-13-002382,White,M,19.0
859,860,80-11-009159,White,F,23.0
860,861,80-12-097586,Black,M,23.0
861,862,80-12-033703,Black,M,18.0
862,863,80-11-004906,Black,M,41.0
863,864,80-12-057698,Hispanic,M,17.0
864,865,80-12-102548,Black,M,22.0
865,866,80-12-102548,Black,M,22.0
866,867,80-12-050646,White,M,18.0
867,868,80-11-002888,Black,F,26.0
868,869,80-12-083149,Black,M,41.0
869,870,80-12-017140,Black,M,17.0
870,871,80-12-017140,Black,M,17.0
871,872,80-13-079026,Black,M,34.0
872,873,80-13-010519,Black,M,17.0
873,874,80-13-030063,Black,M,21.0
874,875,80-13-030063,Black,M,21.0
875,876,80-12-034745,White,M,40.0
876,877,80-12-064258,Black,M,28.0
877,878,80-12-095235,White,M,37.0
878,879,80-13-023402,Black,F,33.0
879,880,80-12-063947,White,F,19.0
880,881,80-12-052363,Black,M,20.0
881,882,80-12-051531,White,F,25.0
882,883,80-12-037436,Black,M,27.0
883,884,80-11-097259,White,M,26.0
884,885,80-12-072145,Black,M,25.0
885,886,80-13-053780,Black,M,29.0
886,887,80-13-053780,Black,M,29.0
887,888,80-12-018889,White,M,30.0
888,889,80-13-064247,Black,M,28.0
889,890,80-11-005586,Black,M,15.0
890,891,80-12-052094,Black,M,16.0
891,892,80-12-052094,Black,M,16.0
892,893,80-12-055129,Black,M,21.0
893,894,80-13-049513,Black,M,18.0
894,895,80-12-028217,Black,M,18.0
895,896,80-12-046062,White,M,48.0
896,897,80-12-046062,White,M,48.0
897,898,80-12-032279,Black,M,25.0
898,899,80-12-032279,Black,M,25.0
899,900,80-12-081184,White,M,25.0
900,901,80-12-031903,White,M,20.0
901,902,80-12-031903,White,M,20.0
902,903,80-12-031903,White,M,20.0
903,904,80-12-094363,Black,M,33.0
904,905,80-13-026055,Null,,
905,906,80-12-080330,Black,M,27.0
906,907,80-12-083890,Black,M,22.0
907,908,80-12-078908,White,M,32.0
908,909,80-12-078908,White,M,32.0
909,910,80-12-040387,Black,M,42.0
910,911,80-13-058533,Black,M,31.0
911,912,80-11-096347,Black,M,17.0
912,913,80-11-009159,White,F,23.0
913,914,80-12-040024,White,M,33.0
914,915,80-12-040387,Black,M,42.0
915,916,80-12-063947,White,F,19.0
916,917,80-11-009159,White,F,23.0
917,918,80-12-044709,White,M,53.0
918,919,80-12-052363,Black,M,20.0
919,920,80-11-096994,Black,M,27.0
920,921,80-12-066570,White,M,49.0
921,922,80-13-032458,Black,M,19.0
922,923,80-13-029298,White,M,37.0
923,924,80-12-052363,Black,M,20.0
924,925,80-11-089985,Black,M,19.0
925,926,80-11-100602,White,M,44.0
926,927,80-12-018525,White,M,54.0
927,928,80-12-074428,White,M,58.0
928,929,80-12-007903,White,M,18.0
929,930,80-12-006029,White,M,48.0
930,931,80-12-052363,Black,M,20.0
931,932,80-11-078342,Black,M,21.0
932,933,80-12-081184,Unknown,U,
933,934,80-12-031903,White,M,20.0
934,935,80-11-100602,White,M,44.0
935,936,80-12-098186,Black,M,34.0
936,937,80-12-018361,Hispanic,M,55.0
937,938,80-11-078342,Black,M,21.0
938,939,80-12-102887,White,M,61.0
939,940,80-12-031903,White,M,20.0
940,941,80-11-078342,Black,M,21.0
941,942,80-13-099453,Null,,
942,943,80-12-008669,White,M,47.0
943,944,80-13-025943,White,M,33.0
944,945,80-12-031903,White,M,20.0
945,946,80-12-040953,Black,M,32.0
946,947,80-14-001775,Null,,
947,948,80-12-098679,White,M,28.0
948,949,80-13-011903,Black,M,19.0
949,950,80-12-080722,Black,M,33.0
950,951,80-12-040953,Black,M,32.0
951,952,80-14-001512,Null,,
952,953,80-12-058746,White,M,30.0
953,954,80-12-058746,White,M,30.0
954,955,80-12-099787,Black,M,23.0
955,956,80-12-099787,Black,M,23.0
956,957,80-13-062388,White,F,49.0
957,958,80-12-091339,White,M,57.0
958,959,80-11-084301,Black,M,37.0
959,960,80-11-068326,White,M,18.0
960,961,80-11-068068,White,M,
961,962,80-12-018042,Black,M,17.0
962,963,80-12-000664,White,M,44.0
963,964,80-13-038704,Black,M,29.0
964,965,80-13-038704,Black,M,29.0
965,966,80-10-074585,Black,M,35.0
966,967,80-11-103276,Black,M,21.0
967,968,80-13-005043,Black,M,16.0
968,969,80-13-067435,White,M,36.0
969,970,80-12-000397,Black,M,27.0
970,971,80-12-000397,Black,M,27.0
971,972,80-12-037721,White,M,50.0
972,973,80-12-063457,Black,M,22.0
973,974,80-12-001556,White,M,20.0
974,975,80-12-001556,White,M,20.0
975,976,80-13-013256,Black,M,53.0
976,977,80-13-032705,White,M,54.0
977,978,80-13-070077,White,M,26.0
978,979,80-13-032705,White,M,54.0
979,980,80-13-068224,Black,M,21.0
980,981,80-13-004233,Black,M,28.0
981,982,80-12-089444,Black,M,52.0
982,983,80-11-087530,White,M,27.0
983,984,80-12-098293,White,M,34.0
984,985,80-13-009880,Black,M,24.0
985,986,80-13-036617,Hispanic,M,34.0
986,987,80-12-085744,White,M,21.0
987,988,80-13-020189,Black,M,
988,989,80-13-020189,Black,M,
989,990,80-13-084178,White,M,42.0
990,991,80-12-009571,Black,M,57.0
991,992,80-12-009571,Black,M,57.0
992,993,80-12-036747,White,M,51.0
993,994,80-13-005721,Black,F,27.0
994,995,80-13-051041,White,M,67.0
995,996,80-14-021147,Null,,
996,997,80-13-021431,Black,M,19.0
997,998,80-14-021142,Null,,
998,999,80-12-033703,Black,M,18.0
999,1000,80-14-017021,Null,,
1000,1001,80-12-012701,White,M,41.0
1001,1002,80-13-021431,Black,M,19.0
1002,1003,80-13-061635,White,M,33.0
1003,1004,80-12-054753,White,M,57.0
1004,1005,80-14-021142,Null,,
1005,1006,80-14-032784,Null,,
1006,1007,80-12-017638,Black,M,22.0
1007,1008,80-12-014806,Black,M,44.0
1008,1009,80-13-021431,Black,M,19.0
1009,1010,80-13-031054,White,M,22.0
1010,1011,80-14-021142,Null,,
1011,1012,80-14-032784,Null,,
1012,1013,80-13-001127,Black,M,59.0
1013,1014,80-13-031054,White,M,22.0
1014,1015,80-14-035121,Null,,
1015,1016,80-14-021142,Null,,
1016,1017,80-12-017223,Black,M,38.0
1017,1018,80-12-096801,Black,M,25.0
1018,1019,80-13-052721,White,M,37.0
1019,1020,80-14-044667,Null,,
1020,1021,80-14-015090,Null,,
1021,1022,80-12-061973,White,M,21.0
1022,1023,80-12-029459,White,F,38.0
1023,1024,80-13-052721,White,M,37.0
1024,1025,80-14-044667,Null,,
1025,1026,80-14-023262,Null,,
1026,1027,80-11-081620,Black,M,16.0
1027,1028,80-12-066608,Black,F,32.0
1028,1029,80-12-066608,Black,F,32.0
1029,1030,80-12-016804,White,M,11.0
1030,1031,80-12-016804,White,M,11.0
1031,1032,80-12-046841,Black,M,61.0
1032,1033,80-12-046841,Black,M,61.0
1033,1034,80-13-009622,White,M,19.0
1034,1035,80-12-057221,Black,M,25.0
1035,1036,80-12-057221,Black,M,25.0
1036,1037,80-13-034721,Black,M,34.0
1037,1038,80-11-101205,Black,M,34.0
1038,1039,80-11-101205,Black,M,34.0
1039,1040,80-13-045472,Black,M,29.0
1040,1041,80-11-080823,White,M,18.0
1041,1042,80-11-083829,White,F,22.0
1042,1043,80-12-074428,White,M,58.0
1043,1044,80-12-098293,White,M,34.0
1044,1045,80-11-083829,White,F,22.0
1045,1046,80-12-075071,Black,M,13.0
1046,1047,80-12-081184,Unknown,U,
1047,1048,80-12-081184,Unknown,U,
1048,1049,80-12-081891,White,F,
1049,1050,80-11-097332,Black,M,22.0
1050,1051,80-12-084490,White,M,52.0
1051,1052,80-11-088412,Black,M,35.0
1052,1053,80-11-090840,White,M,33.0
1053,1054,80-11-100599,Black,F,34.0
1054,1055,80-13-000972,Hispanic,M,21.0
1055,1056,80-13-000972,Hispanic,M,21.0
1056,1057,80-13-000972,Hispanic,M,21.0
1057,1058,80-13-000972,Hispanic,M,21.0
1058,1059,80-13-000972,Hispanic,M,21.0
1059,1060,80-13-000972,Hispanic,M,21.0
1060,1061,80-13-045211,Black,M,39.0
1061,1062,80-12-005653,Black,M,30.0
1062,1063,80-13-017997,White,M,36.0
1063,1064,80-12-008669,White,M,47.0
1064,1065,80-11-079649,Black,M,16.0
1065,1066,80-12-097188,Asian,M,39.0
1066,1067,80-14-003340,Null,,
1067,1068,80-13-050027,Null,,
1068,1069,80-13-051164,Null,,
1069,1070,80-12-081184,White,M,25.0
1070,1071,80-12-005021,White,M,43.0
1071,1072,80-14-008020,Null,,
1072,1073,80-13-078884,Null,,
1073,1074,80-13-033105,Black,M,19.0
1074,1075,80-12-005021,White,M,43.0
1075,1076,80-14-010545,Null,,
1076,1077,80-13-082131,Null,,
1077,1078,80-12-053195,Black,M,21.0
1078,1079,80-12-020740,White,M,42.0
1079,1080,80-14-067464,Null,,
1080,1081,80-13-083202,Null,,
1081,1082,80-11-098537,Black,M,25.0
1082,1083,80-12-016269,Black,F,35.0
1083,1084,80-14-067464,Null,,
1084,1085,80-14-067464,Null,,
1085,1086,80-14-047451,Null,,
1086,1087,80-14-047743,Null,,
1087,1088,80-14-047743,Null,,
1088,1089,80-14-053487,Null,,
1089,1090,80-14-054607,Null,,
1090,1091,80-14-054607,Null,,
1091,1092,80-14-058782,Null,,
1092,1093,80-14-058782,Null,,
1093,1094,80-14-058782,Null,,
1094,1095,80-14-058782,Null,,
1095,1096,80-14-058782,Null,,
1096,1097,80-14-058782,Null,,
1097,1098,80-12-102887,White,M,61.0
1098,1099,80-12-069239,Black,M,29.0
1099,1100,80-12-069239,Black,M,29.0
1100,1101,80-12-069239,Black,M,29.0
1101,1102,80-12-069239,Black,M,29.0
1102,1103,80-13-062743,Black,M,33.0
1103,1104,80-13-068267,Null,,
1104,1105,80-13-089933,Null,,
1105,1106,80-14-016152,Null,,
1106,1107,80-14-016152,Null,,
1107,1108,80-12-101214,Black,M,52.0
1108,1109,80-12-075988,Black,M,22.0
1109,1110,80-13-024482,Black,M,23.0
1110,1111,80-11-100808,White,M,20.0
1111,1112,80-13-090404,White,M,28.0
1112,1113,80-13-012802,White,M,32.0
1113,1114,80-12-008569,Black,M,18.0
1114,1115,80-13-085813,Null,,
1115,1116,80-13-036527,Black,M,44.0
1116,1117,80-11-084277,White,M,43.0
1117,1118,80-13-085813,Null,,
1118,1119,80-12-084556,Black,M,27.0
1119,1120,80-11-084277,White,M,43.0
1120,1121,80-13-087911,Null,,
1121,1122,80-13-089790,Null,,
1122,1123,80-13-084655,Null,,
1123,1124,80-14-003686,Null,,
1124,1125,80-12-017081,Black,M,
1125,1126,80-12-017223,Black,M,38.0
1126,1127,80-12-036226,Black,M,52.0
1127,1128,80-13-004132,White,M,65.0
1128,1129,80-12-036747,White,M,51.0
1129,1130,80-13-051041,White,M,67.0
1130,1131,80-12-024418,Black,M,18.0
1131,1132,80-13-069157,Black,M,
1132,1133,80-13-069157,Black,M,
1133,1134,80-13-072150,Unknown,U,
1134,1135,80-13-072150,Unknown,U,
1135,1136,80-13-085030,Black,M,17.0
1136,1137,80-12-018361,Hispanic,M,55.0
1137,1138,80-12-018361,Hispanic,M,55.0
1138,1139,80-13-051041,White,M,67.0
1139,1140,80-14-058425,Null,,
1140,1141,80-14-084334,Null,,
1141,1142,80-14-084334,Null,,
1142,1143,80-14-092374,Null,,
1143,1144,80-14-096593,Null,,
1144,1145,80-14-015676,Null,,
1145,1146,80-15-011099,Null,,
1146,1147,80-15-014235,Null,,
1147,1148,80-15-014510,Null,,
1148,1149,80-15-010278,Null,,
1149,1150,80-15-010311,Null,,
1150,1151,80-15-021207,Null,,
1151,1152,80-15-036647,Null,,
1152,1153,80-12-038429,White,M,30.0
1153,1154,80-13-024466,White,M,40.0
1154,1155,80-13-024466,White,M,40.0
1155,1156,80-12-046841,Black,M,61.0
1156,1157,80-11-009239,White,M,27.0
1157,1158,80-11-084277,White,M,43.0
1158,1159,80-13-027361,White,M,21.0
1159,1160,80-14-005960,Black,M,15.0
1160,1161,80-11-102162,Black,M,32.0
1161,1162,80-14-005960,Black,M,15.0
1162,1163,80-12-036182,White,M,31.0
1163,1164,80-14-005960,Black,M,15.0
1164,1165,80-11-105867,Black,M,19.0
1165,1166,80-12-055074,White,F,30.0
1166,1167,80-12-081968,Black,M,14.0
1167,1168,80-12-055074,White,F,30.0
1168,1169,80-12-083737,White,F,51.0
1169,1170,80-12-055074,White,F,30.0
1170,1171,80-12-002572,Black,M,41.0
1171,1172,80-13-036460,Black,M,26.0
1172,1173,80-12-063687,Black,M,19.0
1173,1174,80-12-052974,White,M,21.0
1174,1175,80-13-001120,Black,M,19.0
1175,1176,80-11-100968,Black,M,38.0
1176,1177,80-13-007397,White,F,19.0
1177,1178,80-11-077000,White,M,22.0
1178,1179,80-12-003956,White,M,21.0
1179,1180,80-12-045536,White,M,23.0
1180,1181,80-13-029298,White,M,37.0
1181,1182,80-11-083829,White,F,22.0
1182,1183,80-11-083829,White,F,22.0
1183,1184,80-11-084637,Unknown,U,
1184,1185,80-11-084637,Unknown,U,
1185,1186,80-13-029298,White,M,37.0
1186,1187,80-13-032591,Black,M,19.0
1187,1188,80-13-062121,Black,F,21.0
1188,1189,80-13-016199,Black,M,15.0
1189,1190,80-13-016199,Black,M,15.0
1190,1191,80-12-052974,White,M,21.0
1191,1192,80-12-052974,White,M,21.0
1192,1193,80-12-052974,White,M,21.0
1193,1194,80-12-022342,Black,M,29.0
1194,1195,80-12-080387,White,M,28.0
1195,1196,80-12-027413,Black,F,35.0
1196,1197,80-11-081146,White,M,50.0
1197,1198,80-12-094667,White,M,41.0
1198,1199,80-12-097917,Black,M,43.0
1199,1200,80-12-040387,Black,M,42.0
1200,1201,80-12-059478,White,M,23.0
1201,1202,80-12-063441,Asian,M,24.0
1202,1203,80-12-071112,White,M,36.0
1203,1204,80-12-079109,Black,F,18.0
1204,1205,80-12-082056,Black,F,31.0
1205,1206,80-12-063040,White,M,28.0
1206,1207,80-13-063150,Black,M,19.0
1207,1208,80-13-026832,Black,M,
1208,1209,80-15-038134,Null,,
1209,1210,80-15-040295,Null,,
1210,1211,80-15-043224,Null,,
1211,1212,80-15-040316,Null,,
1212,1213,80-15-040117,Null,,
1213,1214,80-15-042280,Null,,
1214,1215,80-15-044126,Null,,
1215,1216,80-15-021890,Null,,
1216,1217,80-15-042280,Null,,
1217,1218,80-15-021890,Null,,
1218,1219,80-15-048313,Null,,
1219,1220,80-14-049477,Black,M,21.0
1220,1221,80-15-021890,Null,,
1221,1222,80-15-021888,Null,,
1222,1223,80-15-021888,Null,,
1223,1224,80-15-006127,Null,,
1224,1225,80-15-023224,Null,,
1225,1226,80-15-024371,Null,,
1226,1227,80-15-024371,Null,,
1227,1228,80-15-027299,Null,,
1228,1229,80-15-028413,Null,,
1229,1230,80-14-006214,Null,,
1230,1231,80-14-031450,Null,,
1231,1232,80-14-031450,Null,,
1232,1233,80-14-032360,Null,,
1233,1234,80-14-037191,Null,,
1234,1235,80-14-037191,Null,,
1235,1236,80-14-038808,Null,,
1236,1237,80-14-038808,Null,,
1237,1238,80-14-050183,Null,,
1238,1239,80-14-051352,Null,,
1239,1240,80-14-009671,Null,,
1240,1241,80-14-010974,Null,,
1241,1242,80-14-069406,Null,,
1242,1243,80-14-068169,Null,,
1243,1244,80-14-072392,Null,,
1244,1245,80-14-065244,Null,,
1245,1246,80-15-030505,Null,,
1246,1247,80-15-026806,Null,,
1247,1248,80-15-035354,Null,,
1248,1249,80-15-035713,Null,,
1249,1250,80-15-035713,Null,,
1250,1251,80-15-035713,Null,,
1251,1252,80-15-049731,Null,,
1252,1253,80-15-050580,Null,,
1253,1254,80-15-050580,Null,,
1254,1255,80-15-050996,Null,,
1255,1256,80-15-101963,White,M,58.0
1256,1257,80-15-035046,Black,M,29.0
1257,1258,80-15-034119,Null,,
1258,1259,80-16-022080,Null,,
1259,1260,80-15-101963,White,M,58.0
1260,1261,80-16-031344,Black,M,31.0
1261,1262,80-15-055130,Black,M,22.0
1262,1263,80-16-032018,Null,,
1263,1264,80-15-054776,White,M,57.0
1264,1265,80-16-106594,Black,M,53.0
1265,1266,80-16-106594,Black,M,53.0
1266,1267,80-16-043397,Null,,
1267,1268,80-15-054776,White,M,57.0
1268,1269,80-16-096774,White,M,43.0
1269,1270,80-16-106594,Black,M,53.0
1270,1271,80-16-043397,Null,,
1271,1272,80-15-054776,White,M,57.0
1272,1273,80-14-067830,White,M,25.0
1273,1274,80-16-106594,Black,M,53.0
1274,1275,80-16-055112,Null,,
1275,1276,80-15-054776,White,M,57.0
1276,1277,80-16-049755,Null,,
1277,1278,80-16-106594,Black,M,53.0
1278,1279,80-16-106594,Black,M,53.0
1279,1280,80-15-074463,White,M,25.0
1280,1281,80-16-071837,White,M,47.0
1281,1282,80-16-057317,Black,M,45.0
1282,1283,80-15-066506,White,F,32.0
1283,1284,80-15-066506,White,F,32.0
1284,1285,80-15-066506,White,F,32.0
1285,1286,80-15-066506,White,F,32.0
1286,1287,80-16-070110,White,M,61.0
1287,1288,80-16-070110,White,M,61.0
1288,1289,80-15-069976,White,M,35.0
1289,1290,80-15-069976,White,M,35.0
1290,1291,80-16-099443,White,M,40.0
1291,1292,80-16-022392,Black,M,36.0
1292,1293,80-16-070110,White,M,61.0
1293,1294,80-16-056688,White,M,37.0
1294,1295,80-16-070110,White,M,61.0
1295,1296,80-15-034469,Null,,
1296,1297,80-16-104858,Black,M,28.0
1297,1298,80-15-020184,Black,M,25.0
1298,1299,80-15-025725,Black,M,44.0
1299,1300,80-16-055259,White,M,30.0
1300,1301,80-16-030442,White,M,40.0
1301,1302,80-15-003249,White,M,53.0
1302,1303,80-15-003249,White,M,53.0
1303,1304,80-16-016263,White,M,36.0
1304,1305,80-14-001962,Black,M,28.0
1305,1306,80-16-030442,White,M,40.0
1306,1307,80-15-104795,White,M,38.0
1307,1308,80-13-047039,White,M,24.0
1308,1309,80-13-047039,White,M,24.0
1309,1310,80-15-044377,Black,M,26.0
1310,1311,80-15-006840,Black,M,34.0
1311,1312,80-15-006840,Black,M,34.0
1312,1313,80-16-096774,White,M,43.0
1313,1314,80-15-068568,Black,M,41.0
1314,1315,80-16-105270,Hispanic,F,24.0
1315,1316,80-16-054920,Black,F,32.0
1316,1317,80-12-008762,White,M,37.0
1317,1318,80-12-008762,White,M,37.0
1318,1319,80-16-030540,Black,M,30.0
1319,1320,80-14-077468,White,M,30.0
1320,1321,80-14-077468,White,M,30.0
1321,1322,80-14-077468,White,M,30.0
1322,1323,80-15-101963,White,M,58.0
1323,1324,80-16-050270,White,M,23.0
1324,1325,80-16-090219,Black,M,30.0
1325,1326,80-16-050270,White,M,23.0
1326,1327,80-16-049972,Null,,
1327,1328,80-16-055288,Null,,
1328,1329,80-14-086430,Black,M,34.0
1329,1330,80-15-032582,Black,M,22.0
1330,1331,80-16-060498,Null,,
1331,1332,80-16-057409,Null,,
1332,1333,80-14-069118,Black,M,24.0
1333,1334,80-15-054709,Null,,
1334,1335,80-14-069118,Black,M,24.0
1335,1336,80-14-045134,White,M,59.0
1336,1337,80-15-078740,Black,M,41.0
1337,1338,80-15-043246,Null,,
1338,1339,80-14-069118,Black,M,24.0
1339,1340,80-14-045134,White,M,59.0
1340,1341,80-16-101135,Null,,
1341,1342,80-16-101135,Null,,
1342,1343,80-16-054920,Black,F,30.0
1343,1344,80-14-045134,White,M,59.0
1344,1345,80-15-054501,Black,M,22.0
1345,1346,80-16-111257,Null,,
1346,1347,80-15-043246,Null,,
1347,1348,80-15-095396,Black,F,24.0
1348,1349,80-14-045134,White,M,59.0
1349,1350,80-16-006580,Black,M,25.0
1350,1351,80-16-005239,White,M,39.0
1351,1352,80-15-044247,Null,,
1352,1353,80-15-095396,Black,F,24.0
1353,1354,80-14-045134,White,M,59.0
1354,1355,80-16-104190,Black,M,26.0
1355,1356,80-14-010909,White,M,40.0
1356,1357,80-16-043828,White,M,36.0
1357,1358,80-14-009331,Black,M,35.0
1358,1359,80-16-103832,Black,F,27.0
1359,1360,80-16-103832,Black,F,27.0
1360,1361,80-16-080272,White,M,31.0
1361,1362,80-16-080272,White,M,31.0
1362,1363,80-15-031823,White,M,33.0
1363,1364,80-16-103228,White,M,35.0
1364,1365,80-14-014888,White,M,40.0
1365,1366,80-15-086508,Black,M,23.0
1366,1367,80-15-086508,Black,M,23.0
1367,1368,80-16-060498,Null,,
1368,1369,80-16-058052,Null,,
1369,1370,80-16-073678,Null,,
1370,1371,80-16-008391,Black,F,54.0
1371,1372,80-16-068279,Black,M,44.0
1372,1373,80-16-022197,White,M,31.0
1373,1374,80-15-068970,Black,M,29.0
1374,1375,80-13-048130,Black,M,77.0
1375,1376,80-16-030442,White,M,40.0
1376,1377,80-16-030442,White,M,40.0
1377,1378,80-06-108219,White,M,38.0
1378,1379,80-15-104185,Black,M,33.0
1379,1380,80-16-032790,White,M,26.0
1380,1381,80-16-032790,White,M,26.0
1381,1382,80-14-045134,White,M,59.0
1382,1383,80-14-045134,White,M,59.0
1383,1384,80-14-045134,White,M,59.0
1384,1385,80-14-045134,White,M,59.0
1385,1386,80-16-023338,White,M,46.0
1386,1387,80-15-060613,White,M,45.0
1387,1388,80-16-066721,White,M,24.0
1388,1389,80-14-055256,Black,M,29.0
1389,1390,80-14-009428,White,M,20.0
1390,1391,80-16-082004,Black,M,26.0
1391,1392,80-16-082004,Black,M,26.0
1392,1393,80-16-028572,Black,M,34.0
1393,1394,80-15-022456,White,M,29.0
1394,1395,80-15-057961,Black,M,33.0
1395,1396,80-16-058830,Black,M,35.0
1396,1397,80-16-058830,Black,M,35.0
1397,1398,80-14-087410,Black,M,37.0
1398,1399,80-14-045134,White,M,59.0
1399,1400,80-14-045134,White,M,59.0
1400,1401,80-16-110075,Black,M,61.0
1401,1402,80-16-062840,Null,,
1402,1403,80-16-054920,Black,F,32.0
1403,1404,80-14-045134,White,M,59.0
1404,1405,80-16-068750,Null,,
1405,1406,80-16-028572,Black,M,34.0
1406,1407,80-16-108680,Black,M,31.0
1407,1408,80-16-033308,Null,,
1408,1409,80-15-085557,White,F,25.0
1409,1410,80-16-006610,Black,M,27.0
1410,1411,80-16-025557,Black,M,26.0
1411,1412,80-16-043205,Null,,
1412,1413,80-15-044247,Null,,
1413,1414,80-14-049429,Black,M,49.0
1414,1415,80-11-020280,Black,M,31.0
1415,1416,80-15-085557,White,F,25.0
1416,1417,80-14-077468,White,M,30.0
1417,1418,80-14-077468,White,M,30.0
1418,1419,80-13-087067,Black,M,39.0
1419,1420,80-15-043872,Black,M,35.0
1420,1421,80-15-043872,Black,M,35.0
1421,1422,80-16-022392,Black,M,36.0
1422,1423,80-16-022392,Black,M,36.0
1423,1424,80-15-052068,Black,F,22.0
1424,1425,80-16-003471,Black,M,29.0
1425,1426,80-14-007688,Black,M,27.0
1426,1427,80-12-022609,Black,M,44.0
1427,1428,80-12-022609,Black,M,44.0
1428,1429,80-14-083396,Black,M,29.0
1429,1430,80-16-024816,Black,M,25.0
1430,1431,80-14-094754,Black,M,29.0
1431,1432,80-14-094754,Black,M,29.0
1432,1433,80-13-095512,Black,M,22.0
1433,1434,80-13-095512,Black,M,22.0
1434,1435,80-15-003249,White,M,53.0
1435,1436,80-15-012840,Black,M,24.0
1436,1437,80-15-040103,Black,M,28.0
1437,1438,80-16-101704,White,M,39.0
1438,1439,80-16-101704,White,M,39.0
1439,1440,80-14-089514,White,M,34.0
1440,1441,80-16-105270,Hispanic,F,24.0
1441,1442,80-16-103041,White,M,27.0
1442,1443,80-16-103041,White,M,27.0
1443,1444,80-16-103041,White,M,27.0
1444,1445,80-16-103041,White,M,27.0
1445,1446,80-16-103041,White,M,27.0
1446,1447,80-16-103041,White,M,27.0
1447,1448,80-16-103041,White,M,27.0
1448,1449,80-14-013438,Black,M,28.0
1449,1450,80-14-013438,Black,M,28.0
1450,1451,80-16-043205,Null,,
1451,1452,80-16-041480,Null,,
1452,1453,80-15-052708,White,M,23.0
1453,1454,80-16-041480,Null,,
1454,1455,80-16-012984,White,M,51.0
1455,1456,80-16-047892,Null,,
1456,1457,80-16-012984,White,M,51.0
1457,1458,80-16-021602,Black,M,37.0
1458,1459,80-16-050189,Null,,
1459,1460,80-14-010415,Black,M,39.0
1460,1461,80-15-093771,White,M,35.0
1461,1462,80-16-060982,Null,,
1462,1463,80-16-007202,White,F,50.0
1463,1464,80-14-088283,White,M,34.0
1464,1465,80-16-062792,Null,,
1465,1466,80-14-073570,Black,M,59.0
1466,1467,80-15-008188,Black,M,23.0
1467,1468,80-16-062792,Null,,
1468,1469,80-16-068568,Null,,
1469,1470,80-16-083066,Null,,
1470,1471,80-16-097524,Null,,
1471,1472,80-16-096481,Null,,
1472,1473,80-16-102273,Null,,
1473,1474,80-16-101135,Null,,
1474,1475,80-16-101135,Null,,
1475,1476,80-15-049256,Null,,
1476,1477,80-15-066029,Null,,
1477,1478,80-15-066029,Null,,
1478,1479,80-15-086620,Null,,
1479,1480,80-16-002945,Null,,
1480,1481,80-15-093558,Null,,
1481,1482,80-16-002945,Null,,
1482,1483,80-16-002945,Null,,
1483,1484,80-16-026480,Null,,
1484,1485,80-16-028373,Null,,
1485,1486,80-16-048428,Null,,
1486,1487,80-16-048428,Null,,
1487,1488,80-16-049524,Null,,
1488,1489,80-16-069522,Null,,
1489,1490,80-16-079464,Null,,
1490,1491,80-16-069522,Null,,
1491,1492,80-16-081233,Null,,
1492,1493,80-16-104110,Null,,
1493,1494,80-16-042073,Null,,
1494,1495,80-16-042073,Null,,
1495,1496,80-15-045408,Null,,
1496,1497,80-14-073570,Black,M,59.0
1497,1498,80-15-085557,White,F,25.0
1498,1499,80-15-085557,White,F,25.0
1499,1500,80-14-073570,Black,M,59.0
1500,1501,80-14-017872,White,M,41.0
1501,1502,80-14-017872,White,M,41.0
1502,1503,80-14-017872,White,M,41.0
1503,1504,80-16-031083,Black,M,33.0
1504,1505,80-14-073570,Black,M,59.0
1505,1506,80-14-073570,Black,M,59.0
1506,1507,80-14-008240,White,M,23.0
1507,1508,80-16-036294,Black,M,43.0
1508,1509,80-16-036294,Black,M,43.0
1509,1510,80-15-096677,Black,M,45.0
1510,1511,80-15-096677,Black,M,45.0
1511,1512,80-13-084781,Asian,M,28.0
1512,1513,80-15-089409,Black,M,23.0
1513,1514,80-15-089409,Black,M,23.0
1514,1515,80-16-012984,White,M,51.0
1515,1516,80-15-089352,Black,M,20.0
1516,1517,80-16-012984,White,M,51.0
1517,1518,80-15-028690,Black,M,37.0
1518,1519,80-13-078123,Black,M,26.0
1519,1520,80-16-018786,White,M,28.0
1520,1521,80-16-088062,White,M,40.0
1521,1522,80-15-046945,Null,,
1522,1523,80-16-050648,White,M,40.0
1523,1524,80-16-050648,White,M,40.0
1524,1525,80-16-092527,Black,M,30.0
1525,1526,80-16-103041,White,M,32.0
1526,1527,80-15-003249,White,M,53.0
1527,1528,80-13-074834,Black,M,34.0
1528,1529,80-13-074834,Black,M,34.0
1529,1530,80-13-074834,Black,M,34.0
1530,1531,80-13-074834,Black,M,34.0
1531,1532,80-13-074834,Black,M,34.0
1532,1533,80-13-074834,Black,M,34.0
1533,1534,80-13-074834,Black,M,34.0
1534,1535,80-13-074834,Black,M,34.0
1535,1536,80-15-054776,White,M,57.0
1536,1537,80-15-054776,White,M,57.0
1537,1538,80-13-076056,White,M,55.0
1538,1539,80-13-079094,Black,M,26.0
1539,1540,80-15-066754,Black,M,28.0
1540,1541,80-15-066754,Black,M,28.0
1541,1542,80-14-023024,Black,M,29.0
1542,1543,80-15-076080,White,M,39.0
1543,1544,80-16-044445,Black,M,29.0
1544,1545,80-16-044445,Black,M,29.0
1545,1546,80-16-043216,Black,M,19.0
1546,1547,80-16-103041,White,M,32.0
1547,1548,80-16-103041,White,M,32.0
1548,1549,80-16-103041,White,M,32.0
1549,1550,80-16-103041,White,M,32.0
1550,1551,80-16-103041,White,M,32.0
1551,1552,80-16-103041,White,M,32.0
1552,1553,80-16-103041,White,M,32.0
1553,1554,80-16-103041,White,M,32.0
1554,1555,80-16-044492,Black,M,25.0
1555,1556,80-15-069976,White,M,35.0
1556,1557,80-14-031710,Black,M,37.0
1557,1558,80-15-046945,Null,,
1558,1559,80-14-084043,Black,M,24.0
1559,1560,80-14-084043,Black,M,24.0
1560,1561,80-14-063202,Null,,
1561,1562,80-14-063202,Null,,
1562,1563,80-14-062665,Null,,
1563,1564,80-15-010713,Null,,
1564,1565,80-15-010713,Null,,
1565,1566,80-15-010311,Null,,
1566,1567,80-15-016652,Null,,
1567,1568,80-15-016652,Null,,
1568,1569,80-15-017037,Null,,
1569,1570,80-15-017037,Null,,
1570,1571,80-15-020156,Null,,
1571,1572,80-15-020624,Null,,
1572,1573,80-14-087843,Null,,
1573,1574,80-14-095518,Null,,
1574,1575,80-14-096560,Null,,
1575,1576,80-15-048314,Null,,
1576,1577,80-15-062444,Null,,
1577,1578,80-15-056075,Null,,
1578,1579,80-15-091925,Null,,
1579,1580,80-15-058376,Null,,
1580,1581,80-15-062226,Null,,
1581,1582,80-15-090080,Null,,
1582,1583,80-16-020251,Null,,
1583,1584,80-16-026444,Null,,
1584,1585,80-16-026393,Null,,
1585,1586,80-16-002945,Null,,
1586,1587,80-16-012951,Null,,
1587,1588,80-15-026918,Null,,
1588,1589,80-15-028137,Null,,
1589,1590,80-15-029922,Null,,
1590,1591,80-15-032193,Null,,
1591,1592,80-15-032491,Null,,
1592,1593,80-15-032491,Null,,
1593,1594,80-15-032491,Null,,
1594,1595,80-15-032816,Null,,
1595,1596,80-15-036664,Null,,
1596,1597,80-15-036664,Null,,
1597,1598,80-15-038245,Null,,
1598,1599,80-15-039823,Null,,
1599,1600,80-15-042173,Null,,
1600,1601,80-15-087528,White,M,47.0
1601,1602,80-15-085598,White,M,55.0
1602,1603,80-16-074720,Black,M,38.0
1603,1604,80-15-042646,Black,M,35.0
1604,1605,80-15-057602,White,M,31.0
1605,1606,80-15-072460,Black,M,30.0
1606,1607,80-16-051573,Black,M,26.0
1607,1608,80-16-051573,Black,M,26.0
1608,1609,80-13-086884,Black,M,51.0
1609,1610,80-14-075737,Black,M,24.0
1610,1611,80-16-028547,Black,M,30.0
1611,1612,80-14-049032,Black,M,21.0
1612,1613,80-16-070789,Black,M,31.0
1613,1614,80-16-054571,Black,M,35.0
1614,1615,80-16-104751,Black,M,36.0
1615,1616,80-16-036658,Black,M,27.0
1616,1617,80-16-090394,Black,M,21.0
1617,1618,80-16-002626,Black,M,27.0
1618,1619,80-14-094631,White,M,25.0
1619,1620,80-15-006540,Black,M,32.0
1620,1621,80-16-052826,White,M,71.0
1621,1622,80-14-028130,Hispanic,M,40.0
1622,1623,80-14-031164,Black,M,21.0
1623,1624,80-15-060876,White,F,31.0
1624,1625,80-16-084090,Black,M,37.0
1625,1626,80-14-017356,Asian,M,20.0
1626,1627,80-14-017356,Asian,M,20.0
1627,1628,80-14-035326,Black,M,28.0
1628,1629,80-15-013203,Black,M,32.0
1629,1630,80-15-102835,Black,M,58.0
1630,1631,80-15-084765,Black,M,37.0
1631,1632,80-16-052830,White,F,29.0
1632,1633,80-15-061936,Black,M,25.0
1633,1634,80-15-061936,Black,M,25.0
1634,1635,80-16-095440,Black,M,35.0
1635,1636,80-16-052830,White,F,29.0
1636,1637,80-16-018786,White,M,28.0
1637,1638,80-16-034623,Black,M,34.0
1638,1639,80-13-083035,Black,M,30.0
1639,1640,80-13-093403,Black,M,66.0
1640,1641,80-14-004645,Black,M,33.0
1641,1642,80-14-062368,Black,M,31.0
1642,1643,80-15-018635,Black,M,33.0
1643,1644,80-15-018635,Black,M,33.0
1644,1645,80-14-002193,Black,M,23.0
1645,1646,80-14-012213,Black,M,28.0
1646,1647,80-14-085759,Black,M,21.0
1647,1648,80-16-048235,Black,F,42.0
1648,1649,80-15-013203,Black,M,32.0
1649,1650,80-15-013203,Black,M,32.0
1650,1651,80-15-013203,Black,M,32.0
1651,1652,80-17-002739,White,M,51.0
1652,1653,80-15-106530,Black,M,30.0
1653,1654,80-16-056688,White,M,37.0
1654,1655,80-15-003759,Black,M,55.0
1655,1656,80-14-018898,White,F,24.0
1656,1657,80-14-036765,Black,M,18.0
1657,1658,80-16-103041,White,M,27.0
1658,1659,80-17-002739,White,M,51.0
1659,1660,80-14-051560,Black,M,18.0
1660,1661,80-13-099957,Black,F,31.0
1661,1662,80-16-016255,Black,M,26.0
1662,1663,80-15-031308,Black,M,28.0
1663,1664,80-15-003759,Black,M,55.0
1664,1665,80-14-036433,Black,M,26.0
1665,1666,80-14-051560,Black,M,18.0
1666,1667,80-16-001796,Black,F,26.0
1667,1668,80-16-102088,Black,M,35.0
1668,1669,80-16-028476,Black,M,35.0
1669,1670,80-15-060898,Black,M,16.0
1670,1671,80-14-036433,Black,M,26.0
1671,1672,80-16-093367,Black,F,39.0
1672,1673,80-16-018392,Black,M,22.0
1673,1674,80-16-018392,Black,M,22.0
1674,1675,80-16-018392,Black,M,22.0
1675,1676,80-10-023128,White,M,42.0
1676,1677,80-16-030723,Black,M,26.0
1677,1678,80-14-056044,Black,M,24.0
1678,1679,80-16-018202,Black,M,31.0
1679,1680,80-16-038789,White,M,71.0
1680,1681,80-13-099137,Black,M,36.0
1681,1682,80-16-012624,Black,M,24.0
1682,1683,80-16-012624,Black,M,24.0
1683,1684,80-15-024897,Black,M,21.0
1684,1685,80-15-018832,White,M,19.0
1685,1686,80-16-084501,Black,M,21.0
1686,1687,80-15-066575,Black,M,32.0
1687,1688,80-14-056336,White,M,22.0
1688,1689,80-16-027479,White,M,29.0
1689,1690,80-15-021127,White,M,39.0
1690,1691,80-16-101135,Black,M,23.0
1691,1692,80-15-019711,White,F,23.0
1692,1693,80-16-045644,Black,M,23.0
1693,1694,80-14-011148,Black,M,38.0
1694,1695,80-15-018292,Black,M,24.0
1695,1696,80-15-018292,Black,M,24.0
1696,1697,80-15-018292,Black,M,24.0
1697,1698,80-16-064199,White,M,34.0
1698,1699,80-14-075210,Black,M,41.0
1699,1700,80-13-045657,Black,M,36.0
1700,1701,80-15-101277,Black,M,31.0
1701,1702,80-15-101277,Black,M,31.0
1702,1703,80-16-054571,Black,M,36.0
1703,1704,80-16-101135,Black,M,23.0
1704,1705,80-16-101135,Black,M,23.0
1705,1706,80-16-101135,Black,M,23.0
1706,1707,80-16-101135,Black,M,23.0
1707,1708,80-16-101135,Black,M,23.0
1708,1709,80-16-101135,Black,M,23.0
1709,1710,80-16-101135,Black,M,23.0
1710,1711,80-15-021127,White,M,39.0
1711,1712,80-12-071357,White,F,30.0
1712,1713,80-14-016064,Black,M,28.0
1713,1714,80-14-016064,Black,M,28.0
1714,1715,80-16-079444,White,F,36.0
1715,1716,80-16-079444,White,F,36.0
1716,1717,80-15-038542,Black,M,27.0
1717,1718,80-15-059933,Black,M,23.0
1718,1719,80-14-005960,Black,M,17.0
1719,1720,80-16-102088,Black,M,35.0
1720,1721,80-16-034944,Black,M,21.0
1721,1722,80-14-005960,Black,M,17.0
1722,1723,80-14-029520,Black,M,54.0
1723,1724,80-14-086228,Black,M,34.0
1724,1725,80-13-094599,Black,M,43.0
1725,1726,80-16-024946,Black,M,18.0
1726,1727,80-16-024946,Black,M,18.0
1727,1728,80-14-028259,Black,M,21.0
1728,1729,80-14-001052,Black,M,32.0
1729,1730,80-16-105044,White,M,24.0
1730,1731,80-15-062140,Black,M,25.0
1731,1732,80-14-018898,White,F,24.0
1732,1733,80-14-006173,Black,F,51.0
1733,1734,80-14-050505,Black,M,37.0
1734,1735,80-14-050505,Black,M,37.0
1735,1736,80-16-015347,Black,M,24.0
1736,1737,80-14-074498,Black,M,26.0
1737,1738,80-14-046416,White,M,24.0
1738,1739,80-14-063393,Black,M,17.0
1739,1740,80-15-012962,Black,M,26.0
1740,1741,80-15-012962,Black,M,26.0
1741,1742,80-13-091219,Hispanic,M,41.0
1742,1743,80-13-091219,Hispanic,M,41.0
1743,1744,80-13-091219,Hispanic,M,41.0
1744,1745,80-15-045668,Black,M,23.0
1745,1746,80-16-086707,Black,M,25.0
1746,1747,80-16-034944,Black,M,21.0
1747,1748,80-14-005960,Black,M,17.0
1748,1749,80-16-048235,Black,F,42.0
1749,1750,80-16-031161,White,M,26.0
1750,1751,80-16-031161,White,M,26.0
1751,1752,80-15-053015,White,M,20.0
1752,1753,80-16-106571,White,M,25.0
1753,1754,80-16-061980,White,M,55.0
1754,1755,80-15-091934,White,M,59.0
1755,1756,80-15-049877,White,M,27.0
1756,1757,80-16-105073,Black,M,25.0
1757,1758,80-16-087360,Black,M,29.0
1758,1759,80-14-007646,Black,M,60.0
1759,1760,80-14-007646,Black,M,60.0
1760,1761,80-16-028476,Black,M,35.0
1761,1762,80-16-028476,Black,M,35.0
1762,1763,80-14-009351,White,M,19.0
1763,1764,80-14-009351,White,M,19.0
1764,1765,80-16-106047,White,M,28.0
1765,1766,80-16-106047,White,M,28.0
1766,1767,80-16-106047,White,M,28.0
1767,1768,80-15-059933,Black,M,23.0
1768,1769,80-16-052240,White,M,33.0
1769,1770,80-15-032255,Black,F,23.0
1770,1771,80-15-067463,Black,M,38.0
1771,1772,80-15-009195,Black,M,30.0
1772,1773,80-15-065104,Black,M,26.0
1773,1774,80-14-036426,Black,M,20.0
1774,1775,80-16-106571,White,M,25.0
1775,1776,80-14-046048,Black,F,45.0
1776,1777,80-13-099969,Black,M,19.0
1777,1778,80-15-044810,Black,M,26.0
1778,1779,80-15-044810,Black,M,26.0
1779,1780,80-15-044810,Black,M,26.0
1780,1781,80-13-074682,Black,M,36.0
1781,1782,80-14-030887,Black,M,39.0
1782,1783,80-16-025887,White,M,28.0
1783,1784,80-16-104777,Black,M,18.0
1784,1785,80-15-021940,White,M,29.0
1785,1786,80-15-093771,White,M,35.0
1786,1787,80-15-093771,White,M,35.0
1787,1788,80-16-063056,Black,M,24.0
1788,1789,80-15-029614,Black,F,22.0
1789,1790,80-13-095920,Black,M,20.0
1790,1791,80-15-016330,Black,M,23.0
1791,1792,80-14-021799,Black,M,25.0
1792,1793,80-16-010491,White,F,50.0
1793,1794,80-16-068440,White,F,40.0
1794,1795,80-14-032283,Black,M,29.0
1795,1796,80-15-102134,White,M,26.0
1796,1797,80-15-102134,White,M,26.0
1797,1798,80-16-002761,White,M,26.0
1798,1799,80-16-055217,White,M,49.0
1799,1800,80-15-021572,Black,M,32.0
1800,1801,80-15-021572,Black,M,32.0
1801,1802,80-16-015259,White,M,70.0
1802,1803,80-14-002085,White,M,25.0
1803,1804,80-14-077337,Black,M,28.0
1804,1805,80-14-054506,Black,M,24.0
1805,1806,80-16-009755,Black,M,17.0
1806,1807,80-15-086591,White,M,27.0
1807,1808,80-14-075737,Black,M,24.0
1808,1809,80-14-027654,White,F,46.0
1809,1810,80-16-028476,Black,M,35.0
1810,1811,80-16-085159,Black,M,27.0
1811,1812,80-14-005657,Black,M,17.0
1812,1813,80-14-036311,White,M,39.0
1813,1814,80-14-036311,White,M,39.0
1814,1815,80-13-094599,Black,M,43.0
1815,1816,80-16-063056,Black,M,24.0
1816,1817,80-16-027356,Black,M,37.0
1817,1818,80-14-033595,Black,M,30.0
1818,1819,80-14-065366,Black,M,20.0
1819,1820,80-16-026761,Black,M,28.0
1820,1821,80-13-096307,Black,M,24.0
1821,1822,80-15-027767,Black,M,24.0
1822,1823,80-14-022198,Black,M,24.0
1823,1824,80-14-082279,Black,M,37.0
1824,1825,80-16-078761,White,M,31.0
1825,1826,80-16-106571,White,M,25.0
1826,1827,80-16-106571,White,M,25.0
1827,1828,80-16-106571,White,M,25.0
1828,1829,80-16-106571,White,M,25.0
1829,1830,80-14-032646,White,M,43.0
1830,1831,80-15-052660,Black,M,45.0
1831,1832,80-16-046936,Black,M,25.0
1832,1833,80-16-046936,Black,M,25.0
1833,1834,80-16-045203,Black,M,25.0
1834,1835,80-16-045203,Black,M,25.0
1835,1836,80-15-047422,Black,M,32.0
1836,1837,80-15-102747,White,M,39.0
1837,1838,80-14-021799,Black,M,25.0
1838,1839,80-16-102702,Black,M,22.0
1839,1840,80-16-102702,Black,M,22.0
1840,1841,80-15-010851,Black,M,37.0
1841,1842,80-15-040381,White,M,57.0
1842,1843,80-15-040381,White,M,57.0
1843,1844,80-16-009755,Black,M,17.0
1844,1845,80-16-038789,White,M,71.0
1845,1846,80-16-038789,White,M,71.0
1846,1847,80-16-038789,White,M,71.0
1847,1848,80-15-015925,Black,M,25.0
1848,1849,80-14-085759,Black,M,21.0
1849,1850,80-15-034668,White,M,42.0
1850,1851,80-15-090059,Black,M,49.0
1851,1852,80-15-102824,Black,M,35.0
1852,1853,80-14-083352,Black,M,27.0
1853,1854,80-14-040575,Black,M,26.0
1854,1855,80-15-057149,Black,M,22.0
1855,1856,80-16-052759,Black,M,43.0
1856,1857,80-16-052759,Black,M,43.0
1857,1858,80-16-052759,Black,M,43.0
1858,1859,80-15-061215,Black,M,22.0
1859,1860,80-16-078761,White,M,31.0
1860,1861,80-15-014374,Black,M,18.0
1861,1862,80-16-004536,Black,M,27.0
1862,1863,80-16-004536,Black,M,27.0
1863,1864,80-14-021799,Black,M,25.0
1864,1865,80-14-021799,Black,M,25.0
1865,1866,80-16-068440,White,F,40.0
1866,1867,80-13-094919,White,M,26.0
1867,1868,80-14-005657,Black,M,17.0
1868,1869,80-17-002739,White,M,51.0
1869,1870,80-14-015531,White,M,77.0
1870,1871,80-16-097246,Black,F,29.0
1871,1872,80-15-045621,Black,M,18.0
1872,1873,80-15-029311,Black,M,24.0
1873,1874,80-16-051446,Black,F,33.0
1874,1875,80-16-034623,Black,M,34.0
1875,1876,80-16-051446,Black,F,33.0
1876,1877,80-16-065420,Black,M,27.0
1877,1878,80-16-051446,Black,F,33.0
1878,1879,80-16-035429,Black,M,28.0
1879,1880,80-15-078962,Black,M,18.0
1880,1881,80-14-093625,White,M,26.0
1881,1882,80-14-093625,White,M,26.0
1882,1883,80-14-045430,Black,M,39.0
1883,1884,80-14-045430,Black,M,39.0
1884,1885,80-15-003759,Black,M,55.0
1885,1886,80-16-037378,Black,M,30.0
1886,1887,80-16-057586,Black,M,23.0
1887,1888,80-14-062946,Black,M,63.0
1888,1889,80-14-094346,White,M,24.0
1889,1890,80-14-094346,White,M,24.0
1890,1891,80-14-094346,White,M,24.0
1891,1892,80-15-090420,Black,M,62.0
1892,1893,80-14-025140,Black,M,20.0
1893,1894,80-14-085260,Black,M,22.0
1894,1895,80-15-011593,Black,M,18.0
1895,1896,80-16-047928,Black,F,25.0
1896,1897,80-13-074984,Black,M,23.0
1897,1898,80-14-023226,Black,M,30.0
1898,1899,80-16-024946,Black,M,18.0
1899,1900,80-14-045430,Black,M,39.0
1900,1901,80-14-045430,Black,M,39.0
1901,1902,80-16-041299,Black,M,18.0
1902,1903,80-14-032867,Black,F,58.0
1903,1904,80-15-078310,White,M,23.0
1904,1905,80-15-078310,White,M,23.0
1905,1906,80-16-105152,White,M,21.0
1906,1907,80-16-103680,Black,M,20.0
1907,1908,80-14-054931,Black,M,18.0
1908,1909,80-15-067064,White,F,50.0
1909,1910,80-15-067064,White,F,50.0
1910,1911,80-14-021779,Black,M,18.0
1911,1912,80-14-003246,White,M,50.0
1912,1913,80-14-008493,Black,M,19.0
1913,1914,80-14-008493,Black,M,19.0
1914,1915,80-16-026375,Black,M,22.0
1915,1916,80-15-018810,White,M,36.0
1916,1917,80-15-071388,Black,M,22.0
1917,1918,80-14-022198,Black,M,24.0
1918,1919,80-16-055259,White,M,30.0
1919,1920,80-15-044767,Black,M,26.0
1920,1921,80-15-044767,Black,M,26.0
1921,1922,80-14-035326,Black,M,28.0
1922,1923,80-14-046777,Black,M,18.0
1923,1924,80-15-013203,Black,M,32.0
1924,1925,80-15-013203,Black,M,32.0
1925,1926,80-14-046416,White,M,24.0
1926,1927,80-16-091613,Black,M,19.0
1927,1928,80-16-091613,Black,M,19.0
1928,1929,80-13-091219,Hispanic,M,41.0
1929,1930,80-15-103038,White,M,23.0
1930,1931,80-15-103038,White,M,23.0
1931,1932,80-15-103038,White,M,23.0
1932,1933,80-14-031700,Black,M,40.0
1933,1934,80-14-031700,Black,M,40.0
1934,1935,80-14-031700,Black,M,40.0
1935,1936,80-15-093090,Black,M,17.0
1936,1937,80-16-063240,White,M,18.0
1937,1938,80-15-002881,Black,F,19.0
1938,1939,80-14-097011,Black,F,25.0
1939,1940,80-15-002881,Black,F,19.0
1940,1941,80-17-001004,Black,M,23.0
1941,1942,80-17-002739,White,M,51.0
1942,1943,80-15-013203,Black,M,32.0
1943,1944,80-15-013203,Black,M,32.0
1944,1945,80-14-093761,Black,M,27.0
1945,1946,80-14-093761,Black,M,27.0
1946,1947,80-16-107802,Black,M,29.0
1947,1948,80-15-026922,Black,M,40.0
1948,1949,80-15-037356,Black,M,19.0
1949,1950,80-15-064929,Black,M,21.0
1950,1951,80-16-046936,Black,M,25.0
1951,1952,80-14-009416,Black,M,34.0
1952,1953,80-13-090046,Black,M,26.0
1953,1954,80-15-088691,White,M,24.0
1954,1955,80-15-088691,White,M,24.0
1955,1956,80-15-003759,Black,M,55.0
1956,1957,80-15-094073,Black,M,22.0
1957,1958,80-15-003249,White,M,53.0
1958,1959,80-14-000019,Black,M,33.0
1959,1960,80-14-079471,Black,M,27.0
1960,1961,80-16-006360,Black,M,29.0
1961,1962,80-15-006115,Black,M,40.0
1962,1963,80-16-006360,Black,M,29.0
1963,1964,80-15-101963,White,M,58.0
1964,1965,80-16-033154,Black,M,35.0
1965,1966,80-16-033154,Black,M,35.0
1966,1967,80-16-061093,Black,M,40.0
1967,1968,80-16-082891,Black,M,33.0
1968,1969,80-14-060568,Black,M,18.0
1969,1970,80-15-018635,Black,M,33.0
1970,1971,80-15-018635,Black,M,33.0
1971,1972,80-16-043216,Black,M,19.0
1972,1973,80-14-016007,White,M,47.0
1973,1974,80-16-006580,Black,M,25.0
1974,1975,80-14-080153,Black,M,32.0
1975,1976,80-16-022358,Black,M,25.0
1976,1977,80-16-022358,Black,M,25.0
1977,1978,80-16-022358,Black,M,25.0
1978,1979,80-16-022358,Black,M,25.0
1979,1980,80-15-051024,White,M,32.0
1980,1981,80-14-080153,Black,M,32.0
1981,1982,80-16-016271,Black,M,31.0
1982,1983,80-15-039138,Black,M,31.0
1983,1984,80-15-059086,Black,M,26.0
1984,1985,80-14-029431,Black,M,23.0
1985,1986,80-16-007000,Black,M,33.0
1986,1987,80-16-061980,White,M,55.0
1987,1988,80-14-040298,Black,M,30.0
1988,1989,80-14-072865,White,M,65.0
1989,1990,80-15-012840,Black,M,24.0
1990,1991,80-16-033272,White,M,42.0
1991,1992,80-15-080901,Black,M,14.0
1992,1993,80-16-033272,White,M,42.0
1993,1994,80-15-023542,Black,M,33.0
1994,1995,80-15-023542,Black,M,33.0
1995,1996,80-15-002363,White,M,35.0
1996,1997,80-16-101704,White,M,39.0
1997,1998,80-17-003780,White,M,25.0
1998,1999,80-15-081628,Black,M,23.0
1999,2000,80-16-103041,White,M,27.0
2000,2001,80-16-091924,Black,M,17.0
2001,2002,80-16-091924,Black,M,17.0
2002,2003,80-16-037180,Black,M,38.0
2003,2004,80-15-084189,White,F,30.0
2004,2005,80-15-084189,White,F,30.0
2005,2006,80-14-003527,Black,M,45.0
2006,2007,80-15-090081,Black,M,33.0
2007,2008,80-15-062277,White,M,20.0
2008,2009,80-14-045819,White,M,43.0
2009,2010,80-14-096139,Black,M,19.0
2010,2011,80-14-096139,Black,M,19.0
2011,2012,80-14-089624,White,M,27.0
2012,2013,80-15-060843,Black,M,20.0
2013,2014,80-15-060843,Black,M,20.0
2014,2015,80-14-058280,Black,M,51.0
2015,2016,80-14-080234,Black,M,25.0
2016,2017,80-15-005997,Black,M,22.0
2017,2018,80-15-007261,Black,M,15.0
2018,2019,80-16-034135,Black,M,23.0
2019,2020,80-16-110704,White,M,18.0
2020,2021,80-14-058837,Hispanic,M,40.0
2021,2022,80-17-001924,Null,,
2022,2023,80-17-001924,Null,,
2023,2024,80-17-001924,Null,,
2024,2025,80-17-001924,Null,,
2025,2026,80-17-001924,Null,,
2026,2027,80-16-074960,Null,,
2027,2028,80-17-014045,Null,,
2028,2029,80-14-026340,Null,,
2029,2030,80-14-026340,Null,,
2030,2031,80-14-016356,Null,,
2031,2032,80-14-042346,Null,,
2032,2033,80-14-043862,Null,,
2033,2034,80-14-043862,Null,,
2034,2035,80-14-040821,Null,,
2035,2036,80-14-047615,Null,,
2036,2037,80-14-056586,Null,,
2037,2038,80-14-067019,Null,,
2038,2039,80-14-088476,Null,,
2039,2040,80-15-083840,Black,M,22.0
2040,2041,80-13-099952,Black,M,38.0
2041,2042,80-16-057700,Black,M,22.0
2042,2043,80-14-095518,Null,,
2043,2044,80-14-080416,Null,,
2044,2045,80-16-055430,Indian/india/burmese,M,42.0
2045,2046,80-16-055430,Indian/india/burmese,M,42.0
2046,2047,80-16-073533,Black,M,18.0
2047,2048,80-16-024468,Black,M,13.0
2048,2049,80-16-063564,Unknown,U,
2049,2050,80-16-064546,Black,M,21.0
2050,2051,80-13-097187,White,M,30.0
2051,2052,80-14-066934,Black,M,43.0
2052,2053,80-14-018403,Black,M,15.0
2053,2054,80-16-092700,Black,M,17.0
2054,2055,80-14-029075,Black,M,41.0
2055,2056,80-16-057700,Black,M,22.0
2056,2057,80-15-082723,Black,M,27.0
2057,2058,80-14-049368,Black,M,19.0
2058,2059,80-15-083992,Black,M,46.0
2059,2060,80-16-007269,White,M,23.0
2060,2061,80-16-007269,White,M,23.0
2061,2062,80-14-069344,White,M,34.0
2062,2063,80-14-069344,White,M,34.0
2063,2064,80-16-003709,White,M,62.0
2064,2065,80-15-024870,Black,M,20.0
2065,2066,80-14-056284,Hispanic,F,27.0
2066,2067,80-15-009770,White,M,37.0
2067,2068,80-16-001925,Black,M,22.0
2068,2069,80-13-097187,White,M,30.0
2069,2070,80-14-026467,White,F,39.0
2070,2071,80-17-001968,White,M,22.0
2071,2072,80-16-023181,Black,M,25.0
2072,2073,80-14-028118,Black,M,87.0
2073,2074,80-16-071964,Black,M,26.0
2074,2075,80-16-003000,Black,M,24.0
2075,2076,80-16-003000,Black,M,24.0
2076,2077,80-16-003000,Black,M,24.0
2077,2078,80-15-044433,Black,M,23.0
2078,2079,80-15-094722,Black,M,21.0
2079,2080,80-14-031320,Black,M,40.0
2080,2081,80-16-031161,White,M,26.0
2081,2082,80-14-056352,Black,M,
2082,2083,80-16-054567,Black,M,30.0
2083,2084,80-16-032591,White,M,39.0
2084,2085,80-15-023148,Black,M,19.0
2085,2086,80-14-003246,White,M,50.0
2086,2087,80-16-096636,Asian,M,15.0
2087,2088,80-15-088691,White,M,24.0
2088,2089,80-14-094346,White,M,24.0
2089,2090,80-16-027479,White,M,29.0
2090,2091,80-15-047222,Black,M,15.0
2091,2092,80-15-047222,Black,M,15.0
2092,2093,80-14-066206,Black,M,16.0
2093,2094,80-15-011059,Black,M,35.0
2094,2095,80-14-045861,Black,M,26.0
2095,2096,80-15-044816,Black,M,17.0
2096,2097,80-14-083050,White,M,49.0
2097,2098,80-15-044816,Black,M,17.0
2098,2099,80-14-069357,White,M,24.0
2099,2100,80-16-043768,White,M,19.0
2100,2101,80-15-088461,Black,F,26.0
2101,2102,80-16-037893,White,M,32.0
2102,2103,80-15-042979,Black,M,20.0
2103,2104,80-13-092017,White,M,
2104,2105,80-13-092017,White,M,
2105,2106,80-16-059160,Hispanic,M,42.0
2106,2107,80-14-055261,Black,M,30.0
2107,2108,80-14-055261,Black,M,30.0
2108,2109,80-14-055261,Black,M,30.0
2109,2110,80-16-029126,Black,M,19.0
2110,2111,80-15-054481,White,M,26.0
2111,2112,80-14-056352,Black,M,
2112,2113,80-15-069703,White,M,60.0
2113,2114,80-15-011059,Black,M,35.0
2114,2115,80-15-036593,Black,M,19.0
2115,2116,80-13-046227,Black,M,25.0
2116,2117,80-15-079293,Black,M,16.0
2117,2118,80-16-047928,Black,F,25.0
2118,2119,80-16-031161,White,M,26.0
2119,2120,80-14-036279,Black,M,29.0
2120,2121,80-15-081852,Black,M,
2121,2122,80-14-066206,Black,M,16.0
2122,2123,80-15-037908,Black,M,21.0
2123,2124,80-16-045644,Black,M,23.0
2124,2125,80-15-017211,Black,F,18.0
2125,2126,80-14-065093,White,M,45.0
2126,2127,80-15-037908,Black,M,21.0
2127,2128,80-15-018292,Black,M,24.0
2128,2129,80-15-017211,Black,F,18.0
2129,2130,80-15-001953,Black,M,20.0
2130,2131,80-14-083050,White,M,49.0
2131,2132,80-16-101135,Black,M,23.0
2132,2133,80-15-097605,Black,F,21.0
2133,2134,80-16-101135,Black,M,23.0
2134,2135,80-14-061743,Black,M,24.0
2135,2136,80-14-089936,Black,M,18.0
2136,2137,80-16-101135,Black,M,23.0
2137,2138,80-16-103854,White,F,24.0
2138,2139,80-14-017456,White,M,38.0
2139,2140,80-16-007404,White,M,24.0
2140,2141,80-16-101135,Black,M,23.0
2141,2142,80-16-001242,Black,M,21.0
2142,2143,80-15-006015,Black,M,18.0
2143,2144,80-16-043768,White,M,19.0
2144,2145,80-16-004707,Black,M,25.0
2145,2146,80-16-101135,Black,M,23.0
2146,2147,80-16-001242,Black,M,21.0
2147,2148,80-16-104334,Asian,F,31.0
2148,2149,80-15-004489,Black,M,
2149,2150,80-15-056216,Black,M,45.0
2150,2151,80-15-056216,Black,M,45.0
2151,2152,80-15-016188,Black,M,15.0
2152,2153,80-15-016188,Black,M,15.0
2153,2154,80-16-103672,Black,M,20.0
2154,2155,80-16-065938,White,M,52.0
2155,2156,80-16-065938,White,M,52.0
2156,2157,80-14-049531,Black,M,37.0
2157,2158,80-14-082792,Black,F,38.0
2158,2159,80-15-010787,White,M,28.0
2159,2160,80-15-010787,White,M,28.0
2160,2161,80-14-029139,Black,M,20.0
2161,2162,80-15-012152,White,F,21.0
2162,2163,80-16-005075,Black,M,30.0
2163,2164,80-16-107230,White,F,25.0
2164,2165,80-16-107230,White,F,25.0
2165,2166,80-16-011754,White,M,39.0
2166,2167,80-16-029113,White,M,44.0
2167,2168,80-15-067064,White,F,50.0
2168,2169,80-15-016515,Black,M,21.0
2169,2170,80-13-045970,Black,M,18.0
2170,2171,80-15-060254,White,M,34.0
2171,2172,80-16-103344,White,M,19.0
2172,2173,80-14-001936,Black,M,18.0
2173,2174,80-14-050663,Black,M,23.0
2174,2175,80-16-059160,Hispanic,M,42.0
2175,2176,80-16-059160,Hispanic,M,42.0
2176,2177,80-15-046997,Black,M,32.0
2177,2178,80-14-056352,Black,M,
2178,2179,80-14-057577,White,M,22.0
2179,2180,80-14-059133,Hispanic,M,37.0
2180,2181,80-14-059993,Black,M,23.0
2181,2182,80-15-016188,Black,M,12.0
2182,2183,80-15-016188,Black,M,12.0
2183,2184,80-14-059993,Black,M,23.0
2184,2185,80-15-081852,Black,M,
2185,2186,80-14-079799,Unknown,U,33.0
2186,2187,80-14-081602,Black,M,39.0
2187,2188,80-14-083445,Black,M,23.0
2188,2189,80-15-105414,Black,F,37.0
2189,2190,80-14-003081,Black,M,33.0
2190,2191,80-16-101135,Black,M,23.0
2191,2192,80-16-007782,White,M,17.0
2192,2193,80-13-047626,White,F,19.0
2193,2194,80-14-069344,White,M,34.0
2194,2195,80-16-002945,White,M,53.0
2195,2196,80-14-003527,Black,M,45.0
2196,2197,80-16-101135,Black,M,23.0
2197,2198,80-14-069344,White,M,34.0
2198,2199,80-16-104602,White,M,35.0
2199,2200,80-16-063276,Black,M,22.0
2200,2201,80-16-101135,Black,M,23.0
2201,2202,80-14-069344,White,M,34.0
2202,2203,80-16-104602,White,M,35.0
2203,2204,80-16-021003,Black,M,16.0
2204,2205,80-15-052719,Black,M,20.0
2205,2206,80-14-069344,White,M,34.0
2206,2207,80-14-045430,Black,M,39.0
2207,2208,80-14-055198,Black,M,20.0
2208,2209,80-16-012556,Black,M,17.0
2209,2210,80-15-017309,White,M,33.0
2210,2211,80-16-044163,Black,M,23.0
2211,2212,80-16-093896,White,M,50.0
2212,2213,80-16-093896,White,M,50.0
2213,2214,80-14-008493,Black,M,19.0
2214,2215,80-14-036852,White,M,20.0
2215,2216,80-15-068734,White,M,22.0
2216,2217,80-14-045861,Black,M,26.0
2217,2218,80-15-084526,White,F,57.0
2218,2219,80-15-067163,Black,M,17.0
2219,2220,80-15-067163,Black,M,17.0
2220,2221,80-15-085559,Black,M,17.0
2221,2222,80-16-106024,Black,M,18.0
2222,2223,80-14-082651,Black,M,22.0
2223,2224,80-14-068293,White,M,27.0
2224,2225,80-16-089864,Black,F,29.0
2225,2226,80-14-055503,Black,M,18.0
2226,2227,80-14-081282,Black,M,20.0
2227,2228,80-16-035418,White,M,33.0
2228,2229,80-14-094509,Black,M,33.0
2229,2230,80-15-042979,Black,M,20.0
2230,2231,80-14-059971,Black,M,23.0
2231,2232,80-14-059971,Black,M,23.0
2232,2233,80-14-059971,Black,M,23.0
2233,2234,80-14-059971,Black,M,23.0
2234,2235,80-13-045657,Black,M,36.0
2235,2236,80-14-033526,Black,M,19.0
2236,2237,80-14-008298,Black,M,23.0
2237,2238,80-14-039398,White,M,22.0
2238,2239,80-15-092876,Black,M,24.0
2239,2240,80-16-063545,White,M,34.0
2240,2241,80-16-001796,Black,F,26.0
2241,2242,80-16-097246,Black,F,29.0
2242,2243,80-16-059894,Black,M,34.0
2243,2244,80-16-015802,Black,M,23.0
2244,2245,80-15-064446,White,M,17.0
2245,2246,80-13-060361,White,M,22.0
2246,2247,80-16-023924,Black,M,18.0
2247,2248,80-14-006581,Black,M,46.0
2248,2249,80-14-058280,Black,M,51.0
2249,2250,80-16-065421,Black,F,27.0
2250,2251,80-16-036767,White,M,18.0
2251,2252,80-14-025026,Black,M,25.0
2252,2253,80-16-059827,Black,M,14.0
2253,2254,80-14-056352,Black,M,
2254,2255,80-15-105652,Black,M,18.0
2255,2256,80-16-017929,Black,M,19.0
2256,2257,80-15-105652,Black,M,18.0
2257,2258,80-15-032482,Black,M,18.0
2258,2259,80-16-103854,White,F,24.0
2259,2260,80-14-069344,White,M,34.0
2260,2261,80-14-089098,Black,M,21.0
2261,2262,80-14-069344,White,M,34.0
2262,2263,80-15-017211,Black,F,18.0
2263,2264,80-15-017211,Black,F,18.0
2264,2265,80-16-002945,White,M,53.0
2265,2266,80-14-099435,Asian,M,35.0
2266,2267,80-14-099435,Asian,M,35.0
2267,2268,80-15-004489,Black,M,
2268,2269,80-15-064446,White,M,17.0
2269,2270,80-15-072575,Hispanic,M,76.0
2270,2271,80-16-030657,White,M,38.0
2271,2272,80-16-034135,Black,M,23.0
2272,2273,80-14-051929,Black,M,17.0
2273,2274,80-16-039779,White,M,
2274,2275,80-16-043268,Black,M,15.0
2275,2276,80-16-043268,Black,M,15.0
2276,2277,80-14-051929,Black,M,17.0
2277,2278,80-15-105652,Black,M,18.0
2278,2279,80-15-105652,Black,M,18.0
2279,2280,80-14-094509,Black,M,33.0
2280,2281,80-16-105229,Black,M,17.0
2281,2282,80-16-105229,Black,M,17.0
2282,2283,80-16-105229,Black,M,17.0
2283,2284,80-15-032648,Black,F,14.0
2284,2285,80-14-017328,White,M,46.0
2285,2286,80-14-017328,White,M,46.0
2286,2287,80-15-077418,Black,M,63.0
2287,2288,80-16-017012,Black,M,25.0
2288,2289,80-14-038497,Black,M,20.0
2289,2290,80-16-023924,Black,M,18.0
2290,2291,80-14-089624,White,M,27.0
2291,2292,80-14-089624,White,M,27.0
2292,2293,80-14-089624,White,M,27.0
2293,2294,80-14-089624,White,M,27.0
2294,2295,80-14-089624,White,M,27.0
2295,2296,80-15-026853,Black,M,18.0
2296,2297,80-16-050896,White,M,68.0
2297,2298,80-14-056352,Black,M,
2298,2299,80-14-068293,White,M,27.0
2299,2300,80-14-069344,White,M,34.0
2300,2301,80-14-069344,White,M,34.0
2301,2302,80-14-069344,White,M,34.0
2302,2303,80-14-069344,White,M,34.0
2303,2304,80-13-082073,Black,M,19.0
2304,2305,80-13-082073,Black,M,19.0
2305,2306,80-14-033774,Black,M,48.0
2306,2307,80-16-097340,Black,F,17.0
2307,2308,80-14-047126,Black,M,32.0
2308,2309,80-13-080001,Black,M,36.0
2309,2310,80-14-072793,Black,M,37.0
2310,2311,80-14-007343,Black,M,18.0
2311,2312,80-16-005477,Black,M,21.0
2312,2313,80-14-085482,Black,M,28.0
2313,2314,80-15-059085,Black,M,23.0
2314,2315,80-15-102809,Black,M,42.0
2315,2316,80-15-102809,Black,M,42.0
2316,2317,80-15-010787,White,M,28.0
2317,2318,80-15-032181,Black,M,18.0
2318,2319,80-13-094160,Black,M,40.0
2319,2320,80-16-039785,Black,F,22.0
2320,2321,80-16-054081,White,M,21.0
2321,2322,80-13-051041,White,M,67.0
2322,2323,80-13-051041,White,M,67.0
2323,2324,80-13-051041,White,M,67.0
2324,2325,80-13-051041,White,M,67.0
2325,2326,80-16-107230,White,F,25.0
2326,2327,80-13-067692,Black,F,46.0
2327,2328,80-13-095802,White,M,20.0
2328,2329,80-15-077990,Hispanic,M,34.0
2329,2330,80-14-006592,Black,M,25.0
2330,2331,80-14-012654,Null,,
2331,2332,80-16-038688,White,M,72.0
2332,2333,80-14-032350,Black,M,18.0
2333,2334,80-14-014170,Black,M,
2334,2335,80-14-038578,White,M,30.0
2335,2336,80-14-038578,White,M,30.0
2336,2337,80-13-093906,Black,M,22.0
2337,2338,80-13-093906,Black,M,22.0
2338,2339,80-14-018156,Black,M,21.0
2339,2340,80-15-066832,Black,M,18.0
2340,2341,80-14-028118,Black,M,87.0
2341,2342,80-14-028118,Black,M,87.0
2342,2343,80-14-073824,Black,M,63.0
2343,2344,80-15-103038,White,M,23.0
2344,2345,80-14-025026,Black,M,25.0
2345,2346,80-14-037413,White,M,26.0
2346,2347,80-16-079771,Black,M,33.0
2347,2348,80-16-036767,White,M,18.0
2348,2349,80-16-041993,Hispanic,M,37.0
2349,2350,80-15-061213,Black,M,17.0
2350,2351,80-15-061213,Black,M,17.0
2351,2352,80-15-007501,White,M,23.0
2352,2353,80-14-072036,Black,M,55.0
2353,2354,80-14-013703,Black,M,22.0
2354,2355,80-13-004369,White,M,38.0
2355,2356,80-15-032262,Black,M,21.0
2356,2357,80-16-109114,Black,M,49.0
2357,2358,80-16-024575,White,M,60.0
2358,2359,80-14-036253,Black,M,19.0
2359,2360,80-15-105652,Black,M,18.0
2360,2361,80-15-105652,Black,M,18.0
2361,2362,80-15-105652,Black,M,18.0
2362,2363,80-15-105652,Black,M,18.0
2363,2364,80-16-094189,Black,F,15.0
2364,2365,80-16-094189,Black,F,15.0
2365,2366,80-16-058258,Black,M,24.0
2366,2367,80-16-024946,Black,M,18.0
2367,2368,80-16-024946,Black,M,18.0
2368,2369,80-16-024946,Black,M,18.0
2369,2370,80-15-038557,Black,F,20.0
2370,2371,80-15-002704,Black,M,47.0
2371,2372,80-15-002704,Black,M,47.0
2372,2373,80-14-053156,White,M,65.0
2373,2374,80-13-060361,White,M,22.0
2374,2375,80-14-050505,Black,M,37.0
2375,2376,80-14-050505,Black,M,37.0
2376,2377,80-15-057866,Black,M,18.0
2377,2378,80-14-066277,Black,M,22.0
2378,2379,80-16-042295,Black,M,33.0
2379,2380,80-14-030014,Black,M,21.0
2380,2381,80-14-037914,Black,M,29.0
2381,2382,80-14-037914,Black,M,29.0
2382,2383,80-16-035662,Black,M,42.0
2383,2384,80-15-067463,Black,M,38.0
2384,2385,80-16-081662,White,M,19.0
2385,2386,80-16-007677,White,M,18.0
2386,2387,80-14-032487,Black,F,30.0
2387,2388,80-16-097655,Black,M,21.0
2388,2389,80-16-081995,White,F,40.0
2389,2390,80-14-002031,White,M,26.0
2390,2391,80-16-052974,White,F,32.0
2391,2392,80-14-059134,Black,M,19.0
2392,2393,80-16-057006,Hispanic,M,26.0
2393,2394,80-16-057006,Hispanic,M,26.0
2394,2395,80-15-082723,Black,M,27.0
2395,2396,80-15-031174,White,F,32.0
2396,2397,80-15-031174,White,F,32.0
2397,2398,80-13-091219,Hispanic,M,41.0
2398,2399,80-13-091219,Hispanic,M,41.0
2399,2400,80-15-056707,Black,M,34.0
2400,2401,80-16-013615,Black,M,15.0
2401,2402,80-15-008861,White,F,34.0
2402,2403,80-14-005059,Black,M,18.0
2403,2404,80-14-005059,Black,M,18.0
2404,2405,80-14-000009,Black,M,36.0
2405,2406,80-13-057579,White,M,49.0
2406,2407,80-11-000006,Black,M,25.0
2407,2408,80-10-045123,Black,M,47.0
2408,2409,80-13-083333,White,M,31.0
2409,2410,80-10-029304,White,M,46.0
2410,2411,80-10-029304,White,M,46.0
2411,2412,80-16-030442,White,M,40.0
2412,2413,80-16-030442,White,M,40.0
2413,2414,80-14-014888,White,M,40.0
2414,2415,80-11-082445,Black,M,29.0
2415,2416,80-15-009956,White,F,44.0
2416,2417,80-13-087287,White,M,28.0
2417,2418,80-13-087287,White,M,28.0
2418,2419,80-13-087287,White,M,28.0
2419,2420,80-10-033188,Black,M,61.0
2420,2421,80-16-014468,Black,M,21.0
2421,2422,80-15-010483,White,M,63.0
2422,2423,80-15-011597,White,M,44.0
2423,2424,80-16-045436,Black,M,24.0
2424,2425,80-15-020375,Black,M,
2425,2426,80-15-062790,Black,M,36.0
2426,2427,80-14-075788,Null,M,34.0
2427,2428,80-11-015826,Null,,
2428,2429,80-14-045134,White,M,58.0
2429,2430,80-16-027967,Null,M,24.0
2430,2431,80-15-080077,White,F,23.0
2431,2432,80-15-081237,Unknown,U,
2432,2433,80-16-089881,White,M,65.0
2433,2434,80-10-011493,Black,M,22.0
2434,2435,80-10-011493,Black,M,22.0
2435,2436,80-12-038947,White,M,29.0
2436,2437,80-13-087391,Black,M,27.0
2437,2438,80-15-033798,Black,M,20.0
2438,2439,80-15-033798,Black,M,20.0
2439,2440,80-10-001973,Black,M,27.0
2440,2441,80-15-017501,Black,M,43.0
2441,2442,80-13-045271,White,M,58.0
2442,2443,80-13-045271,White,M,58.0
2443,2444,80-13-045271,White,M,58.0
2444,2445,80-13-045271,White,M,58.0
2445,2446,80-13-045271,White,M,58.0
2446,2447,80-13-045271,White,M,58.0
2447,2448,80-16-022889,Null,,
2448,2449,80-13-045271,White,M,58.0
2449,2450,80-13-045271,White,M,58.0
2450,2451,80-13-045271,White,M,58.0
2451,2452,80-13-045271,White,M,58.0
2452,2453,80-13-045271,White,M,58.0
2453,2454,80-13-045271,White,M,58.0
2454,2455,80-13-050027,Null,,
2455,2456,80-15-009057,Null,,
2456,2457,80-15-012275,Null,,
2457,2458,80-16-030695,Black,M,19.0
2458,2459,80-15-042289,Black,M,23.0
2459,2460,80-16-104147,Black,M,18.0
2460,2461,80-16-104147,Black,M,18.0
2461,2462,80-16-104147,Black,M,18.0
2462,2463,80-16-104147,Black,M,18.0
2463,2464,80-14-045134,White,M,59.0
2464,2465,80-13-051459,Null,,
2465,2466,80-16-022889,Null,,
2466,2467,80-11-050567,Null,,
2467,2468,80-14-056279,Hispanic,M,40.0
2468,2469,80-10-001211,Black,M,18.0
2469,2470,80-13-053491,Null,,
2470,2471,80-12-055691,Black,M,35.0
2471,2472,80-11-005616,White,M,46.0
2472,2473,80-11-079268,White,M,18.0
2473,2474,80-12-076359,Black,M,31.0
2474,2475,80-15-040103,Black,M,28.0
2475,2476,80-17-012608,Black,M,30.0
2476,2477,80-12-083968,Black,M,32.0
2477,2478,80-12-065202,Black,M,20.0
2478,2479,80-10-076022,Black,M,32.0
2479,2480,80-14-018168,Black,M,50.0
2480,2481,80-10-078963,White,M,26.0
2481,2482,80-16-036205,Black,M,38.0
2482,2483,80-16-036205,Black,M,38.0
2483,2484,80-11-094474,White,M,50.0
2484,2485,80-12-087180,Black,M,32.0
2485,2486,80-12-087180,Black,M,32.0
2486,2487,80-14-001935,Black,M,35.0
2487,2488,80-17-012858,White,M,55.0
2488,2489,80-14-045134,White,M,58.0
2489,2490,80-15-000675,White,M,30.0
2490,2491,80-11-032231,Black,M,18.0
2491,2492,80-11-032231,Black,M,18.0
2492,2493,80-17-012543,White,M,36.0
2493,2494,80-11-023785,White,M,27.0
2494,2495,80-12-005318,Black,M,31.0
2495,2496,80-12-005318,Black,M,34.0
2496,2497,80-13-087391,Black,M,27.0
2497,2498,80-13-083392,White,M,37.0
2498,2499,80-14-077468,White,M,30.0
2499,2500,80-14-077468,White,M,30.0
2500,2501,80-14-077468,White,M,30.0
2501,2502,80-14-077468,White,M,30.0
2502,2503,80-14-077468,White,M,30.0
2503,2504,80-11-079353,White,M,35.0
2504,2505,80-11-092455,Black,M,32.0
2505,2506,80-10-011493,Black,M,22.0
2506,2507,80-13-039479,Black,M,50.0
2507,2508,80-13-039479,Black,M,50.0
2508,2509,80-16-022392,Black,M,36.0
2509,2510,80-11-015390,Black,M,34.0
2510,2511,80-11-015390,Black,M,34.0
2511,2512,80-16-029978,Black,M,19.0
2512,2513,80-12-096700,White,M,31.0
2513,2514,80-15-005734,Black,M,36.0
2514,2515,80-10-096029,White,M,46.0
2515,2516,80-12-093067,Black,M,25.0
2516,2517,80-12-067747,White,M,25.0
2517,2518,80-13-013271,Black,M,25.0
2518,2519,80-13-013271,Black,M,25.0
2519,2520,80-16-092700,Black,M,17.0
2520,2521,80-16-022889,Null,,
2521,2522,80-14-015803,Black,M,21.0
2522,2523,80-11-050567,Null,,
2523,2524,80-16-028476,Null,,
2524,2525,80-15-050632,Black,M,28.0
2525,2526,80-14-028118,Black,M,87.0
2526,2527,80-14-045134,White,M,59.0
2527,2528,80-14-045819,White,M,43.0
2528,2529,80-14-045134,White,M,58.0
2529,2530,80-15-006128,Black,M,18.0
2530,2531,80-14-045134,White,M,59.0
2531,2532,80-14-045134,White,M,58.0
2532,2533,80-14-045134,White,M,59.0
2533,2534,80-14-045134,White,M,59.0
2534,2535,80-14-045134,White,M,59.0
2535,2536,80-14-045134,White,M,59.0
2536,2537,80-14-045134,White,M,59.0
2537,2538,80-15-048960,White,M,23.0
2538,2539,80-13-011934,Black,M,29.0
2539,2540,80-16-033203,Black,M,21.0
2540,2541,80-16-033203,Black,M,21.0
2541,2542,80-14-046062,Black,M,16.0
2542,2543,80-16-087381,Black,M,18.0
2543,2544,80-16-038122,Black,M,14.0
2544,2545,80-16-038122,Black,M,14.0
2545,2546,80-16-038122,Black,M,14.0
2546,2547,80-15-090149,White,M,
2547,2548,80-16-100403,White,M,40.0
2548,2549,80-15-102430,Black,F,24.0
2549,2550,80-16-028476,Null,,
2550,2551,80-15-080077,White,F,23.0
2551,2552,80-11-050567,Null,,
2552,2553,80-14-028118,Black,M,87.0
2553,2554,80-15-105694,Null,,34.0
2554,2555,80-16-008951,Black,M,20.0
2555,2556,80-16-078047,White,M,18.0
2556,2557,80-16-061571,White,M,31.0
2557,2558,80-16-104580,White,M,39.0
2558,2559,80-16-014468,Black,M,21.0
2559,2560,80-16-016846,White,M,32.0
2560,2561,80-14-055256,Black,M,29.0
2561,2562,80-11-037335,White,M,22.0
2562,2563,80-14-083365,White,M,33.0
2563,2564,80-10-064355,Black,M,17.0
2564,2565,80-13-000752,Black,M,18.0
2565,2566,80-13-050111,Black,M,20.0
2566,2567,80-13-050111,Black,M,20.0
2567,2568,80-16-052830,White,F,29.0
2568,2569,80-16-052830,White,F,29.0
2569,2570,80-16-061055,White,M,40.0
2570,2571,80-16-061055,White,M,40.0
2571,2572,80-16-061055,White,M,40.0
2572,2573,80-16-054946,Black,F,26.0
2573,2574,80-17-005495,Black,M,35.0
2574,2575,80-16-076418,White,M,53.0
2575,2576,80-16-076418,White,M,53.0
2576,2577,80-16-076418,White,M,53.0
2577,2578,80-16-092314,Black,M,19.0
2578,2579,80-16-092314,Black,M,19.0
2579,2580,80-14-009715,White,M,27.0
2580,2581,80-11-105768,Null,,
2581,2582,80-16-042073,Null,,
2582,2583,80-15-047986,Black,M,17.0
2583,2584,80-11-105768,Null,,
2584,2585,80-16-029730,White,M,19.0
2585,2586,80-16-042073,Null,,
2586,2587,80-15-056216,Black,M,45.0
2587,2588,80-16-063523,Null,,
2588,2589,80-15-036375,White,M,25.0
2589,2590,80-16-071076,Null,,
2590,2591,80-14-028118,Black,M,87.0
2591,2592,80-14-071429,Black,M,20.0
2592,2593,80-15-007261,Black,M,15.0
2593,2594,80-15-093276,Null,M,
2594,2595,80-15-018971,Black,M,18.0
2595,2596,80-15-020470,Black,M,23.0
2596,2597,80-15-020470,Black,M,23.0
2597,2598,80-14-090155,White,M,27.0
2598,2599,80-15-045301,Black,M,35.0
2599,2600,80-14-017222,White,M,53.0
2600,2601,80-13-053491,Null,,
2601,2602,80-13-055332,Null,,
2602,2603,80-13-053365,Null,,
2603,2604,80-13-061281,Null,,
2604,2605,80-13-089790,Null,,
2605,2606,80-14-002921,Null,,
2606,2607,80-14-011723,Null,,
2607,2608,80-14-011723,Null,,
2608,2609,80-14-011723,Null,,
2609,2610,80-14-014020,Null,,
2610,2611,80-14-022911,Null,,
2611,2612,80-14-005262,Null,,
2612,2613,80-14-030817,Null,,
2613,2614,80-14-037191,Null,,
2614,2615,80-14-046778,Null,,
2615,2616,80-14-046778,Null,,
2616,2617,80-14-047671,Null,,
2617,2618,80-14-047671,Null,,
2618,2619,80-14-047671,Null,,
2619,2620,80-14-051099,Null,,
2620,2621,80-14-043561,Null,,
2621,2622,80-14-073115,Null,,
2622,2623,80-14-093133,Null,,
2623,2624,80-14-093133,Null,,
2624,2625,80-14-087843,Null,,
2625,2626,80-14-072923,Null,,
2626,2627,80-15-081852,Black,M,
2627,2628,80-11-105768,Null,,
2628,2629,80-14-096192,Null,,
2629,2630,80-15-006126,Null,,
2630,2631,80-15-009057,Null,,
2631,2632,80-15-009057,Null,,
2632,2633,80-15-009057,Null,,
2633,2634,80-15-009057,Null,,
2634,2635,80-16-075077,Null,,
2635,2636,80-16-077297,Null,,
2636,2637,80-16-081888,Null,,
2637,2638,80-16-078667,Null,,
2638,2639,80-16-091025,Null,,
2639,2640,80-16-106368,Null,,
2640,2641,80-16-106368,Null,,
2641,2642,80-12-011215,Null,,
2642,2643,80-16-109774,Null,,
2643,2644,80-15-081852,Black,M,
2644,2645,80-12-039853,Null,,
2645,2646,80-16-106970,Null,,
2646,2647,80-14-077692,Black,F,40.0
2647,2648,80-14-090530,Black,M,
2648,2649,80-13-015534,Black,F,35.0
2649,2650,80-13-076044,White,M,46.0
2650,2651,80-16-018171,Hispanic,M,44.0
2651,2652,80-14-025387,Black,M,34.0
2652,2653,80-12-004368,Black,M,30.0
2653,2654,80-12-004368,Black,M,30.0
2654,2655,80-11-041149,Black,M,21.0
2655,2656,80-12-086270,Black,M,20.0
2656,2657,80-13-003277,Black,M,28.0
2657,2658,80-12-000046,Black,M,49.0
2658,2659,80-13-009939,Black,M,24.0
2659,2660,80-15-063043,Black,M,38.0
2660,2661,80-15-063043,Black,M,38.0
2661,2662,80-15-063043,Black,M,38.0
2662,2663,80-15-063043,Black,M,38.0
2663,2664,80-12-011854,Black,M,35.0
2664,2665,80-14-090155,White,M,27.0
2665,2666,80-15-042148,Black,M,25.0
2666,2667,80-14-005059,Black,M,18.0
2667,2668,80-14-005059,Black,M,18.0
2668,2669,80-14-005059,Black,M,18.0
2669,2670,80-15-094080,Black,M,34.0
2670,2671,80-13-075381,White,M,41.0
2671,2672,80-15-027004,Black,M,15.0
2672,2673,80-14-098579,Unknown,U,30.0
2673,2674,80-15-102430,Black,F,24.0
2674,2675,80-15-102430,Black,F,24.0
2675,2676,80-14-100414,White,M,60.0
2676,2677,80-16-002945,White,M,53.0
2677,2678,80-16-010807,Black,F,30.0
2678,2679,80-16-048517,White,M,30.0
2679,2680,80-16-048517,White,M,30.0
2680,2681,80-16-048517,White,M,30.0
2681,2682,80-15-006128,Black,M,18.0
2682,2683,80-17-002549,Null,,
2683,2684,80-12-047977,Null,,
2684,2685,80-14-037964,Black,M,16.0
2685,2686,80-12-068393,Null,,
2686,2687,80-17-003774,Null,,
2687,2688,80-12-068393,Null,,
2688,2689,80-17-006900,Null,,
2689,2690,80-12-064876,Null,,
2690,2691,80-17-010679,Null,,
2691,2692,80-12-081184,Null,,
2692,2693,80-17-011680,Null,,
2693,2694,80-10-023881,Null,,
2694,2695,80-10-050884,Null,,
2695,2696,80-10-050884,Null,,
2696,2697,80-10-080183,Null,,
2697,2698,80-10-083504,Null,,
2698,2699,80-10-083504,Null,,
2699,2700,80-15-083745,Hispanic,M,40.0
2700,2701,80-14-056279,Hispanic,M,40.0
2701,2702,80-15-106174,Black,M,43.0
2702,2703,80-13-094160,Black,M,40.0
2703,2704,80-15-101110,White,M,42.0
2704,2705,80-16-032101,Black,M,15.0
2705,2706,80-13-051614,White,M,70.0
2706,2707,80-15-050943,Black,M,
2707,2708,80-14-049519,White,M,22.0
2708,2709,80-16-103344,White,M,19.0
2709,2710,80-15-067522,Black,M,
2710,2711,80-16-047031,Black,M,21.0
2711,2712,80-15-084189,White,F,30.0
2712,2713,80-15-066540,Black,F,58.0
2713,2714,80-15-090081,Black,M,33.0
2714,2715,80-15-063352,White,M,29.0
2715,2716,80-11-015826,Null,,
2716,2717,80-10-096973,Null,,
2717,2718,80-10-097301,Null,,
2718,2719,80-11-045421,Null,,
2719,2720,80-11-045421,Null,,
2720,2721,80-14-037964,Black,M,16.0
2721,2722,80-12-089149,Null,,
2722,2723,80-12-098766,Null,,
2723,2724,80-13-001185,Null,,
2724,2725,80-13-022877,Null,,
2725,2726,80-13-022961,Null,,
2726,2727,80-13-022961,Null,,
2727,2728,80-13-025530,Null,,
2728,2729,80-13-027342,Null,,
2729,2730,80-13-027342,Null,,
2730,2731,80-13-027342,Null,,
2731,2732,80-13-047072,Null,,
2732,2733,80-13-047072,Null,,
2733,2734,80-13-081413,Null,,
2734,2735,80-13-081413,Null,,
2735,2736,80-13-086963,Null,,
2736,2737,80-13-086963,Null,,
2737,2738,80-14-003340,Null,,
2738,2739,80-14-003686,Null,,
2739,2740,80-14-005262,Null,,
2740,2741,80-12-051794,Null,,
2741,2742,80-12-064211,Null,,
2742,2743,80-12-064211,Null,,
2743,2744,80-12-064211,Null,,
2744,2745,80-12-083042,Null,,
2745,2746,80-12-083042,Null,,
2746,2747,80-12-097484,Null,,
2747,2748,80-13-002748,Null,,
2748,2749,80-13-008948,Null,,
2749,2750,80-13-008948,Null,,
2750,2751,80-13-009354,Null,,
2751,2752,80-13-024220,Null,,
2752,2753,80-13-025043,Null,,
2753,2754,80-13-036748,Null,,
2754,2755,80-13-038037,Null,,
2755,2756,80-13-044814,Null,,
2756,2757,80-13-044814,Null,,
2757,2758,80-14-037964,Black,M,16.0
2758,2759,80-16-047533,Black,M,16.0
2759,2760,80-15-090658,Black,M,19.0
2760,2761,80-14-011338,Black,M,22.0
2761,2762,80-14-002218,Hispanic,M,25.0
2762,2763,80-16-066910,Black,M,15.0
2763,2764,80-17-002571,White,M,23.0
2764,2765,80-17-002571,White,M,23.0
2765,2766,80-16-088981,Black,M,
2766,2767,80-16-088981,Black,M,
2767,2768,80-16-108242,White,F,41.0
2768,2769,80-16-026237,White,F,44.0
2769,2770,80-16-026237,White,F,44.0
2770,2771,80-16-110704,White,M,18.0
2771,2772,80-16-039779,White,M,
2772,2773,80-14-082743,Null,,
2773,2774,80-14-086303,Null,,
2774,2775,80-14-086303,Null,,
2775,2776,80-15-000435,Null,,
2776,2777,80-14-097060,Null,,
2777,2778,80-15-012275,Null,,
2778,2779,80-15-017613,Null,,
2779,2780,80-15-017613,Null,,
2780,2781,80-15-017613,Null,,
2781,2782,80-15-018292,Null,,
2782,2783,80-15-018292,Null,,
2783,2784,80-15-018292,Null,,
2784,2785,80-15-018292,Null,,
2785,2786,80-15-016652,Null,,
2786,2787,80-15-016652,Null,,
2787,2788,80-15-023049,Null,,
2788,2789,80-15-025475,Null,,
2789,2790,80-15-025475,Null,,
2790,2791,80-15-025147,Null,,
2791,2792,80-15-038526,Null,,
2792,2793,80-15-038539,Null,,
2793,2794,80-15-039574,Null,,
2794,2795,80-15-048104,Null,,
2795,2796,80-15-061282,Null,,
2796,2797,80-15-088871,Null,,
2797,2798,80-15-096377,Null,,
2798,2799,80-16-002945,Null,,
2799,2800,80-16-006701,Null,,
2800,2801,80-14-075210,Black,M,41.0
2801,2802,80-15-050382,Black,M,16.0
2802,2803,80-16-032945,White,M,31.0
2803,2804,80-11-011407,Black,M,30.0
2804,2805,80-11-011407,Black,M,30.0
2805,2806,80-11-046920,Black,M,41.0
2806,2807,80-11-012781,Black,M,47.0
2807,2808,80-16-054571,Black,M,36.0
2808,2809,80-11-012781,Black,M,47.0
2809,2810,80-10-072702,Null,,
2810,2811,80-11-021413,White,M,48.0
2811,2812,80-12-033923,Black,M,28.0
2812,2813,80-16-107119,Black,M,27.0
2813,2814,80-13-004513,Black,M,61.0
2814,2815,80-11-063078,Null,,
2815,2816,80-14-034303,Null,,
2816,2817,80-11-021413,White,M,48.0
2817,2818,80-12-033923,Black,M,28.0
2818,2819,80-12-089067,Black,M,22.0
2819,2820,80-11-067300,White,M,44.0
2820,2821,80-16-029447,White,M,32.0
2821,2822,80-13-040481,White,M,23.0
2822,2823,80-11-073001,Null,,
2823,2824,80-13-040481,White,M,23.0
2824,2825,80-12-067469,White,M,56.0
2825,2826,80-12-089067,Black,M,22.0
2826,2827,80-12-056251,White,M,31.0
2827,2828,80-11-021353,White,M,26.0
2828,2829,80-13-040481,White,M,24.0
2829,2830,80-12-067469,White,M,56.0
2830,2831,80-11-103239,Null,,
2831,2832,80-14-034303,Null,,
2832,2833,80-12-089067,Black,M,22.0
2833,2834,80-12-067469,White,M,56.0
2834,2835,80-15-101808,White,M,59.0
2835,2836,80-14-015284,White,M,26.0
2836,2837,80-14-020896,Black,M,31.0
2837,2838,80-14-044095,Null,,
2838,2839,80-11-103239,Null,,
2839,2840,80-15-100464,Black,M,34.0
2840,2841,80-14-036104,Black,M,53.0
2841,2842,80-16-057985,Black,M,18.0
2842,2843,80-14-048266,White,F,42.0
2843,2844,80-16-006580,Black,M,25.0
2844,2845,80-11-103497,Null,,
2845,2846,80-13-047281,Black,M,19.0
2846,2847,80-13-039014,Black,M,26.0
2847,2848,80-13-059468,Null,,
2848,2849,80-14-042604,Null,,
2849,2850,80-13-051266,Null,,
2850,2851,80-13-059468,Null,,
2851,2852,80-13-076585,White,M,24.0
2852,2853,80-13-039014,Black,M,26.0
2853,2854,80-14-042604,Null,,
2854,2855,80-11-103239,Null,,
2855,2856,80-13-023345,Black,F,36.0
2856,2857,80-13-051266,Null,,
2857,2858,80-13-086238,Null,,
2858,2859,80-16-030354,Black,F,23.0
2859,2860,80-13-076585,White,M,24.0
2860,2861,80-13-093885,Black,M,22.0
2861,2862,80-13-086238,Null,,
2862,2863,80-12-044593,Null,,
2863,2864,80-14-042604,Null,,
2864,2865,80-16-030354,Black,F,23.0
2865,2866,80-15-009632,White,M,25.0
2866,2867,80-13-089933,Null,,
2867,2868,80-12-044593,Null,,
2868,2869,80-13-093885,Black,M,22.0
2869,2870,80-13-075055,White,M,20.0
2870,2871,80-12-083042,Null,,
2871,2872,80-15-025082,Black,M,28.0
2872,2873,80-14-042604,Null,,
2873,2874,80-13-093885,Black,M,22.0
2874,2875,80-13-095782,Null,,
2875,2876,80-15-009632,White,M,25.0
2876,2877,80-12-052363,Black,M,20.0
2877,2878,80-12-083042,Null,,
2878,2879,80-12-084344,Null,,
2879,2880,80-12-084344,Null,,
2880,2881,80-12-091562,Null,,
2881,2882,80-12-092477,Null,,
2882,2883,80-11-092744,White,M,51.0
2883,2884,80-14-041900,White,M,26.0
2884,2885,80-14-041900,White,M,26.0
2885,2886,80-14-041900,White,M,26.0
2886,2887,80-15-093771,White,M,35.0
2887,2888,80-12-028106,White,M,33.0
2888,2889,80-13-028993,Black,M,55.0
2889,2890,80-13-053445,Black,M,35.0
2890,2891,80-11-005480,White,F,55.0
2891,2892,80-10-024063,Black,M,22.0
2892,2893,80-16-026761,Black,M,28.0
2893,2894,80-15-050382,Black,M,16.0
2894,2895,80-16-051573,Black,M,24.0
2895,2896,80-16-051573,Black,M,26.0
2896,2897,80-12-099405,Null,,
2897,2898,80-13-007737,Null,,
2898,2899,80-13-002980,Null,,
2899,2900,80-13-017673,Null,,
2900,2901,80-13-017673,Null,,
2901,2902,80-13-017673,Null,,
2902,2903,80-13-017673,Null,,
2903,2904,80-13-018360,Null,,
2904,2905,80-13-026725,Null,,
2905,2906,80-13-029846,Null,,
2906,2907,80-13-029846,Null,,
2907,2908,80-13-030827,Null,,
2908,2909,80-13-037393,Null,,
2909,2910,80-13-039362,Null,,
2910,2911,80-13-043255,Null,,
2911,2912,80-13-043255,Null,,
2912,2913,80-13-043255,Null,,
2913,2914,80-13-047072,Null,,
2914,2915,80-13-053491,Null,,
2915,2916,80-16-051573,Black,M,24.0
2916,2917,80-16-051573,Black,M,26.0
2917,2918,80-12-081096,White,M,58.0
2918,2919,80-12-052363,Black,M,20.0
2919,2920,80-16-002945,Null,,
2920,2921,80-14-042604,Null,,
2921,2922,80-12-052363,Black,M,20.0
2922,2923,80-12-076359,Black,M,31.0
2923,2924,80-12-023437,Null,,
2924,2925,80-14-049136,Null,,
2925,2926,80-16-003193,Null,,
2926,2927,80-12-091339,White,M,57.0
2927,2928,80-12-052363,Black,M,20.0
2928,2929,80-16-004782,Null,,
2929,2930,80-11-093801,Black,M,57.0
2930,2931,80-11-016134,Black,M,59.0
2931,2932,80-14-053781,Null,,
2932,2933,80-12-023437,Null,,
2933,2934,80-12-052363,Black,M,20.0
2934,2935,80-16-004782,Null,,
2935,2936,80-16-004782,Null,,
2936,2937,80-12-101888,Hispanic,M,42.0
2937,2938,80-13-076044,White,M,46.0
2938,2939,80-16-085846,White,M,32.0
2939,2940,80-15-014788,White,M,66.0
2940,2941,80-16-013051,Black,M,22.0
2941,2942,80-14-056319,Black,M,25.0
2942,2943,80-12-056251,White,M,31.0
2943,2944,80-11-025678,Black,M,34.0
2944,2945,80-12-056251,White,M,31.0
2945,2946,80-17-005477,White,M,38.0
2946,2947,80-17-005477,White,M,38.0
2947,2948,80-12-052958,Black,M,45.0
2948,2949,80-10-099701,Black,M,32.0
2949,2950,80-11-093801,Black,M,57.0
2950,2951,80-14-060634,White,M,28.0
2951,2952,80-12-080722,Black,M,32.0
2952,2953,80-13-020997,White,M,31.0
2953,2954,80-13-055791,Black,M,20.0
2954,2955,80-13-055791,Black,M,20.0
2955,2956,80-14-020423,Black,M,25.0
2956,2957,80-14-020423,Black,M,25.0
2957,2958,80-14-020423,Black,M,25.0
2958,2959,80-14-020423,Black,M,25.0
2959,2960,80-14-020423,Black,M,25.0
2960,2961,80-14-020423,Black,M,25.0
2961,2962,80-14-035465,White,M,45.0
2962,2963,80-14-078351,Black,M,25.0
2963,2964,80-13-079045,Black,M,25.0
2964,2965,80-17-014580,Black,M,23.0
2965,2966,80-11-097647,Black,M,28.0
2966,2967,80-12-052363,Black,M,20.0
2967,2968,80-14-061199,Null,,
2968,2969,80-14-052912,Black,M,28.0
2969,2970,80-12-091431,Black,M,39.0
2970,2971,80-14-053061,White,M,27.0
2971,2972,80-15-003249,White,M,53.0
2972,2973,80-12-044593,Null,,
2973,2974,80-14-002193,Black,M,23.0
2974,2975,80-14-073299,Null,,
2975,2976,80-17-002731,Black,M,16.0
2976,2977,80-15-011502,White,M,32.0
2977,2978,80-11-018001,White,M,18.0
2978,2979,80-14-065621,Null,,
2979,2980,80-12-044593,Null,,
2980,2981,80-10-039952,White,M,20.0
2981,2982,80-14-092912,Black,M,27.0
2982,2983,80-15-059084,Black,M,24.0
2983,2984,80-14-021799,Black,M,25.0
2984,2985,80-14-027572,Black,M,28.0
2985,2986,80-13-007844,Black,M,45.0
2986,2987,80-10-039952,White,M,20.0
2987,2988,80-14-081579,Null,,
2988,2989,80-14-021799,Black,M,25.0
2989,2990,80-13-043249,White,M,28.0
2990,2991,80-16-032945,White,M,31.0
2991,2992,80-12-066877,Null,,
2992,2993,80-13-043249,White,M,28.0
2993,2994,80-14-094136,White,M,21.0
2994,2995,80-16-102405,Black,M,30.0
2995,2996,80-14-034046,Black,M,19.0
2996,2997,80-13-095595,Black,M,50.0
2997,2998,80-14-095858,Black,M,32.0
2998,2999,80-14-033243,Black,M,32.0
2999,3000,80-16-104725,Black,M,37.0
3000,3001,80-10-003457,White,M,39.0
3001,3002,80-11-073276,Black,M,33.0
3002,3003,80-10-039952,White,M,20.0
3003,3004,80-11-073276,Black,M,30.0
3004,3005,80-12-066865,Null,,
3005,3006,80-11-005480,White,F,55.0
3006,3007,80-13-043249,White,M,28.0
3007,3008,80-15-054776,White,M,57.0
3008,3009,80-16-055263,Black,M,
3009,3010,80-15-054776,White,M,57.0
3010,3011,80-14-017867,Black,M,42.0
3011,3012,80-14-022149,Black,M,48.0
3012,3013,80-14-022149,Black,M,48.0
3013,3014,80-11-087598,Black,M,33.0
3014,3015,80-14-066162,White,M,51.0
3015,3016,80-16-085846,White,M,32.0
3016,3017,80-16-083650,Black,F,62.0
3017,3018,80-16-083650,Black,F,62.0
3018,3019,80-16-020256,Black,M,35.0
3019,3020,80-10-075156,Black,M,49.0
3020,3021,80-10-075156,Black,M,49.0
3021,3022,80-11-055864,White,M,21.0
3022,3023,80-12-084884,Black,M,23.0
3023,3024,80-13-063303,Black,M,25.0
3024,3025,80-16-109774,Null,,
3025,3026,80-17-005183,Null,,
3026,3027,80-16-069522,Null,,
3027,3028,80-17-008365,Null,,
3028,3029,80-15-063436,Null,,
3029,3030,80-15-074317,Null,,
3030,3031,80-15-074317,Null,,
3031,3032,80-15-074317,Null,,
3032,3033,80-15-096669,Null,,
3033,3034,80-16-034333,Null,,
3034,3035,80-16-041480,Null,,
3035,3036,80-16-049786,Null,,
3036,3037,80-16-063904,Null,,
3037,3038,80-16-078674,Null,,
3038,3039,80-16-078674,Null,,
3039,3040,80-16-085082,Null,,
3040,3041,80-16-095204,Null,,
3041,3042,80-16-101135,Null,,
3042,3043,80-16-101135,Null,,
3043,3044,80-16-048780,Null,M,20.0
3044,3045,80-16-048780,Null,M,20.0
3045,3046,80-16-027967,Null,M,24.0
3046,3047,80-16-089881,White,M,65.0
3047,3048,80-16-038122,Black,M,14.0
3048,3049,80-16-040146,Black,M,31.0
3049,3050,80-16-049398,Black,M,
3050,3051,80-16-059290,Black,M,15.0
3051,3052,80-14-100647,White,M,33.0
3052,3053,80-16-067205,White,M,22.0
3053,3054,80-16-068179,Null,,
3054,3055,80-14-085176,Black,M,53.0
3055,3056,80-16-079770,White,M,16.0
3056,3057,80-16-095256,Null,M,14.0
3057,3058,80-10-004264,White,M,39.0
3058,3059,80-10-044969,White,M,23.0
3059,3060,80-16-086169,White,M,46.0
3060,3061,80-12-081950,Null,,
3061,3062,80-10-074787,White,M,22.0
3062,3063,80-13-000005,Black,M,26.0
3063,3064,80-11-039775,Black,M,29.0
3064,3065,80-16-095140,Black,M,21.0
3065,3066,80-12-089696,Null,,
3066,3067,80-12-088951,Null,,
3067,3068,80-12-096744,Null,,
3068,3069,80-12-100876,Null,,
3069,3070,80-12-100876,Null,,
3070,3071,80-12-100876,Null,,
3071,3072,80-13-014089,Null,,
3072,3073,80-13-019793,Null,,
3073,3074,80-13-043601,Null,,
3074,3075,80-13-000874,Null,,
3075,3076,80-13-051858,Null,,
3076,3077,80-13-051858,Null,,
3077,3078,80-13-052701,Null,,
3078,3079,80-13-055774,Null,,
3079,3080,80-13-061562,Null,,
3080,3081,80-13-061562,Null,,
3081,3082,80-13-073606,Null,,
3082,3083,80-13-081413,Null,,
3083,3084,80-13-081413,Null,,
3084,3085,80-13-081915,Null,,
3085,3086,80-13-091537,Null,,
3086,3087,80-13-093240,Null,,
3087,3088,80-10-003752,Null,,
3088,3089,80-10-004874,Null,,
3089,3090,80-10-004874,Null,,
3090,3091,80-10-014001,Null,,
3091,3092,80-10-014001,Null,,
3092,3093,80-10-032344,Null,,
3093,3094,80-10-043814,Null,,
3094,3095,80-10-050222,Null,,
3095,3096,80-14-069118,Black,M,24.0
3096,3097,80-14-069118,Black,M,24.0
3097,3098,80-14-069118,Black,M,24.0
3098,3099,80-14-078509,Null,,
3099,3100,80-14-088633,Null,,
3100,3101,80-14-096593,Null,,
3101,3102,80-15-014510,Null,,
3102,3103,80-16-056897,Black,M,15.0
3103,3104,80-15-021207,Null,,
3104,3105,80-15-030176,Null,,
3105,3106,80-15-031951,Null,,
3106,3107,80-15-034176,Null,,
3107,3108,80-15-029895,Null,,
3108,3109,80-15-032798,Null,,
3109,3110,80-15-032807,Null,,
3110,3111,80-15-032807,Null,,
3111,3112,80-15-036664,Null,,
3112,3113,80-14-023514,Black,M,20.0
3113,3114,80-15-041169,Null,,
3114,3115,80-15-046945,Null,,
3115,3116,80-15-046945,Null,,
3116,3117,80-15-041384,Null,,
3117,3118,80-16-074800,Black,M,40.0
3118,3119,80-11-021413,White,M,48.0
3119,3120,80-14-028613,Black,M,22.0
3120,3121,80-11-021413,White,M,48.0
3121,3122,80-11-017753,White,M,51.0
3122,3123,80-14-053156,White,M,65.0
3123,3124,80-10-052685,Black,M,27.0
3124,3125,80-16-108452,White,M,60.0
3125,3126,80-10-052685,Black,M,27.0
3126,3127,80-16-101135,Null,,
3127,3128,80-14-012504,White,M,22.0
3128,3129,80-16-108452,White,M,60.0
3129,3130,80-17-003780,White,M,25.0
3130,3131,80-16-101135,Null,,
3131,3132,80-14-009894,Black,M,29.0
3132,3133,80-10-049641,Black,M,22.0
3133,3134,80-14-021764,Null,,
3134,3135,80-16-070110,White,M,61.0
3135,3136,80-12-099787,Black,M,23.0
3136,3137,80-14-013519,Null,,
3137,3138,80-16-070110,White,M,61.0
3138,3139,80-12-099787,Black,M,23.0
3139,3140,80-13-060717,White,M,28.0
3140,3141,80-17-007625,White,F,26.0
3141,3142,80-12-061665,White,M,25.0
3142,3143,80-15-049540,White,M,30.0
3143,3144,80-12-010695,Black,M,19.0
3144,3145,80-12-005217,Black,M,42.0
3145,3146,80-11-087196,Black,M,19.0
3146,3147,80-11-087196,Black,M,19.0
3147,3148,80-11-087196,Black,M,19.0
3148,3149,80-11-087196,Black,M,19.0
3149,3150,80-11-095365,Black,M,20.0
3150,3151,80-11-097259,White,M,26.0
3151,3152,80-15-012840,Black,M,24.0
3152,3153,80-15-012840,Black,M,24.0
3153,3154,80-11-000740,White,M,37.0
3154,3155,80-11-000740,White,M,37.0
3155,3156,80-11-000740,White,M,37.0
3156,3157,80-11-000740,White,M,37.0
3157,3158,80-11-000740,White,M,37.0
3158,3159,80-14-040821,Null,,
3159,3160,80-10-096029,White,M,46.0
3160,3161,80-13-033236,White,M,55.0
3161,3162,80-12-045673,Black,M,25.0
3162,3163,80-14-085793,Black,M,29.0
3163,3164,80-16-009304,Black,F,26.0
3164,3165,80-14-082147,Black,M,16.0
3165,3166,80-16-009304,Black,F,26.0
3166,3167,80-16-077248,Black,M,33.0
3167,3168,80-12-071163,Black,M,83.0
3168,3169,80-13-051266,Null,,
3169,3170,80-12-071163,Black,M,83.0
3170,3171,80-13-009939,Black,M,24.0
3171,3172,80-10-050291,Black,M,24.0
3172,3173,80-17-003909,White,M,27.0
3173,3174,80-12-081308,White,M,26.0
3174,3175,80-12-071375,White,M,24.0
3175,3176,80-12-055375,Black,M,34.0
3176,3177,80-13-095754,Black,M,18.0
3177,3178,80-14-087410,Black,M,37.0
3178,3179,80-13-036753,Black,M,21.0
3179,3180,80-15-100202,White,M,36.0
3180,3181,80-17-011424,Black,M,27.0
3181,3182,80-11-076244,Black,M,31.0
3182,3183,80-11-009159,White,F,23.0
3183,3184,80-11-009159,White,F,23.0
3184,3185,80-11-009159,White,F,23.0
3185,3186,80-15-014788,White,M,66.0
3186,3187,80-17-008386,White,M,48.0
3187,3188,80-17-008386,White,M,48.0
3188,3189,80-12-062610,Black,M,21.0
3189,3190,80-11-040388,Black,M,25.0
3190,3191,80-16-035662,Black,M,42.0
3191,3192,80-12-071375,White,M,24.0
3192,3193,80-12-071375,White,M,24.0
3193,3194,80-12-075791,White,M,73.0
3194,3195,80-10-058645,Black,M,22.0
3195,3196,80-16-030442,White,M,40.0
3196,3197,80-16-080272,White,M,31.0
3197,3198,80-16-080272,White,M,31.0
3198,3199,80-12-006620,Black,M,19.0
3199,3200,80-16-088246,Black,M,31.0
3200,3201,80-16-035662,Black,M,42.0
3201,3202,80-15-089225,Black,M,27.0
3202,3203,80-14-067052,White,M,57.0
3203,3204,80-13-089913,Black,M,18.0
3204,3205,80-13-000013,Black,M,40.0
3205,3206,80-13-081073,Black,M,24.0
3206,3207,80-13-071136,White,M,51.0
3207,3208,80-17-005477,White,M,38.0
3208,3209,80-13-088210,White,M,39.0
3209,3210,80-13-088210,White,M,39.0
3210,3211,80-13-088210,White,M,39.0
3211,3212,80-15-100202,White,M,36.0
3212,3213,80-13-045271,White,M,58.0
3213,3214,80-13-045271,White,M,58.0
3214,3215,80-13-045271,White,M,58.0
3215,3216,80-13-045271,White,M,58.0
3216,3217,80-14-045134,White,M,58.0
3217,3218,80-14-045134,White,M,59.0
3218,3219,80-14-045134,White,M,58.0
3219,3220,80-14-045134,White,M,59.0
3220,3221,80-14-045134,White,M,59.0
3221,3222,80-13-004513,Black,M,61.0
3222,3223,80-12-052094,Black,M,16.0
3223,3224,80-15-093374,White,M,22.0
3224,3225,80-14-045134,White,M,59.0
3225,3226,80-14-045134,White,M,59.0
3226,3227,80-14-045134,White,M,59.0
3227,3228,80-13-045271,White,M,58.0
3228,3229,80-13-045271,White,M,58.0
3229,3230,80-13-045271,White,M,58.0
3230,3231,80-13-045271,White,M,58.0
3231,3232,80-13-045271,White,M,58.0
3232,3233,80-13-045271,White,M,58.0
3233,3234,80-13-045271,White,M,58.0
3234,3235,80-13-045271,White,M,58.0
3235,3236,80-13-088210,White,M,39.0
3236,3237,80-16-072561,White,M,22.0
3237,3238,80-13-044205,Black,M,19.0
3238,3239,80-13-044205,Black,M,19.0
3239,3240,80-16-109544,Hispanic,F,27.0
3240,3241,80-12-046970,Black,M,18.0
3241,3242,80-11-035915,Black,M,23.0
3242,3243,80-16-084668,Black,F,25.0
3243,3244,80-11-035915,Black,M,28.0
3244,3245,80-13-018169,White,M,27.0
3245,3246,80-13-002382,White,M,19.0
3246,3247,80-10-002750,Black,M,25.0
3247,3248,80-12-094658,Black,M,20.0
3248,3249,80-11-106042,Black,M,37.0
3249,3250,80-14-020933,Black,M,23.0
3250,3251,80-12-089417,Black,F,18.0
3251,3252,80-11-088592,White,M,36.0
3252,3253,80-14-067077,Black,M,19.0
3253,3254,80-11-088592,White,M,36.0
3254,3255,80-12-086408,Black,M,34.0
3255,3256,80-11-059353,White,M,42.0
3256,3257,80-14-039398,White,M,22.0
3257,3258,80-10-097211,White,M,22.0
3258,3259,80-14-040880,Black,M,29.0
3259,3260,80-10-067780,White,M,18.0
3260,3261,80-12-080422,Black,M,33.0
3261,3262,80-10-087199,White,F,
3262,3263,80-12-070739,Black,M,32.0
3263,3264,80-14-031148,Black,M,14.0
3264,3265,80-10-003061,White,M,23.0
3265,3266,80-10-062600,White,M,23.0
3266,3267,80-12-007223,Black,M,29.0
3267,3268,80-13-073252,White,M,52.0
3268,3269,80-11-075517,Black,M,31.0
3269,3270,80-14-023029,Black,M,24.0
3270,3271,80-16-070787,Black,F,22.0
3271,3272,80-12-031587,Black,M,24.0
3272,3273,80-10-042048,White,M,52.0
3273,3274,80-15-021067,Black,M,23.0
3274,3275,80-14-052493,White,F,28.0
3275,3276,80-10-003061,White,M,23.0
3276,3277,80-12-026095,White,M,29.0
3277,3278,80-12-012751,Black,M,42.0
3278,3279,80-12-103025,Black,M,34.0
3279,3280,80-12-031587,Black,M,24.0
3280,3281,80-10-091417,Black,M,31.0
3281,3282,80-11-085497,Hispanic,M,28.0
3282,3283,80-14-009126,White,M,25.0
3283,3284,80-10-003061,White,M,23.0
3284,3285,80-12-039575,White,M,31.0
3285,3286,80-13-048974,Black,M,28.0
3286,3287,80-10-003061,White,M,23.0
3287,3288,80-14-009126,White,M,25.0
3288,3289,80-10-001536,Black,M,18.0
3289,3290,80-10-017920,White,M,59.0
3290,3291,80-15-080806,White,M,25.0
3291,3292,80-10-017920,White,M,59.0
3292,3293,80-14-009126,White,M,25.0
3293,3294,80-10-003061,White,M,23.0
3294,3295,80-12-000915,Black,M,72.0
3295,3296,80-14-031430,Black,M,18.0
3296,3297,80-14-028613,Black,M,22.0
3297,3298,80-17-009059,White,M,40.0
3298,3299,80-14-009126,White,M,25.0
3299,3300,80-10-003061,White,M,23.0
3300,3301,80-13-027463,White,M,59.0
3301,3302,80-12-042585,Black,M,22.0
3302,3303,80-14-031430,Black,M,18.0
3303,3304,80-10-094147,White,M,29.0
3304,3305,80-16-022240,White,M,35.0
3305,3306,80-12-055313,Black,F,20.0
3306,3307,80-14-009126,White,M,25.0
3307,3308,80-17-008497,Black,M,26.0
3308,3309,80-14-009126,White,M,25.0
3309,3310,80-16-063564,Black,M,19.0
3310,3311,80-10-019783,Black,M,25.0
3311,3312,80-14-037029,Black,F,26.0
3312,3313,80-12-046874,White,M,72.0
3313,3314,80-11-012252,Black,M,24.0
3314,3315,80-11-042620,Black,M,50.0
3315,3316,80-10-045659,White,F,23.0
3316,3317,80-15-065953,Black,M,43.0
3317,3318,80-10-004252,White,M,19.0
3318,3319,80-10-050222,Null,M,23.0
3319,3320,80-14-037029,Black,F,26.0
3320,3321,80-16-085012,White,F,23.0
3321,3322,80-10-100871,White,M,28.0
3322,3323,80-14-007238,White,M,21.0
3323,3324,80-14-060090,Black,M,22.0
3324,3325,80-15-070942,Null,F,39.0
3325,3326,80-10-044635,Black,M,31.0
3326,3327,80-16-101135,Black,M,23.0
3327,3328,80-16-101135,Black,M,23.0
3328,3329,80-16-101135,Black,M,23.0
3329,3330,80-16-101135,Black,M,23.0
3330,3331,80-13-016102,White,M,21.0
3331,3332,80-16-026781,White,M,38.0
3332,3333,80-14-033559,Black,M,22.0
3333,3334,80-13-045634,White,M,23.0
3334,3335,80-15-103038,White,M,23.0
3335,3336,80-12-075612,Black,M,36.0
3336,3337,80-15-022970,White,M,51.0
3337,3338,80-12-055038,White,F,38.0
3338,3339,80-10-041249,White,M,50.0
3339,3340,80-17-008497,Black,M,26.0
3340,3341,80-12-052927,Black,M,32.0
3341,3342,80-11-014658,Black,M,32.0
3342,3343,80-12-019990,Black,M,30.0
3343,3344,80-15-078740,Black,M,41.0
3344,3345,80-16-006586,Black,M,35.0
3345,3346,80-15-009632,White,M,25.0
3346,3347,80-13-027377,Black,M,18.0
3347,3348,80-14-067946,Black,M,22.0
3348,3349,80-14-009126,White,M,25.0
3349,3350,80-14-009126,White,M,25.0
3350,3351,80-14-009126,White,M,25.0
3351,3352,80-13-023611,Black,M,16.0
3352,3353,80-14-002031,White,M,26.0
3353,3354,80-13-010595,Black,M,21.0
3354,3355,80-10-060260,Black,M,59.0
3355,3356,80-14-005353,Black,M,21.0
3356,3357,80-14-005353,Black,M,21.0
3357,3358,80-12-016804,White,M,11.0
3358,3359,80-12-016804,White,M,11.0
3359,3360,80-14-029711,Black,M,39.0
3360,3361,80-14-059272,White,F,42.0
3361,3362,80-13-027463,White,M,59.0
3362,3363,80-13-043208,Black,M,29.0
3363,3364,80-16-053131,White,M,37.0
3364,3365,80-14-008653,White,M,33.0
3365,3366,80-11-046031,Black,M,25.0
3366,3367,80-16-053131,White,M,37.0
3367,3368,80-13-043208,Black,M,29.0
3368,3369,80-13-067660,White,M,27.0
3369,3370,80-17-009059,White,M,40.0
3370,3371,80-11-025678,Black,M,34.0
3371,3372,80-15-000510,Black,M,32.0
3372,3373,80-16-053131,White,M,37.0
3373,3374,80-12-028976,Black,M,19.0
3374,3375,80-14-073244,White,M,39.0
3375,3376,80-13-038820,Black,M,24.0
3376,3377,80-11-040664,Black,M,42.0
3377,3378,80-10-027848,Hispanic,M,36.0
3378,3379,80-16-077255,White,M,31.0
3379,3380,80-12-028976,Black,M,19.0
3380,3381,80-15-074623,White,M,20.0
3381,3382,80-13-081413,White,M,22.0
3382,3383,80-13-081413,White,M,22.0
3383,3384,80-13-081413,White,M,22.0
3384,3385,80-13-081413,White,M,22.0
3385,3386,80-12-096700,White,M,31.0
3386,3387,80-13-019179,Black,M,30.0
3387,3388,80-11-079805,Black,M,24.0
3388,3389,80-12-027100,White,M,31.0
3389,3390,80-16-017884,Black,F,33.0
3390,3391,80-11-052638,Black,M,32.0
3391,3392,80-12-081900,Black,M,36.0
3392,3393,80-12-081900,Black,M,36.0
3393,3394,80-12-081900,Black,M,36.0
3394,3395,80-16-040480,Black,M,25.0
3395,3396,80-16-100116,Black,M,51.0
3396,3397,80-16-100116,Black,M,51.0
3397,3398,80-16-100116,Black,M,51.0
3398,3399,80-16-003482,White,M,26.0
3399,3400,80-12-037440,Black,M,27.0
3400,3401,80-16-111304,Black,M,27.0
3401,3402,80-16-001206,Black,M,49.0
3402,3403,80-16-001206,Black,M,49.0
3403,3404,80-16-058960,Black,M,28.0
3404,3405,80-16-058960,Black,M,28.0
3405,3406,80-16-058960,Black,M,28.0
3406,3407,80-16-058960,Black,M,28.0
3407,3408,80-11-097166,Black,M,26.0
3408,3409,80-12-040577,White,M,27.0
3409,3410,80-15-003249,White,M,53.0
3410,3411,80-15-003249,White,M,53.0
3411,3412,80-16-006360,Black,M,29.0
3412,3413,80-16-006360,Black,M,29.0
3413,3414,80-15-033724,Black,M,33.0
3414,3415,80-10-025749,Black,M,21.0
3415,3416,80-16-110652,White,M,30.0
3416,3417,80-14-029313,Black,M,48.0
3417,3418,80-13-081413,White,M,22.0
3418,3419,80-13-081413,White,M,22.0
3419,3420,80-12-062543,Black,M,32.0
3420,3421,80-14-009420,Black,M,27.0
3421,3422,80-11-084277,White,M,43.0
3422,3423,80-14-040880,Black,M,29.0
3423,3424,80-11-104201,Black,M,19.0
3424,3425,80-16-076101,Black,M,24.0
3425,3426,80-14-040880,Black,M,29.0
3426,3427,80-14-011112,White,M,45.0
3427,3428,80-14-094645,Black,M,19.0
3428,3429,80-10-021797,White,M,30.0
3429,3430,80-14-022365,Black,M,38.0
3430,3431,80-14-032977,Black,M,16.0
3431,3432,80-12-037436,Black,M,27.0
3432,3433,80-12-094428,Black,M,39.0
3433,3434,80-16-067584,White,M,34.0
3434,3435,80-14-077468,White,M,30.0
3435,3436,80-16-063883,White,M,31.0
3436,3437,80-14-072865,White,M,65.0
3437,3438,80-13-012950,Black,M,43.0
3438,3439,80-10-038191,Black,M,21.0
3439,3440,80-16-100975,Black,M,25.0
3440,3441,80-14-031446,Black,M,44.0
3441,3442,80-10-049641,Black,M,22.0
3442,3443,80-16-079123,Black,M,56.0
3443,3444,80-13-084865,Black,M,20.0
3444,3445,80-16-106571,White,M,25.0
3445,3446,80-16-106571,White,M,25.0
3446,3447,80-16-106571,White,M,25.0
3447,3448,80-16-106571,White,M,25.0
3448,3449,80-16-106571,White,M,25.0
3449,3450,80-16-106571,White,M,25.0
3450,3451,80-11-066785,White,M,66.0
3451,3452,80-11-066785,White,M,66.0
3452,3453,80-11-066785,White,M,66.0
3453,3454,80-11-066785,White,M,66.0
3454,3455,80-11-041970,White,M,61.0
3455,3456,80-13-051266,Null,,
3456,3457,80-13-073252,White,M,52.0
3457,3458,80-10-049057,Black,M,34.0
3458,3459,80-16-005075,Black,M,30.0
3459,3460,80-13-073252,White,M,52.0
3460,3461,80-13-073252,White,M,52.0
3461,3462,80-12-029963,Black,M,21.0
3462,3463,80-16-073992,Black,M,34.0
3463,3464,80-12-037440,Black,M,27.0
3464,3465,80-12-037440,Black,M,27.0
3465,3466,80-16-016407,White,M,35.0
3466,3467,80-16-015424,Black,M,28.0
3467,3468,80-13-041881,White,M,34.0
3468,3469,80-13-041881,White,M,34.0
3469,3470,80-14-081774,White,M,33.0
3470,3471,80-12-065221,White,F,33.0
3471,3472,80-16-063883,White,M,31.0
3472,3473,80-16-063883,White,M,31.0
3473,3474,80-16-063883,White,M,31.0
3474,3475,80-12-000664,White,M,44.0
3475,3476,80-16-001828,Black,M,19.0
3476,3477,80-13-037114,Null,,
3477,3478,80-11-070255,White,M,18.0
3478,3479,80-11-070255,White,M,18.0
3479,3480,80-14-100110,Black,M,30.0
3480,3481,80-14-100110,Black,M,30.0
3481,3482,80-11-007274,Black,M,32.0
3482,3483,80-10-026515,Black,M,18.0
3483,3484,80-13-076003,Black,M,56.0
3484,3485,80-10-026515,Black,M,18.0
3485,3486,80-14-042724,Black,M,25.0
3486,3487,80-14-042724,Black,M,25.0
3487,3488,80-14-042724,Black,M,25.0
3488,3489,80-12-081184,White,M,25.0
3489,3490,80-11-064441,Black,M,20.0
3490,3491,80-13-082205,White,M,22.0
3491,3492,80-15-055634,Hispanic,M,22.0
3492,3493,80-13-097462,Black,M,15.0
3493,3494,80-14-077468,White,M,30.0
3494,3495,80-16-017009,White,M,38.0
3495,3496,80-12-071104,Black,M,71.0
3496,3497,80-15-012520,White,M,25.0
3497,3498,80-17-005928,White,M,52.0
3498,3499,80-12-041278,Black,M,24.0
3499,3500,80-10-017399,Black,M,32.0
3500,3501,80-13-026142,White,M,48.0
3501,3502,80-11-038820,White,M,33.0
3502,3503,80-11-104205,White,M,44.0
3503,3504,80-15-092348,Black,M,28.0
3504,3505,80-14-067648,White,M,25.0
3505,3506,80-11-023785,White,M,27.0
3506,3507,80-14-067052,White,M,57.0
3507,3508,80-14-067052,White,M,57.0
3508,3509,80-14-077468,White,M,30.0
3509,3510,80-14-077468,White,M,30.0
3510,3511,80-14-077468,White,M,30.0
3511,3512,80-17-008852,White,M,38.0
3512,3513,80-12-018814,White,M,47.0
3513,3514,80-10-092966,White,M,40.0
3514,3515,80-13-077079,White,M,22.0
3515,3516,80-12-086408,Black,M,34.0
3516,3517,80-14-043849,Black,M,23.0
3517,3518,80-14-043849,Black,M,23.0
3518,3519,80-14-043849,Black,M,23.0
3519,3520,80-13-076003,Black,M,56.0
3520,3521,80-10-050669,White,M,41.0
3521,3522,80-10-050669,White,M,41.0
3522,3523,80-10-050669,White,M,41.0
3523,3524,80-10-050669,White,M,41.0
3524,3525,80-10-050669,White,M,41.0
3525,3526,80-10-050669,White,M,41.0
3526,3527,80-10-050669,White,M,41.0
3527,3528,80-10-050669,White,M,41.0
3528,3529,80-10-097890,Black,M,56.0
3529,3530,80-12-043975,Black,M,22.0
3530,3531,80-12-083529,Hispanic,M,37.0
3531,3532,80-12-043975,Black,M,22.0
3532,3533,80-11-085908,Black,M,30.0
3533,3534,80-11-085908,Black,M,30.0
3534,3535,80-11-084127,Black,M,34.0
3535,3536,80-10-058047,Unknown,U,
3536,3537,80-10-058047,Unknown,U,
3537,3538,80-16-076101,Black,M,24.0
3538,3539,80-14-021462,White,M,21.0
3539,3540,80-14-021462,White,M,21.0
3540,3541,80-16-063883,White,M,31.0
3541,3542,80-15-022970,White,M,51.0
3542,3543,80-15-022970,White,M,51.0
3543,3544,80-13-062197,White,F,24.0
3544,3545,80-11-066619,White,M,28.0
3545,3546,80-11-066619,White,M,28.0
3546,3547,80-14-075447,White,M,27.0
3547,3548,80-15-027777,Black,F,34.0
3548,3549,80-15-027777,Black,F,34.0
3549,3550,80-15-027777,Black,F,34.0
3550,3551,80-15-027777,Black,F,34.0
3551,3552,80-10-059650,White,M,22.0
3552,3553,80-12-043520,White,M,50.0
3553,3554,80-14-088254,Black,M,31.0
3554,3555,80-16-071331,Black,M,45.0
3555,3556,80-11-039285,Black,M,25.0
3556,3557,80-17-005928,White,M,52.0
3557,3558,80-13-038820,Black,M,24.0
3558,3559,80-15-066563,Black,M,24.0
3559,3560,80-16-015709,Black,M,25.0
3560,3561,80-15-040608,Black,M,24.0
3561,3562,80-13-029298,White,M,37.0
3562,3563,80-13-029298,White,M,37.0
3563,3564,80-13-029298,White,M,37.0
3564,3565,80-11-020516,White,M,18.0
3565,3566,80-13-072785,Hispanic,M,20.0
3566,3567,80-16-076186,White,M,22.0
3567,3568,80-15-087028,Black,M,21.0
3568,3569,80-12-052094,Black,M,16.0
3569,3570,80-15-029635,White,M,36.0
3570,3571,80-11-097259,White,M,26.0
3571,3572,80-11-097259,White,M,26.0
3572,3573,80-12-071413,White,M,36.0
3573,3574,80-16-027056,Black,M,17.0
3574,3575,80-11-042989,White,M,55.0
3575,3576,80-16-016788,Black,M,18.0
3576,3577,80-12-040855,Black,M,22.0
3577,3578,80-11-042989,White,M,55.0
3578,3579,80-16-010326,White,M,24.0
3579,3580,80-16-010326,White,M,24.0
3580,3581,80-11-003919,Black,M,34.0
3581,3582,80-10-046347,White,M,57.0
3582,3583,80-15-076326,Black,M,23.0
3583,3584,80-10-091417,Black,M,31.0
3584,3585,80-12-037419,Black,M,18.0
3585,3586,80-12-037419,Black,M,18.0
3586,3587,80-12-037419,Black,M,18.0
3587,3588,80-12-037419,Black,M,18.0
3588,3589,80-11-055118,American Indian,M,44.0
3589,3590,80-11-058327,White,M,
3590,3591,80-10-100871,White,M,28.0
3591,3592,80-10-101607,White,M,36.0
3592,3593,80-15-101889,White,M,44.0
3593,3594,80-15-037945,Black,M,19.0
3594,3595,80-15-037945,Black,M,19.0
3595,3596,80-15-037945,Black,M,19.0
3596,3597,80-15-037945,Black,M,19.0
3597,3598,80-15-010787,White,M,28.0
3598,3599,80-15-010787,White,M,28.0
3599,3600,80-15-010787,White,M,28.0
3600,3601,80-13-023812,Black,M,23.0
3601,3602,80-13-023812,Black,M,23.0
3602,3603,80-15-035682,Black,M,36.0
3603,3604,80-13-023812,Black,M,23.0
3604,3605,80-14-030561,White,M,28.0
3605,3606,80-12-034275,Black,M,46.0
3606,3607,80-15-032492,Black,M,25.0
3607,3608,80-13-031494,Black,M,30.0
3608,3609,80-12-000032,Black,M,32.0
3609,3610,80-16-081646,Black,M,25.0
3610,3611,80-16-081646,Black,M,25.0
3611,3612,80-16-081646,Black,M,25.0
3612,3613,80-11-006759,White,F,41.0
3613,3614,80-13-015264,White,M,23.0
3614,3615,80-14-044741,Black,F,35.0
3615,3616,80-14-044741,Black,F,35.0
3616,3617,80-15-076115,White,M,55.0
3617,3618,80-15-003339,Black,M,15.0
3618,3619,80-17-009709,Black,M,21.0
3619,3620,80-14-061508,White,M,35.0
3620,3621,80-16-073805,White,M,24.0
3621,3622,80-14-023521,White,F,22.0
3622,3623,80-14-009126,White,M,25.0
3623,3624,80-14-021814,Black,M,22.0
3624,3625,80-12-077513,Black,M,24.0
3625,3626,80-13-043588,Black,M,27.0
3626,3627,80-12-053734,White,M,59.0
3627,3628,80-15-046627,Black,M,18.0
3628,3629,80-14-070748,Black,M,22.0
3629,3630,80-12-102672,Black,M,34.0
3630,3631,80-10-083785,Black,F,48.0
3631,3632,80-10-083785,Black,F,48.0
3632,3633,80-13-007844,Black,M,45.0
3633,3634,80-16-034920,Black,M,25.0
3634,3635,80-16-034920,Black,M,25.0
3635,3636,80-12-098679,White,M,28.0
3636,3637,80-12-058746,White,M,30.0
3637,3638,80-12-058746,White,M,30.0
3638,3639,80-12-065172,Black,M,35.0
3639,3640,80-14-001053,White,M,29.0
3640,3641,80-14-069118,Black,M,24.0
3641,3642,80-15-065643,White,M,47.0
3642,3643,80-14-001053,White,M,29.0
3643,3644,80-14-001053,White,M,29.0
3644,3645,80-16-036623,Black,M,23.0
3645,3646,80-13-047577,Black,M,43.0
3646,3647,80-13-047577,Black,M,43.0
3647,3648,80-13-005716,Black,M,23.0
3648,3649,80-11-067750,Black,M,35.0
3649,3650,80-15-051719,Black,M,45.0
3650,3651,80-15-051719,Black,M,45.0
3651,3652,80-15-051719,Black,M,45.0
3652,3653,80-16-048788,White,M,42.0
3653,3654,80-15-081565,White,M,26.0
3654,3655,80-15-081565,White,M,26.0
3655,3656,80-15-081565,White,M,26.0
3656,3657,80-14-000559,Hispanic,M,45.0
3657,3658,80-16-046226,White,M,29.0
3658,3659,80-17-010831,Black,M,25.0
3659,3660,80-17-010831,Black,M,25.0
3660,3661,80-12-044709,White,M,53.0
3661,3662,80-12-035787,Black,M,42.0
3662,3663,80-13-005568,Black,M,31.0
3663,3664,80-13-005568,Black,M,31.0
3664,3665,80-14-013899,Black,M,18.0
3665,3666,80-16-012049,Black,M,30.0
3666,3667,80-13-072141,White,M,20.0
3667,3668,80-12-071413,White,M,36.0
3668,3669,80-12-055440,Black,M,33.0
3669,3670,80-13-009335,Black,M,50.0
3670,3671,80-12-063389,White,M,53.0
3671,3672,80-15-092348,Black,M,28.0
3672,3673,80-16-103041,White,M,27.0
3673,3674,80-16-103041,White,M,27.0
3674,3675,80-16-103041,White,M,27.0
3675,3676,80-16-103041,White,M,27.0
3676,3677,80-16-103041,White,M,27.0
3677,3678,80-16-103041,White,M,27.0
3678,3679,80-15-024206,Black,M,25.0
3679,3680,80-10-092966,White,M,40.0
3680,3681,80-12-030088,White,M,21.0
3681,3682,80-12-079630,Black,M,19.0
3682,3683,80-16-103041,White,M,27.0
3683,3684,80-16-103041,White,M,27.0
3684,3685,80-16-103041,White,M,27.0
3685,3686,80-13-063360,Black,M,26.0
3686,3687,80-15-085852,White,M,39.0
3687,3688,80-11-082845,White,M,33.0
3688,3689,80-11-084637,Unknown,U,
3689,3690,80-11-034547,White,F,51.0
3690,3691,80-16-070787,Black,F,22.0
3691,3692,80-13-004573,Black,F,22.0
3692,3693,80-15-096944,Black,M,18.0
3693,3694,80-14-075749,Black,M,21.0
3694,3695,80-13-016490,Black,M,20.0
3695,3696,80-13-016490,Black,M,20.0
3696,3697,80-13-016490,Black,M,20.0
3697,3698,80-11-036499,White,M,59.0
3698,3699,80-14-007397,White,F,38.0
3699,3700,80-16-057679,Black,M,28.0
3700,3701,80-13-067435,White,M,36.0
3701,3702,80-14-030561,White,M,28.0
3702,3703,80-14-030561,White,M,28.0
3703,3704,80-12-018264,Black,M,28.0
3704,3705,80-12-018264,Black,M,28.0
3705,3706,80-12-018264,Black,M,28.0
3706,3707,80-14-040880,Black,M,29.0
3707,3708,80-15-026043,Black,M,35.0
3708,3709,80-15-088442,Black,F,32.0
3709,3710,80-14-002482,Black,F,31.0
3710,3711,80-14-069118,Black,M,24.0
3711,3712,80-14-069118,Black,M,24.0
3712,3713,80-14-075569,Black,M,21.0
3713,3714,80-14-075569,Black,M,21.0
3714,3715,80-13-073252,White,M,52.0
3715,3716,80-13-073252,White,M,52.0
3716,3717,80-13-073252,White,M,52.0
3717,3718,80-13-073252,White,M,52.0
3718,3719,80-10-049628,Black,M,21.0
3719,3720,80-11-014672,White,M,32.0
3720,3721,80-16-015259,White,M,70.0
3721,3722,80-16-083068,Black,M,19.0
3722,3723,80-11-009159,White,F,23.0
3723,3724,80-11-009159,White,F,23.0
3724,3725,80-11-009159,White,F,23.0
3725,3726,80-12-092155,Black,M,37.0
3726,3727,80-12-092155,Black,M,37.0
3727,3728,80-16-028476,Black,M,35.0
3728,3729,80-12-014308,Black,M,54.0
3729,3730,80-14-066934,Black,M,43.0
3730,3731,80-13-015264,White,M,23.0
3731,3732,80-13-015488,White,M,26.0
3732,3733,80-14-028118,Black,M,87.0
3733,3734,80-14-028118,Black,M,87.0
3734,3735,80-14-028118,Black,M,87.0
3735,3736,80-15-010006,Black,M,15.0
3736,3737,80-11-006759,White,F,41.0
3737,3738,80-13-073186,White,M,26.0
3738,3739,80-12-044709,White,M,53.0
3739,3740,80-15-067059,White,M,19.0
3740,3741,80-15-004057,Black,M,15.0
3741,3742,80-14-050808,Black,M,18.0
3742,3743,80-12-040526,Black,M,16.0
3743,3744,80-13-031528,Unknown,U,
3744,3745,80-13-031528,Unknown,U,
3745,3746,80-13-039806,Black,M,36.0
3746,3747,80-17-008889,Black,M,20.0
3747,3748,80-13-048154,Black,F,53.0
3748,3749,80-14-059971,Black,M,
3749,3750,80-14-059971,Black,M,
3750,3751,80-13-048154,Black,F,53.0
3751,3752,80-13-002206,Black,M,21.0
3752,3753,80-15-095813,White,M,37.0
3753,3754,80-15-095813,White,M,37.0
3754,3755,80-15-095813,White,M,37.0
3755,3756,80-15-095813,White,M,37.0
3756,3757,80-15-095813,White,M,37.0
3757,3758,80-15-095813,White,M,37.0
3758,3759,80-15-069916,Black,M,39.0
3759,3760,80-13-088210,White,M,39.0
3760,3761,80-13-088210,White,M,39.0
3761,3762,80-13-088210,White,M,39.0
3762,3763,80-13-088210,White,M,39.0
3763,3764,80-13-088210,White,M,39.0
3764,3765,80-13-088210,White,M,39.0
3765,3766,80-11-006759,White,F,41.0
3766,3767,80-14-070232,White,M,43.0
3767,3768,80-14-028259,Black,M,21.0
3768,3769,80-16-010203,Black,F,37.0
3769,3770,80-12-056829,Black,M,32.0
3770,3771,80-14-089115,Black,M,23.0
3771,3772,80-13-002382,White,M,19.0
3772,3773,80-12-046214,Black,M,38.0
3773,3774,80-14-096820,Hispanic,M,31.0
3774,3775,80-12-051848,White,M,35.0
3775,3776,80-12-048182,Black,M,17.0
3776,3777,80-14-058865,Hispanic,M,29.0
3777,3778,80-12-059955,Black,M,16.0
3778,3779,80-14-096820,Hispanic,M,31.0
3779,3780,80-12-051848,White,M,35.0
3780,3781,80-16-107622,Black,M,34.0
3781,3782,80-16-107622,Black,M,34.0
3782,3783,80-10-015437,White,M,24.0
3783,3784,80-11-051789,Asian,M,36.0
3784,3785,80-10-034467,Black,M,19.0
3785,3786,80-11-038004,White,F,27.0
3786,3787,80-11-038004,White,F,27.0
3787,3788,80-13-012680,Black,M,26.0
3788,3789,80-13-012803,Black,M,32.0
3789,3790,80-14-015744,Black,M,31.0
3790,3791,80-14-058837,Hispanic,M,40.0
3791,3792,80-12-081184,Unknown,U,
3792,3793,80-14-094929,Black,M,74.0
3793,3794,80-12-087910,Black,F,43.0
3794,3795,80-12-089490,White,M,18.0
3795,3796,80-12-089490,White,M,18.0
3796,3797,80-17-013356,White,M,24.0
3797,3798,80-17-013356,White,M,24.0
3798,3799,80-13-052885,Black,M,19.0
3799,3800,80-12-092501,Hispanic,M,22.0
3800,3801,80-15-037221,Black,M,21.0
3801,3802,80-15-034068,White,M,19.0
3802,3803,80-12-102887,White,M,61.0
3803,3804,80-12-102887,White,M,61.0
3804,3805,80-13-000011,Black,M,36.0
3805,3806,80-13-000011,Black,M,36.0
3806,3807,80-13-000011,Black,M,36.0
3807,3808,80-13-000972,Hispanic,M,21.0
3808,3809,80-13-000972,Hispanic,M,21.0
3809,3810,80-13-000972,Hispanic,M,21.0
3810,3811,80-13-000972,Hispanic,M,21.0
3811,3812,80-12-065491,Hispanic,M,21.0
3812,3813,80-12-042632,White,F,32.0
3813,3814,80-13-001029,Black,M,22.0
3814,3815,80-13-001029,Black,M,22.0
3815,3816,80-13-001029,Black,M,22.0
3816,3817,80-13-001029,Black,M,22.0
3817,3818,80-13-009031,Black,M,22.0
3818,3819,80-16-021012,White,F,22.0
3819,3820,80-13-057060,Black,M,18.0
3820,3821,80-13-057060,Black,M,18.0
3821,3822,80-13-057060,Black,M,18.0
3822,3823,80-12-032741,Black,M,22.0
3823,3824,80-16-042007,Black,M,20.0
3824,3825,80-14-050527,Black,M,55.0
3825,3826,80-16-072606,Black,M,16.0
3826,3827,80-12-059955,Black,M,16.0
3827,3828,80-14-007397,White,F,38.0
3828,3829,80-13-051041,White,M,67.0
3829,3830,80-16-072606,Black,M,16.0
3830,3831,80-11-082845,White,M,33.0
3831,3832,80-13-051041,White,M,67.0
3832,3833,80-14-090254,White,M,19.0
3833,3834,80-14-058287,Black,M,15.0
3834,3835,80-16-072606,Black,M,16.0
3835,3836,80-16-100300,Black,M,18.0
3836,3837,80-14-090254,White,M,19.0
3837,3838,80-14-058287,Black,M,17.0
3838,3839,80-16-102376,Black,M,16.0
3839,3840,80-14-076354,Black,M,22.0
3840,3841,80-12-008669,White,M,47.0
3841,3842,80-16-102376,Black,M,16.0
3842,3843,80-14-076354,Black,M,22.0
3843,3844,80-14-058287,Black,M,17.0
3844,3845,80-12-008669,White,M,47.0
3845,3846,80-17-007159,White,M,56.0
3846,3847,80-17-001054,Black,M,20.0
3847,3848,80-12-092599,White,M,23.0
3848,3849,80-14-062951,Hispanic,M,19.0
3849,3850,80-16-098721,Asian,M,28.0
3850,3851,80-16-111258,White,M,20.0
3851,3852,80-14-062951,Hispanic,M,19.0
3852,3853,80-14-077692,Black,F,40.0
3853,3854,80-12-061973,White,M,21.0
3854,3855,80-11-074386,Black,M,15.0
3855,3856,80-14-062951,Hispanic,M,19.0
3856,3857,80-11-039324,White,M,33.0
3857,3858,80-16-111258,White,M,20.0
3858,3859,80-11-039324,White,M,33.0
3859,3860,80-12-016946,Black,M,14.0
3860,3861,80-13-094984,Black,M,44.0
3861,3862,80-14-062951,Hispanic,M,19.0
3862,3863,80-11-039324,White,M,33.0
3863,3864,80-12-016946,Black,M,14.0
3864,3865,80-14-095212,Black,M,16.0
3865,3866,80-13-052885,Black,M,19.0
3866,3867,80-14-062951,Hispanic,M,19.0
3867,3868,80-11-055118,American Indian,M,44.0
3868,3869,80-17-008795,Black,M,20.0
3869,3870,80-11-082845,White,M,33.0
3870,3871,80-14-001812,White,M,51.0
3871,3872,80-11-058327,White,M,
3872,3873,80-14-078698,Black,M,30.0
3873,3874,80-12-071272,White,M,32.0
3874,3875,80-12-042632,White,F,32.0
3875,3876,80-15-075920,Black,M,30.0
3876,3877,80-15-102455,Black,M,26.0
3877,3878,80-13-070077,White,M,26.0
3878,3879,80-15-008861,White,F,34.0
3879,3880,80-14-048508,Black,M,18.0
3880,3881,80-15-077084,White,M,21.0
3881,3882,80-14-013352,Black,M,18.0
3882,3883,80-13-033973,Black,M,18.0
3883,3884,80-14-025872,Black,M,24.0
3884,3885,80-17-000150,White,M,23.0
3885,3886,80-15-024206,Black,M,25.0
3886,3887,80-17-013445,Black,M,38.0
3887,3888,80-16-002761,White,M,26.0
3888,3889,80-15-027004,Black,M,16.0
3889,3890,80-14-012531,Black,F,38.0
3890,3891,80-12-031350,Black,M,52.0
3891,3892,80-14-097874,Black,M,21.0
3892,3893,80-12-041901,Black,M,28.0
3893,3894,80-10-015437,White,M,24.0
3894,3895,80-11-063447,Black,M,32.0
3895,3896,80-11-043187,Black,M,45.0
3896,3897,80-16-026110,White,M,34.0
3897,3898,80-11-038004,White,F,27.0
3898,3899,80-14-094509,Black,M,33.0
3899,3900,80-12-047012,Black,M,20.0
3900,3901,80-16-026110,White,M,34.0
3901,3902,80-10-055003,Black,M,28.0
3902,3903,80-14-030875,White,F,40.0
3903,3904,80-16-079281,White,M,20.0
3904,3905,80-13-028264,Black,M,18.0
3905,3906,80-10-023454,Black,M,57.0
3906,3907,80-12-038603,White,M,26.0
3907,3908,80-11-005051,Black,M,41.0
3908,3909,80-11-010143,Black,M,52.0
3909,3910,80-16-077248,Black,M,33.0
3910,3911,80-12-081900,Black,M,36.0
3911,3912,80-11-019740,Black,M,18.0
3912,3913,80-10-051203,Black,M,54.0
3913,3914,80-12-081096,White,M,58.0
3914,3915,80-13-098993,Black,M,28.0
3915,3916,80-17-002327,Black,F,34.0
3916,3917,80-15-093771,White,M,35.0
3917,3918,80-16-003398,Black,M,59.0
3918,3919,80-16-003398,Black,M,59.0
3919,3920,80-13-005539,Black,M,19.0
3920,3921,80-15-069916,Black,M,39.0
3921,3922,80-13-020156,Black,M,51.0
3922,3923,80-17-000150,White,M,23.0
3923,3924,80-15-078872,White,M,28.0
3924,3925,80-11-019340,Black,M,23.0
3925,3926,80-13-043476,Black,M,19.0
3926,3927,80-11-001729,Black,M,46.0
3927,3928,80-17-013475,White,M,44.0
3928,3929,80-14-027342,Black,M,31.0
3929,3930,80-12-034275,Black,M,46.0
3930,3931,80-14-027342,Black,M,31.0
3931,3932,80-16-079281,White,M,20.0
3932,3933,80-11-008428,Black,M,31.0
3933,3934,80-14-014916,White,M,17.0
3934,3935,80-14-098790,Black,M,28.0
3935,3936,80-12-098670,Black,M,19.0
3936,3937,80-12-036841,Black,M,22.0
3937,3938,80-14-019718,White,F,48.0
3938,3939,80-11-102162,Black,M,32.0
3939,3940,80-12-036841,Black,M,22.0
3940,3941,80-11-017130,Black,F,42.0
3941,3942,80-13-020103,Black,M,22.0
3942,3943,80-12-036841,Black,M,22.0
3943,3944,80-11-017130,Black,F,42.0
3944,3945,80-14-069367,White,M,28.0
3945,3946,80-14-069367,White,M,28.0
3946,3947,80-14-069367,White,M,28.0
3947,3948,80-14-069367,White,M,28.0
3948,3949,80-10-080743,Black,M,32.0
3949,3950,80-14-022725,Black,M,27.0
3950,3951,80-14-022725,Black,M,27.0
3951,3952,80-13-034981,Black,M,34.0
3952,3953,80-17-009699,Black,M,41.0
3953,3954,80-16-076186,White,M,23.0
3954,3955,80-14-036892,White,M,77.0
3955,3956,80-14-007296,Black,M,37.0
3956,3957,80-14-062029,White,F,21.0
3957,3958,80-14-059971,Black,M,
3958,3959,80-14-059971,Black,M,
3959,3960,80-16-002945,White,M,53.0
3960,3961,80-14-065963,White,M,26.0
3961,3962,80-12-091617,White,M,25.0
3962,3963,80-16-050975,Black,M,23.0
3963,3964,80-12-099381,Black,F,18.0
3964,3965,80-15-081565,White,M,26.0
3965,3966,80-12-079630,Black,M,19.0
3966,3967,80-13-016011,Hispanic,M,19.0
3967,3968,80-14-036277,White,M,25.0
3968,3969,80-12-087910,Black,F,43.0
3969,3970,80-13-085701,Black,M,25.0
3970,3971,80-12-092501,Hispanic,M,22.0
3971,3972,80-15-075920,Black,M,30.0
3972,3973,80-15-075920,Black,M,30.0
3973,3974,80-13-002926,Unknown,U,
3974,3975,80-17-009251,Black,M,19.0
3975,3976,80-12-076245,White,M,20.0
3976,3977,80-15-007261,Black,M,15.0
3977,3978,80-12-036841,Black,M,22.0
3978,3979,80-13-008216,White,M,48.0
3979,3980,80-12-036859,Black,M,28.0
3980,3981,80-13-097187,White,M,30.0
3981,3982,80-11-088923,White,M,34.0
3982,3983,80-13-048115,White,M,37.0
3983,3984,80-13-070495,White,M,48.0
3984,3985,80-14-032487,Black,F,33.0
3985,3986,80-12-039847,Black,M,18.0
3986,3987,80-13-076007,White,F,21.0
3987,3988,80-16-076888,Black,M,20.0
3988,3989,80-13-069169,White,M,70.0
3989,3990,80-17-007159,White,M,56.0
3990,3991,80-17-007159,White,M,56.0
3991,3992,80-17-007159,White,M,56.0
3992,3993,80-17-007159,White,M,56.0
3993,3994,80-17-007159,White,M,56.0
3994,3995,80-17-007159,White,M,56.0
3995,3996,80-17-007159,White,M,56.0
3996,3997,80-12-066118,Black,M,20.0
3997,3998,80-12-036859,Black,M,28.0
3998,3999,80-12-036859,Black,M,28.0
3999,4000,80-14-018934,White,M,34.0
4000,4001,80-16-071363,Black,M,
4001,4002,80-15-034652,Unknown,U,
4002,4003,80-16-033898,Black,M,25.0
4003,4004,80-17-005921,White,M,30.0
4004,4005,80-14-017556,Black,M,19.0
4005,4006,80-15-059096,White,M,18.0
4006,4007,80-13-033014,Black,M,19.0
4007,4008,80-16-080751,White,M,16.0
4008,4009,80-11-014253,Black,M,30.0
4009,4010,80-13-017483,Black,M,17.0
4010,4011,80-15-063035,Black,M,
4011,4012,80-10-089472,White,M,18.0
4012,4013,80-13-079079,Black,F,26.0
4013,4014,80-14-041777,Black,M,21.0
4014,4015,80-10-089472,White,M,18.0
4015,4016,80-15-057866,Black,M,18.0
4016,4017,80-16-086169,White,M,46.0
4017,4018,80-15-037936,Black,M,26.0
4018,4019,80-12-075236,Black,M,24.0
4019,4020,80-12-099381,Black,F,18.0
4020,4021,80-15-090709,Null,,
4021,4022,80-16-101135,Null,,
4022,4023,80-13-081413,White,M,22.0
4023,4024,80-13-041277,Black,M,28.0
4024,4025,80-16-086169,White,M,46.0
4025,4026,80-15-084326,Black,M,61.0
4026,4027,80-17-001385,Hispanic,M,25.0
4027,4028,80-16-018526,Black,M,20.0
4028,4029,80-17-003581,Black,M,38.0
4029,4030,80-16-048229,White,M,36.0
4030,4031,80-13-099400,Null,M,35.0
4031,4032,80-14-084215,Black,M,26.0
4032,4033,80-17-006427,Black,M,30.0
4033,4034,80-17-006427,Black,M,30.0
4034,4035,80-11-001776,White,M,45.0
4035,4036,80-13-020399,White,M,17.0
4036,4037,80-13-034092,White,M,24.0
4037,4038,80-13-034092,White,M,24.0
4038,4039,80-11-014253,Black,M,30.0
4039,4040,80-16-087087,Black,M,19.0
4040,4041,80-15-017050,Black,M,27.0
4041,4042,80-11-014253,Black,M,30.0
4042,4043,80-17-010348,Black,M,32.0
4043,4044,80-17-010348,Black,M,32.0
4044,4045,80-17-010348,Black,M,32.0
4045,4046,80-17-010348,Black,M,32.0
4046,4047,80-17-010348,Black,M,32.0
4047,4048,80-16-010065,Null,,
4048,4049,80-17-009394,White,M,35.0
4049,4050,80-17-009394,White,M,35.0
4050,4051,80-17-009394,White,M,35.0
4051,4052,80-16-012151,Black,M,29.0
4052,4053,80-17-010408,Null,,
4053,4054,80-16-026418,Black,F,19.0
4054,4055,80-16-035937,Black,M,20.0
4055,4056,80-16-050201,White,M,21.0
4056,4057,80-16-071363,Black,M,
4057,4058,80-17-006070,Black,M,41.0
4058,4059,80-16-080751,White,M,16.0
4059,4060,80-16-080751,White,M,16.0
4060,4061,80-13-098965,Black,M,38.0
4061,4062,80-17-010348,Black,M,32.0
4062,4063,80-17-010348,Black,M,32.0
4063,4064,80-17-010348,Black,M,32.0
4064,4065,80-11-014253,Black,M,30.0
4065,4066,80-14-017556,Black,M,19.0
4066,4067,80-12-036538,White,M,52.0
4067,4068,80-13-081413,White,M,22.0
4068,4069,80-16-106970,Null,,
4069,4070,80-16-002945,Null,,
4070,4071,80-15-037936,Black,M,26.0
4071,4072,80-15-037936,Black,M,26.0
4072,4073,80-12-099381,Black,F,18.0
4073,4074,80-15-014481,White,M,30.0
4074,4075,80-15-037936,Black,M,26.0
4075,4076,80-10-040431,Black,M,33.0
4076,4077,80-10-034000,Null,,
4077,4078,80-17-001214,Null,,
4078,4079,80-13-081413,White,M,22.0
4079,4080,80-15-095709,Black,M,20.0
4080,4081,80-13-020399,White,M,17.0
4081,4082,80-15-102569,White,M,25.0
4082,4083,80-11-079829,Black,M,19.0
4083,4084,80-16-107277,Black,M,28.0
4084,4085,80-17-002365,Null,,
4085,4086,80-17-002365,Null,,
4086,4087,80-17-002365,Null,,
4087,4088,80-17-010589,White,M,21.0
4088,4089,80-10-021110,Null,M,24.0
4089,4090,80-11-029145,White,M,60.0
4090,4091,80-13-027935,Black,M,26.0
4091,4092,80-12-075907,Black,M,39.0
4092,4093,80-10-034234,Black,M,
4093,4094,80-10-034234,Black,M,
4094,4095,80-16-110480,Black,M,18.0
4095,4096,80-13-091219,Hispanic,M,41.0
4096,4097,80-13-091219,Hispanic,M,41.0
4097,4098,80-11-044870,White,M,20.0
4098,4099,80-11-039770,Black,M,18.0
4099,4100,80-15-105420,White,M,22.0
4100,4101,80-17-010583,Black,M,22.0
4101,4102,80-17-001924,Null,,
4102,4103,80-17-001924,Null,,
4103,4104,80-17-001924,Null,,
4104,4105,80-17-001924,Null,,
4105,4106,80-17-001924,Null,,
4106,4107,80-17-004504,Null,,
4107,4108,80-10-032344,Null,,
4108,4109,80-10-025294,Null,,
4109,4110,80-11-010855,Null,,
4110,4111,80-11-025417,Null,,
4111,4112,80-11-030874,Null,,
4112,4113,80-11-045089,Null,,
4113,4114,80-12-023437,Null,,
4114,4115,80-12-023437,Null,,
4115,4116,80-12-016609,Null,,
4116,4117,80-12-018751,Null,,
4117,4118,80-14-061681,Null,,
4118,4119,80-14-070640,Null,,
4119,4120,80-14-080458,Null,,
4120,4121,80-14-086303,Null,,
4121,4122,80-14-086303,Null,,
4122,4123,80-14-087843,Null,,
4123,4124,80-14-097456,Null,,
4124,4125,80-14-097456,Null,,
4125,4126,80-14-097456,Null,,
4126,4127,80-15-010311,Null,,
4127,4128,80-15-020401,Null,,
4128,4129,80-15-020401,Null,,
4129,4130,80-15-020624,Null,,
4130,4131,80-10-038949,Black,M,0.0
4131,4132,80-13-081413,White,M,22.0
4132,4133,80-12-026733,Black,M,24.0
4133,4134,80-15-095709,Black,M,20.0
4134,4135,80-11-079829,Black,M,19.0
4135,4136,80-12-017846,Black,M,33.0
4136,4137,80-12-026733,Black,M,24.0
4137,4138,80-17-007103,White,M,59.0
4138,4139,80-11-079961,Black,M,33.0
4139,4140,80-17-004031,White,F,35.0
4140,4141,80-12-098138,Black,M,34.0
4141,4142,80-17-001385,Hispanic,M,25.0
4142,4143,80-16-077248,Null,,
4143,4144,80-12-078908,White,M,32.0
4144,4145,80-12-078908,White,M,32.0
4145,4146,80-12-078908,White,M,32.0
4146,4147,80-16-106571,White,M,25.0
4147,4148,80-16-106571,White,M,25.0
4148,4149,80-16-106571,White,M,25.0
4149,4150,80-16-106571,White,M,25.0
4150,4151,80-16-106571,White,M,25.0
4151,4152,80-16-106571,White,M,25.0
4152,4153,80-16-111257,Black,M,19.0
4153,4154,80-13-029272,Black,M,22.0
4154,4155,80-14-063864,White,M,53.0
4155,4156,80-12-036538,White,M,52.0
4156,4157,80-14-092244,Black,M,
4157,4158,80-16-089881,White,M,65.0
4158,4159,80-16-089881,White,M,65.0
4159,4160,80-16-089881,White,M,65.0
4160,4161,80-16-089881,White,M,65.0
4161,4162,80-16-089881,White,M,65.0
4162,4163,80-16-089881,White,M,65.0
4163,4164,80-14-052572,Black,M,38.0
4164,4165,80-14-052572,Black,M,38.0
4165,4166,80-14-052572,Black,M,38.0
4166,4167,80-11-007370,Black,F,18.0
4167,4168,80-16-054802,White,M,21.0
4168,4169,80-16-050201,White,M,21.0
4169,4170,80-16-050201,White,M,21.0
4170,4171,80-16-054802,White,M,21.0
4171,4172,80-14-065093,White,M,45.0
4172,4173,80-12-036538,White,M,52.0
4173,4174,80-13-018280,Black,M,22.0
4174,4175,80-13-018280,Black,M,22.0
4175,4176,80-12-063146,Black,M,43.0
4176,4177,80-12-063146,Black,M,43.0
4177,4178,80-10-057956,Black,M,31.0
4178,4179,80-15-088898,White,M,25.0
4179,4180,80-15-088898,White,M,25.0
4180,4181,80-15-088898,White,M,25.0
4181,4182,80-15-088898,White,M,25.0
4182,4183,80-15-088898,White,M,25.0
4183,4184,80-14-069367,White,M,28.0
4184,4185,80-12-030762,Black,M,30.0
4185,4186,80-12-030762,Black,M,30.0
4186,4187,80-12-030762,Black,M,30.0
4187,4188,80-12-026224,Black,M,20.0
4188,4189,80-12-048362,Black,F,62.0
4189,4190,80-13-095259,White,M,29.0
4190,4191,80-16-093198,Null,,
4191,4192,80-14-067093,White,M,45.0
4192,4193,80-17-005927,White,M,37.0
4193,4194,80-16-104110,Null,,
4194,4195,80-17-003581,Black,M,38.0
4195,4196,80-11-061898,White,F,51.0
4196,4197,80-13-090474,Black,M,23.0
4197,4198,80-17-001690,Null,,
4198,4199,80-10-058047,Unknown,U,
4199,4200,80-17-006427,Black,M,30.0
4200,4201,80-10-102865,Black,M,25.0
4201,4202,80-13-090474,Black,M,23.0
4202,4203,80-16-088750,Black,F,20.0
4203,4204,80-15-093099,Black,M,23.0
4204,4205,80-14-056336,White,M,22.0
4205,4206,80-10-091417,Black,M,31.0
4206,4207,80-10-035634,Black,F,
4207,4208,80-10-094147,White,M,29.0
4208,4209,80-10-094147,White,M,29.0
4209,4210,80-15-039647,Black,M,27.0
4210,4211,80-11-008209,Black,M,41.0
4211,4212,80-16-063564,Black,M,19.0
4212,4213,80-10-100871,White,M,28.0
4213,4214,80-10-100871,White,M,28.0
4214,4215,80-13-055805,Black,F,33.0
4215,4216,80-13-055805,Black,F,33.0
4216,4217,80-13-055805,Black,F,33.0
4217,4218,80-14-007238,White,M,21.0
4218,4219,80-16-002417,Black,M,19.0
4219,4220,80-10-101394,Black,M,56.0
4220,4221,80-13-077848,Black,M,32.0
4221,4222,80-13-077848,Black,M,32.0
4222,4223,80-13-056290,Black,M,25.0
4223,4224,80-13-004233,Black,M,28.0
4224,4225,80-15-039647,Black,M,27.0
4225,4226,80-11-036193,White,M,26.0
4226,4227,80-11-036193,White,M,26.0
4227,4228,80-15-037908,Black,M,21.0
4228,4229,80-10-056606,White,M,43.0
4229,4230,80-11-001187,Black,M,21.0
4230,4231,80-11-001187,Black,M,21.0
4231,4232,80-16-006478,Black,M,48.0
4232,4233,80-11-005051,Black,M,41.0
4233,4234,80-16-005613,Black,M,20.0
4234,4235,80-15-069320,Black,M,21.0
4235,4236,80-10-038949,Black,M,0.0
4236,4237,80-14-067589,White,M,57.0
4237,4238,80-10-040431,Black,M,33.0
4238,4239,80-13-001257,Black,M,18.0
4239,4240,80-13-086466,Black,M,14.0
4240,4241,80-15-056225,Black,M,37.0
4241,4242,80-12-041539,Black,M,24.0
4242,4243,80-10-058047,Unknown,U,
4243,4244,80-16-015049,Black,M,25.0
4244,4245,80-17-006427,Black,M,30.0
4245,4246,80-10-058047,Unknown,U,
4246,4247,80-17-002365,Null,,
4247,4248,80-14-067093,White,M,45.0
4248,4249,80-17-009394,White,M,35.0
4249,4250,80-17-002365,Null,,
4250,4251,80-10-058047,Unknown,U,
4251,4252,80-14-009662,Black,M,58.0
4252,4253,80-17-009394,White,M,35.0
4253,4254,80-17-002365,Null,,
4254,4255,80-11-008744,Black,M,33.0
4255,4256,80-12-072159,White,M,23.0
4256,4257,80-17-009971,Black,M,20.0
4257,4258,80-12-079463,Null,,
4258,4259,80-14-026959,Black,F,20.0
4259,4260,80-13-063120,Black,M,21.0
4260,4261,80-15-021078,Null,,
4261,4262,80-15-021078,Null,,
4262,4263,80-15-024194,Null,,
4263,4264,80-15-032807,Null,,
4264,4265,80-15-032807,Null,,
4265,4266,80-15-038539,Null,,
4266,4267,80-15-043290,Null,,
4267,4268,80-15-044105,Null,,
4268,4269,80-15-040958,Null,,
4269,4270,80-15-041709,Null,,
4270,4271,80-15-041709,Null,,
4271,4272,80-15-032161,Null,,
4272,4273,80-15-050921,Null,,
4273,4274,80-15-052745,Null,,
4274,4275,80-15-091925,Null,,
4275,4276,80-15-052615,Black,M,44.0
4276,4277,80-12-005836,Black,M,24.0
4277,4278,80-13-096277,White,M,36.0
4278,4279,80-10-052022,White,M,18.0
4279,4280,80-10-052022,White,M,18.0
4280,4281,80-15-056258,Black,M,19.0
4281,4282,80-13-012977,Black,M,31.0
4282,4283,80-15-056942,White,M,21.0
4283,4284,80-12-095075,Black,M,25.0
4284,4285,80-13-047642,Black,M,28.0
4285,4286,80-15-085960,Black,M,21.0
4286,4287,80-13-051459,Black,M,19.0
4287,4288,80-13-012802,White,M,32.0
4288,4289,80-10-033445,Black,M,55.0
4289,4290,80-10-075923,Hispanic,M,48.0
4290,4291,80-10-075923,Hispanic,M,48.0
4291,4292,80-10-075923,Hispanic,M,48.0
4292,4293,80-10-075923,Hispanic,M,48.0
4293,4294,80-10-075923,Hispanic,M,48.0
4294,4295,80-12-034346,Black,M,25.0
4295,4296,80-13-081413,White,M,22.0
4296,4297,80-13-081413,White,M,22.0
4297,4298,80-16-067048,Black,M,25.0
4298,4299,80-17-010408,Null,,
4299,4300,80-12-085025,Null,,
4300,4301,80-16-067048,Black,M,25.0
4301,4302,80-17-010215,Black,M,35.0
4302,4303,80-12-089443,Null,,
4303,4304,80-12-050371,Black,M,33.0
4304,4305,80-17-010215,Black,M,35.0
4305,4306,80-13-025875,Null,,
4306,4307,80-13-002971,Black,M,19.0
4307,4308,80-17-010769,White,F,23.0
4308,4309,80-13-042020,Null,,
4309,4310,80-14-031382,Black,M,27.0
4310,4311,80-17-010769,White,F,23.0
4311,4312,80-13-049535,Null,,
4312,4313,80-12-034745,White,M,40.0
4313,4314,80-17-012876,White,M,34.0
4314,4315,80-17-013601,Black,M,23.0
4315,4316,80-17-013601,Black,M,23.0
4316,4317,80-17-013601,Black,M,23.0
4317,4318,80-17-013601,Black,M,23.0
4318,4319,80-17-004318,Asian,M,25.0
4319,4320,80-10-037551,Null,,
4320,4321,80-10-079964,Null,,
4321,4322,80-10-079964,Null,,
4322,4323,80-10-079964,Null,,
4323,4324,80-11-063317,Null,,
4324,4325,80-11-028981,Null,,
4325,4326,80-11-031968,Null,,
4326,4327,80-11-044472,Null,,
4327,4328,80-11-011983,Null,,
4328,4329,80-11-019654,Null,,
4329,4330,80-11-019654,Null,,
4330,4331,80-11-052368,Null,,
4331,4332,80-11-099467,Null,,
4332,4333,80-11-099467,Null,,
4333,4334,80-11-099467,Null,,
4334,4335,80-11-102181,Null,,
4335,4336,80-11-102181,Null,,
4336,4337,80-11-096914,Null,,
4337,4338,80-12-031674,Null,,
4338,4339,80-16-038776,Null,,
4339,4340,80-16-047534,Null,,
4340,4341,80-16-069522,Null,,
4341,4342,80-16-077377,Null,,
4342,4343,80-14-081602,Black,F,35.0
4343,4344,80-13-003644,White,M,33.0
4344,4345,80-13-003644,White,M,33.0
4345,4346,80-11-008744,Black,M,33.0
4346,4347,80-10-004819,Black,M,32.0
4347,4348,80-13-055332,Null,,
4348,4349,80-12-050371,Black,M,33.0
4349,4350,80-13-059843,Null,,
4350,4351,80-13-009933,Black,M,26.0
4351,4352,80-13-059843,Null,,
4352,4353,80-13-067007,Null,,
4353,4354,80-13-081915,Null,,
4354,4355,80-13-081413,Null,,
4355,4356,80-13-081413,Null,,
4356,4357,80-13-087298,Null,,
4357,4358,80-13-089551,Null,,
4358,4359,80-13-089933,Null,,
4359,4360,80-14-003686,Null,,
4360,4361,80-14-005353,Null,,
4361,4362,80-14-005353,Null,,
4362,4363,80-14-016152,Null,,
4363,4364,80-14-016152,Null,,
4364,4365,80-14-050850,Null,,
4365,4366,80-14-049118,Null,,
4366,4367,80-16-028476,Null,,
4367,4368,80-16-063866,Null,,
4368,4369,80-16-076142,Null,,
4369,4370,80-16-072606,Null,,
4370,4371,80-16-072606,Null,,
4371,4372,80-16-072606,Null,,
4372,4373,80-16-101135,Null,,
4373,4374,80-16-101135,Null,,
4374,4375,80-16-101135,Null,,
4375,4376,80-13-003644,White,M,33.0
4376,4377,80-13-003644,White,M,33.0
4377,4378,80-17-004031,White,F,35.0
4378,4379,80-17-004031,White,F,35.0
4379,4380,80-12-094747,White,M,17.0
4380,4381,80-12-094747,White,M,17.0
4381,4382,80-15-065953,Black,M,43.0
4382,4383,80-15-020604,Null,,
4383,4384,80-15-020381,Null,,
4384,4385,80-15-022966,Null,,
4385,4386,80-15-025779,Null,,
4386,4387,80-15-025475,Null,,
4387,4388,80-15-025475,Null,,
4388,4389,80-15-032180,Null,,
4389,4390,80-15-032744,Null,,
4390,4391,80-15-034113,Null,,
4391,4392,80-15-034113,Null,,
4392,4393,80-15-034438,Null,,
4393,4394,80-15-037147,Null,,
4394,4395,80-15-041113,Null,,
4395,4396,80-15-041113,Null,,
4396,4397,80-15-043786,Null,,
4397,4398,80-15-054709,Null,,
4398,4399,80-15-054393,Null,,
4399,4400,80-15-090709,Null,,
4400,4401,80-12-102887,White,M,61.0
4401,4402,80-12-102887,White,M,61.0
4402,4403,80-12-102887,White,M,61.0
4403,4404,80-12-102887,White,M,61.0
4404,4405,80-12-028416,White,M,48.0
4405,4406,80-13-042000,Black,M,18.0
4406,4407,80-13-080001,Black,M,36.0
4407,4408,80-14-030192,Black,F,23.0
4408,4409,80-15-058214,Black,M,38.0
4409,4410,80-11-029194,Black,M,20.0
4410,4411,80-15-027193,Black,M,17.0
4411,4412,80-11-068853,White,M,65.0
4412,4413,80-16-067899,Black,M,24.0
4413,4414,80-12-038574,White,M,31.0
4414,4415,80-14-009126,White,M,25.0
4415,4416,80-14-009126,White,M,25.0
4416,4417,80-14-009126,White,M,25.0
4417,4418,80-14-009126,White,M,25.0
4418,4419,80-14-009126,White,M,25.0
4419,4420,80-11-032779,Black,M,32.0
4420,4421,80-13-081609,Black,M,30.0
4421,4422,80-13-081609,Black,M,30.0
4422,4423,80-16-109023,Black,M,22.0
4423,4424,80-13-081609,Black,M,30.0
4424,4425,80-16-083714,White,M,45.0
4425,4426,80-11-022186,Black,M,18.0
4426,4427,80-11-068853,White,M,65.0
4427,4428,80-11-017753,White,M,51.0
4428,4429,80-15-088981,White,F,27.0
4429,4430,80-10-075682,Black,M,25.0
4430,4431,80-10-075682,Black,M,25.0
4431,4432,80-16-062296,Black,M,22.0
4432,4433,80-11-033335,White,M,37.0
4433,4434,80-16-062296,Black,M,22.0
4434,4435,80-11-000740,White,M,37.0
4435,4436,80-11-000740,White,M,37.0
4436,4437,80-11-000740,White,M,37.0
4437,4438,80-11-000740,White,M,37.0
4438,4439,80-11-000740,White,M,37.0
4439,4440,80-11-000740,White,M,37.0
4440,4441,80-11-000740,White,M,37.0
4441,4442,80-16-096774,White,M,43.0
4442,4443,80-11-000740,White,M,37.0
4443,4444,80-11-000740,White,M,37.0
4444,4445,80-11-000740,White,M,37.0
4445,4446,80-14-011222,Hispanic,M,45.0
4446,4447,80-16-012378,White,M,15.0
4447,4448,80-16-011377,Black,F,32.0
4448,4449,80-12-032324,Black,M,67.0
4449,4450,80-12-030399,Black,F,57.0
4450,4451,80-13-040086,Black,M,38.0
4451,4452,80-12-031816,White,M,58.0
4452,4453,80-16-012943,White,M,22.0
4453,4454,80-16-091364,Black,M,21.0
4454,4455,80-15-103038,White,M,23.0
4455,4456,80-11-003369,White,M,20.0
4456,4457,80-12-046214,Black,M,38.0
4457,4458,80-15-092348,Black,M,28.0
4458,4459,80-13-069693,Black,M,33.0
4459,4460,80-13-067368,White,M,21.0
4460,4461,80-16-012943,White,M,22.0
4461,4462,80-15-103038,White,M,23.0
4462,4463,80-15-092348,Black,M,28.0
4463,4464,80-14-045134,White,M,58.0
4464,4465,80-13-049715,Black,M,54.0
4465,4466,80-14-015500,White,M,21.0
4466,4467,80-11-035907,Hispanic,M,40.0
4467,4468,80-12-036545,White,M,36.0
4468,4469,80-12-036545,White,M,36.0
4469,4470,80-12-036545,White,M,36.0
4470,4471,80-12-079440,White,M,54.0
4471,4472,80-16-001242,Black,M,21.0
4472,4473,80-16-001242,Black,M,21.0
4473,4474,80-12-070349,White,M,16.0
4474,4475,80-11-036505,Unknown,U,
4475,4476,80-15-079125,White,M,53.0
4476,4477,80-15-079125,White,M,53.0
4477,4478,80-11-013674,Black,M,45.0
4478,4479,80-13-047039,White,M,24.0
4479,4480,80-10-062985,White,M,32.0
4480,4481,80-11-027778,Black,M,32.0
4481,4482,80-16-028341,White,F,39.0
4482,4483,80-11-062615,White,M,22.0
4483,4484,80-12-067452,White,M,42.0
4484,4485,80-11-065850,Black,M,34.0
4485,4486,80-11-065850,Black,M,37.0
4486,4487,80-17-010371,White,M,33.0
4487,4488,80-13-044383,Black,M,18.0
4488,4489,80-16-027356,Black,M,37.0
4489,4490,80-14-025668,White,M,28.0
4490,4491,80-16-035868,Black,M,35.0
4491,4492,80-15-030635,Black,M,29.0
4492,4493,80-13-044612,Black,M,45.0
4493,4494,80-16-016626,White,M,40.0
4494,4495,80-11-042042,Black,M,29.0
4495,4496,80-11-049457,Black,M,18.0
4496,4497,80-16-012378,White,M,15.0
4497,4498,80-12-040663,Black,M,22.0
4498,4499,80-14-045810,White,M,20.0
4499,4500,80-13-098998,Black,M,30.0
4500,4501,80-13-098998,Black,M,30.0
4501,4502,80-16-064245,Black,M,20.0
4502,4503,80-16-064245,Black,M,20.0
4503,4504,80-11-060761,White,M,60.0
4504,4505,80-17-012098,White,M,58.0
4505,4506,80-16-105229,Black,M,17.0
4506,4507,80-16-105229,Black,M,17.0
4507,4508,80-16-105229,Black,M,17.0
4508,4509,80-16-006610,Black,M,22.0
4509,4510,80-12-102964,White,M,21.0
4510,4511,80-12-102964,White,M,21.0
4511,4512,80-12-018298,White,M,34.0
4512,4513,80-15-029564,Black,F,77.0
4513,4514,80-16-062296,Black,M,22.0
4514,4515,80-16-047879,Black,M,16.0
4515,4516,80-15-027590,Black,M,31.0
4516,4517,80-11-024530,White,M,52.0
4517,4518,80-10-084193,White,M,21.0
4518,4519,80-16-101704,White,M,39.0
4519,4520,80-14-045134,White,M,59.0
4520,4521,80-16-088062,White,M,40.0
4521,4522,80-15-054505,White,M,41.0
4522,4523,80-16-104222,Black,M,33.0
4523,4524,80-14-045134,White,M,58.0
4524,4525,80-14-045134,White,M,59.0
4525,4526,80-13-045271,White,M,58.0
4526,4527,80-13-045271,White,M,58.0
4527,4528,80-13-045271,White,M,58.0
4528,4529,80-13-045271,White,M,58.0
4529,4530,80-13-045271,White,M,58.0
4530,4531,80-13-045271,White,M,58.0
4531,4532,80-13-045271,White,M,58.0
4532,4533,80-13-045271,White,M,58.0
4533,4534,80-14-046715,White,M,31.0
4534,4535,80-16-075101,Black,M,29.0
4535,4536,80-14-083740,Black,M,38.0
4536,4537,80-14-083740,Black,M,39.0
4537,4538,80-14-083740,Black,M,39.0
4538,4539,80-14-093625,White,M,26.0
4539,4540,80-14-093625,White,M,26.0
4540,4541,80-15-105963,Black,M,20.0
4541,4542,80-13-059885,Black,M,22.0
4542,4543,80-13-071505,Black,M,38.0
4543,4544,80-11-058327,White,M,
4544,4545,80-11-058327,White,M,
4545,4546,80-11-058327,White,M,
4546,4547,80-11-058327,White,M,
4547,4548,80-11-063430,Black,M,21.0
4548,4549,80-12-047988,Black,M,21.0
4549,4550,80-14-020683,Black,M,21.0
4550,4551,80-17-001264,Black,M,36.0
4551,4552,80-17-001264,Black,M,36.0
4552,4553,80-12-061042,Black,M,26.0
4553,4554,80-12-061042,Black,M,26.0
4554,4555,80-16-014537,Black,M,21.0
4555,4556,80-17-011481,Black,M,29.0
4556,4557,80-12-010438,Black,M,40.0
4557,4558,80-15-047486,Black,M,37.0
4558,4559,80-12-000915,Black,M,72.0
4559,4560,80-12-000915,Black,M,72.0
4560,4561,80-12-010438,Black,M,38.0
4561,4562,80-11-052638,Black,M,32.0
4562,4563,80-16-083590,Black,M,29.0
4563,4564,80-15-068068,White,F,23.0
4564,4565,80-16-090159,White,F,29.0
4565,4566,80-12-022464,White,M,50.0
4566,4567,80-11-037399,White,M,22.0
4567,4568,80-11-037399,White,M,22.0
4568,4569,80-15-061271,Black,M,23.0
4569,4570,80-12-067452,White,M,42.0
4570,4571,80-16-088062,White,M,40.0
4571,4572,80-11-073650,White,M,32.0
4572,4573,80-11-073650,White,M,32.0
4573,4574,80-11-073650,White,M,32.0
4574,4575,80-11-073650,White,M,32.0
4575,4576,80-11-073650,White,M,32.0
4576,4577,80-13-041881,White,M,34.0
4577,4578,80-13-041881,White,M,34.0
4578,4579,80-15-052708,White,M,23.0
4579,4580,80-16-035917,White,M,32.0
4580,4581,80-16-035917,White,M,32.0
4581,4582,80-16-035917,White,M,32.0
4582,4583,80-12-006028,Black,M,25.0
4583,4584,80-16-076418,White,M,53.0
4584,4585,80-16-076418,White,M,53.0
4585,4586,80-16-076418,White,M,53.0
4586,4587,80-11-071335,White,M,37.0
4587,4588,80-15-056599,Black,F,65.0
4588,4589,80-16-089319,White,M,33.0
4589,4590,80-11-036193,White,M,26.0
4590,4591,80-13-028656,Black,F,28.0
4591,4592,80-11-009630,Black,M,
4592,4593,80-14-046551,White,M,16.0
4593,4594,80-15-060276,Black,M,32.0
4594,4595,80-12-036440,Black,M,20.0
4595,4596,80-13-081045,White,F,22.0
4596,4597,80-14-079011,Black,M,28.0
4597,4598,80-17-002570,Black,M,37.0
4598,4599,80-17-005736,Black,M,22.0
4599,4600,80-11-101788,Black,M,39.0
4600,4601,80-16-076418,White,M,53.0
4601,4602,80-16-076418,White,M,53.0
4602,4603,80-16-076418,White,M,53.0
4603,4604,80-15-073206,White,M,40.0
4604,4605,80-11-091052,Black,M,29.0
4605,4606,80-15-018574,Black,M,22.0
4606,4607,80-15-022970,White,M,51.0
4607,4608,80-15-022970,White,M,51.0
4608,4609,80-15-022970,White,M,51.0
4609,4610,80-11-091052,Black,M,29.0
4610,4611,80-12-098065,White,M,33.0
4611,4612,80-11-023964,Black,M,42.0
4612,4613,80-11-023964,Black,M,42.0
4613,4614,80-10-090002,White,F,22.0
4614,4615,80-10-062985,White,M,32.0
4615,4616,80-10-062985,White,M,32.0
4616,4617,80-15-025379,Black,M,30.0
4617,4618,80-15-025379,Black,M,30.0
4618,4619,80-13-067435,White,M,36.0
4619,4620,80-16-101704,White,M,39.0
4620,4621,80-10-020884,White,M,27.0
4621,4622,80-10-020884,White,M,27.0
4622,4623,80-13-099948,Black,M,43.0
4623,4624,80-16-101704,White,M,39.0
4624,4625,80-11-097647,Black,M,28.0
4625,4626,80-10-098845,White,M,45.0
4626,4627,80-16-063382,Black,M,62.0
4627,4628,80-16-053537,Black,M,49.0
4628,4629,80-15-024708,Black,M,32.0
4629,4630,80-11-023785,White,M,27.0
4630,4631,80-11-051789,Asian,M,36.0
4631,4632,80-12-081058,White,M,32.0
4632,4633,80-16-043222,White,F,28.0
4633,4634,80-12-087714,Black,M,61.0
4634,4635,80-16-063213,White,M,18.0
4635,4636,80-15-048920,Black,M,21.0
4636,4637,80-13-045472,Black,M,29.0
4637,4638,80-16-090159,White,F,29.0
4638,4639,80-16-054708,Black,M,21.0
4639,4640,80-12-044709,White,M,53.0
4640,4641,80-12-044709,White,M,53.0
4641,4642,80-16-026353,Black,M,17.0
4642,4643,80-16-026353,Black,M,17.0
4643,4644,80-15-089077,Black,M,23.0
4644,4645,80-15-053626,White,M,24.0
4645,4646,80-15-053626,White,M,24.0
4646,4647,80-15-053626,White,M,24.0
4647,4648,80-15-053626,White,M,24.0
4648,4649,80-15-053626,White,M,24.0
4649,4650,80-15-053626,White,M,24.0
4650,4651,80-15-053626,White,M,24.0
4651,4652,80-13-040206,Black,M,18.0
4652,4653,80-13-029201,Black,M,25.0
4653,4654,80-13-040362,White,F,42.0
4654,4655,80-12-062539,White,M,37.0
4655,4656,80-17-012491,Black,M,20.0
4656,4657,80-16-030540,Black,M,30.0
4657,4658,80-15-086975,White,M,37.0
4658,4659,80-14-073299,Black,M,38.0
4659,4660,80-10-101174,White,M,31.0
4660,4661,80-10-101174,White,M,31.0
4661,4662,80-10-055015,Black,M,32.0
4662,4663,80-10-094543,White,M,30.0
4663,4664,80-11-000084,Black,M,34.0
4664,4665,80-16-055038,White,M,29.0
4665,4666,80-15-004373,Black,M,38.0
4666,4667,80-12-096700,White,M,31.0
4667,4668,80-10-052770,White,M,20.0
4668,4669,80-10-052770,White,M,20.0
4669,4670,80-10-052770,White,M,20.0
4670,4671,80-11-010143,Black,M,52.0
4671,4672,80-12-004877,Black,M,32.0
4672,4673,80-10-049308,Black,F,29.0
4673,4674,80-16-015923,Black,M,29.0
4674,4675,80-16-015923,Black,M,29.0
4675,4676,80-12-098065,White,M,33.0
4676,4677,80-10-083079,Black,M,24.0
4677,4678,80-15-070842,Black,M,21.0
4678,4679,80-11-033980,Black,M,20.0
4679,4680,80-11-033980,Black,M,20.0
4680,4681,80-16-023180,Black,F,16.0
4681,4682,80-16-103050,Black,F,21.0
4682,4683,80-16-023180,Black,F,16.0
4683,4684,80-10-093875,Black,M,20.0
4684,4685,80-11-091127,Black,M,26.0
4685,4686,80-12-087512,Black,M,33.0
4686,4687,80-12-066938,Black,M,
4687,4688,80-16-063213,White,M,18.0
4688,4689,80-13-087263,White,F,61.0
4689,4690,80-16-098917,Black,M,33.0
4690,4691,80-13-087263,White,F,61.0
4691,4692,80-15-040450,Black,M,18.0
4692,4693,80-13-079651,White,M,36.0
4693,4694,80-13-088680,White,M,38.0
4694,4695,80-10-002102,Black,F,35.0
4695,4696,80-15-060270,Black,M,38.0
4696,4697,80-16-103041,White,M,27.0
4697,4698,80-16-103041,White,M,27.0
4698,4699,80-16-103041,White,M,27.0
4699,4700,80-16-103041,White,M,27.0
4700,4701,80-16-103041,White,M,27.0
4701,4702,80-16-103041,White,M,27.0
4702,4703,80-16-103041,White,M,27.0
4703,4704,80-16-103041,White,M,27.0
4704,4705,80-16-103041,White,M,27.0
4705,4706,80-16-109420,White,M,71.0
4706,4707,80-10-095181,White,M,21.0
4707,4708,80-10-084709,Black,M,24.0
4708,4709,80-15-096102,Black,M,44.0
4709,4710,80-10-049308,Black,F,29.0
4710,4711,80-14-062401,Black,F,28.0
4711,4712,80-14-100699,Black,M,34.0
4712,4713,80-11-063772,Asian,M,38.0
4713,4714,80-14-021610,White,F,26.0
4714,4715,80-10-020884,White,M,27.0
4715,4716,80-15-106319,Black,M,25.0
4716,4717,80-11-028479,White,M,29.0
4717,4718,80-16-099192,Middle Eastern,M,18.0
4718,4719,80-12-067343,Hispanic,M,27.0
4719,4720,80-15-053626,White,M,24.0
4720,4721,80-12-055689,Black,F,32.0
4721,4722,80-17-013639,Black,M,35.0
4722,4723,80-17-013639,Black,M,35.0
4723,4724,80-14-027029,White,M,35.0
4724,4725,80-14-027029,White,M,35.0
4725,4726,80-14-027029,White,M,35.0
4726,4727,80-16-036291,Black,M,23.0
4727,4728,80-13-051041,White,M,67.0
4728,4729,80-13-051041,White,M,67.0
4729,4730,80-13-051041,White,M,67.0
4730,4731,80-13-051041,White,M,67.0
4731,4732,80-12-066938,Black,M,
4732,4733,80-12-000014,Black,M,31.0
4733,4734,80-16-030442,White,M,40.0
4734,4735,80-16-030442,White,M,40.0
4735,4736,80-12-001771,Black,M,50.0
4736,4737,80-12-001771,Black,M,50.0
4737,4738,80-12-001771,Black,M,50.0
4738,4739,80-12-001771,Black,M,50.0
4739,4740,80-12-001771,Black,M,50.0
4740,4741,80-10-063020,Black,M,18.0
4741,4742,80-10-054998,Black,M,18.0
4742,4743,80-15-055401,White,M,26.0
4743,4744,80-14-052206,White,M,29.0
4744,4745,80-14-052206,White,M,29.0
4745,4746,80-16-070110,White,M,61.0
4746,4747,80-16-070110,White,M,61.0
4747,4748,80-16-070110,White,M,61.0
4748,4749,80-16-070110,White,M,61.0
4749,4750,80-15-040450,Black,M,18.0
4750,4751,80-10-096029,White,M,46.0
4751,4752,80-10-050291,Black,M,24.0
4752,4753,80-14-002031,White,M,26.0
4753,4754,80-12-084527,Black,M,63.0
4754,4755,80-12-084527,Black,M,63.0
4755,4756,80-11-047932,Black,M,21.0
4756,4757,80-11-029936,White,M,
4757,4758,80-11-029936,White,M,
4758,4759,80-13-096277,White,M,36.0
4759,4760,80-15-056258,Black,M,19.0
4760,4761,80-10-093875,Black,M,20.0
4761,4762,80-13-044612,Black,M,45.0
4762,4763,80-10-073840,White,M,24.0
4763,4764,80-11-044762,Black,M,19.0
4764,4765,80-14-042720,Black,M,26.0
4765,4766,80-12-063942,Black,M,26.0
4766,4767,80-10-075923,Hispanic,M,48.0
4767,4768,80-17-007159,White,M,56.0
4768,4769,80-17-007159,White,M,56.0
4769,4770,80-17-007159,White,M,56.0
4770,4771,80-17-007159,White,M,56.0
4771,4772,80-17-007159,White,M,56.0
4772,4773,80-17-002570,Black,M,37.0
4773,4774,80-15-067658,Black,M,18.0
4774,4775,80-11-101788,Black,M,39.0
4775,4776,80-15-063541,White,F,38.0
4776,4777,80-11-038501,White,M,40.0
4777,4778,80-11-010488,White,M,40.0
4778,4779,80-11-010488,White,M,40.0
4779,4780,80-11-011682,Black,M,31.0
4780,4781,80-15-054776,White,M,57.0
4781,4782,80-15-054776,White,M,57.0
4782,4783,80-15-054776,White,M,57.0
4783,4784,80-15-054776,White,M,57.0
4784,4785,80-15-054776,White,M,57.0
4785,4786,80-15-054776,White,M,57.0
4786,4787,80-14-051223,White,M,22.0
4787,4788,80-14-051223,White,M,22.0
4788,4789,80-14-051223,White,M,22.0
4789,4790,80-14-032360,Black,F,55.0
4790,4791,80-11-028479,White,M,29.0
4791,4792,80-12-095235,White,M,37.0
4792,4793,80-11-057130,White,M,27.0
4793,4794,80-11-057130,White,M,27.0
4794,4795,80-10-037515,Black,M,23.0
4795,4796,80-10-040571,Black,M,23.0
4796,4797,80-14-047055,White,F,20.0
4797,4798,80-14-047055,White,F,20.0
4798,4799,80-12-003161,White,M,49.0
4799,4800,80-15-079125,White,M,53.0
4800,4801,80-14-081819,Black,M,19.0
4801,4802,80-15-047689,Black,M,32.0
4802,4803,80-16-034503,Black,M,33.0
4803,4804,80-15-050342,White,M,51.0
4804,4805,80-15-051656,Black,M,22.0
4805,4806,80-17-014610,White,M,16.0
4806,4807,80-14-068027,Black,M,36.0
4807,4808,80-13-091931,Black,M,28.0
4808,4809,80-13-033236,White,M,55.0
4809,4810,80-16-102088,Black,M,35.0
4810,4811,80-16-102088,Black,M,35.0
4811,4812,80-13-051266,Null,,
4812,4813,80-13-051266,Null,,
4813,4814,80-13-051266,Null,,
4814,4815,80-13-051266,Null,,
4815,4816,80-16-037543,White,M,32.0
4816,4817,80-12-017625,White,M,51.0
4817,4818,80-11-050068,Black,M,24.0
4818,4819,80-14-052493,White,F,28.0
4819,4820,80-13-086140,Black,M,41.0
4820,4821,80-10-043941,Black,M,20.0
4821,4822,80-12-024658,White,M,22.0
4822,4823,80-14-055474,Black,M,18.0
4823,4824,80-12-031232,Black,M,14.0
4824,4825,80-12-069239,Black,M,29.0
4825,4826,80-12-069239,Black,M,29.0
4826,4827,80-12-069239,Black,M,29.0
4827,4828,80-12-069239,Black,M,29.0
4828,4829,80-16-027967,Null,M,24.0
4829,4830,80-16-027967,Null,M,24.0
4830,4831,80-16-089881,White,M,65.0
4831,4832,80-16-089881,White,M,65.0
4832,4833,80-16-089881,White,M,65.0
4833,4834,80-16-089881,White,M,65.0
4834,4835,80-16-089881,White,M,65.0
4835,4836,80-16-089881,White,M,65.0
4836,4837,80-15-001444,Unknown,M,23.0
4837,4838,80-16-065127,Null,M,
4838,4839,80-11-043862,White,M,55.0
4839,4840,80-13-087052,Black,F,30.0
4840,4841,80-11-009159,White,F,23.0
4841,4842,80-11-009159,White,F,23.0
4842,4843,80-11-009159,White,F,23.0
4843,4844,80-13-087052,Black,F,29.0
4844,4845,80-13-087052,Black,F,30.0
4845,4846,80-16-085012,White,F,23.0
4846,4847,80-13-087052,Black,F,29.0
4847,4848,80-10-008651,White,M,53.0
4848,4849,80-10-023820,White,M,31.0
4849,4850,80-13-087052,Black,F,30.0
4850,4851,80-16-028476,Black,M,35.0
4851,4852,80-13-087052,Black,F,29.0
4852,4853,80-14-073616,Black,M,22.0
4853,4854,80-16-081303,Black,M,18.0
4854,4855,80-17-002365,Null,,
4855,4856,80-16-072288,White,M,51.0
4856,4857,80-13-015545,Black,M,21.0
4857,4858,80-16-102285,Black,M,42.0
4858,4859,80-12-034969,Black,M,25.0
4859,4860,80-12-034969,Black,M,25.0
4860,4861,80-12-034969,Black,M,25.0
4861,4862,80-16-073413,Black,M,19.0
4862,4863,80-11-005586,Black,M,15.0
4863,4864,80-10-016863,Black,M,30.0
4864,4865,80-13-009265,White,M,36.0
4865,4866,80-10-004293,White,M,23.0
4866,4867,80-10-003061,White,M,23.0
4867,4868,80-10-003061,White,M,23.0
4868,4869,80-15-023278,Null,,
4869,4870,80-15-023278,Null,,
4870,4871,80-15-023278,Null,,
4871,4872,80-15-023278,Null,,
4872,4873,80-15-023278,Null,,
4873,4874,80-15-021881,Null,,
4874,4875,80-15-022943,Null,,
4875,4876,80-15-029535,Null,,
4876,4877,80-15-030343,Null,,
4877,4878,80-15-035713,Null,,
4878,4879,80-13-015545,Black,M,22.0
4879,4880,80-12-005790,White,M,36.0
4880,4881,80-17-002365,Null,,
4881,4882,80-10-087737,Black,M,31.0
4882,4883,80-15-030021,Black,M,12.0
4883,4884,80-13-087052,Black,F,30.0
4884,4885,80-15-035713,Null,,
4885,4886,80-15-036654,Null,,
4886,4887,80-15-036951,Null,,
4887,4888,80-15-036951,Null,,
4888,4889,80-15-035713,Null,,
4889,4890,80-15-042280,Null,,
4890,4891,80-15-048314,Null,,
4891,4892,80-15-049256,Null,,
4892,4893,80-15-042653,Null,,
4893,4894,80-15-050979,Null,,
4894,4895,80-15-051165,Null,,
4895,4896,80-15-060952,Null,,
4896,4897,80-15-060952,Null,,
4897,4898,80-15-079490,Null,,
4898,4899,80-15-083800,Null,,
4899,4900,80-15-083800,Null,,
4900,4901,80-10-032350,Null,,
4901,4902,80-10-072057,Null,,
4902,4903,80-10-072057,Null,,
4903,4904,80-10-037551,Null,,
4904,4905,80-10-037580,Null,,
4905,4906,80-10-037580,Null,,
4906,4907,80-10-037580,Null,,
4907,4908,80-10-050884,Null,,
4908,4909,80-10-050884,Null,,
4909,4910,80-11-004841,Null,,
4910,4911,80-11-004841,Null,,
4911,4912,80-11-004841,Null,,
4912,4913,80-15-093771,White,M,35.0
4913,4914,80-12-004356,White,M,54.0
4914,4915,80-12-004356,White,M,54.0
4915,4916,80-15-058392,Black,M,38.0
4916,4917,80-15-058392,Black,M,38.0
4917,4918,80-11-005480,White,F,55.0
4918,4919,80-13-087052,Black,F,29.0
4919,4920,80-11-005480,White,F,55.0
4920,4921,80-11-031966,Black,M,31.0
4921,4922,80-14-024545,Black,M,66.0
4922,4923,80-15-095553,White,M,32.0
4923,4924,80-13-063306,White,M,50.0
4924,4925,80-13-063306,White,M,50.0
4925,4926,80-17-002104,White,M,31.0
4926,4927,80-13-064406,Black,M,21.0
4927,4928,80-13-064406,Black,M,21.0
4928,4929,80-15-053803,White,M,26.0
4929,4930,80-09-098505,Black,M,56.0
4930,4931,80-15-057574,Black,M,35.0
4931,4932,80-14-075737,Black,M,24.0
4932,4933,80-14-075737,Black,M,24.0
4933,4934,80-16-064214,Black,F,26.0
4934,4935,80-11-084511,White,M,27.0
4935,4936,80-11-084511,White,M,27.0
4936,4937,80-13-015545,Black,M,22.0
4937,4938,80-14-060827,Black,M,35.0
4938,4939,80-12-033923,Black,M,28.0
4939,4940,80-15-063767,Black,M,57.0
4940,4941,80-14-012531,Black,F,38.0
4941,4942,80-11-015977,Black,M,13.0
4942,4943,80-17-002365,Null,,
4943,4944,80-12-087738,Black,M,40.0
4944,4945,80-12-069033,Black,M,23.0
4945,4946,80-13-012519,White,M,59.0
4946,4947,80-10-073314,Hispanic,M,44.0
4947,4948,80-15-049278,White,M,17.0
4948,4949,80-13-012519,White,M,59.0
4949,4950,80-16-069650,Black,M,16.0
4950,4951,80-16-069650,Black,M,16.0
4951,4952,80-13-018034,Black,M,
4952,4953,80-16-102205,Black,M,22.0
4953,4954,80-16-102205,Black,M,22.0
4954,4955,80-14-089098,Black,M,21.0
4955,4956,80-15-001618,White,M,35.0
4956,4957,80-15-001618,White,M,35.0
4957,4958,80-11-105865,Black,M,37.0
4958,4959,80-15-104502,Black,M,25.0
4959,4960,80-15-104502,Black,M,25.0
4960,4961,80-15-006115,Black,M,40.0
4961,4962,80-16-015269,Black,M,29.0
4962,4963,80-12-014592,Black,M,24.0
4963,4964,80-13-015545,Black,M,21.0
4964,4965,80-13-015545,Black,M,22.0
4965,4966,80-13-015545,Black,M,22.0
4966,4967,80-13-088210,White,M,39.0
4967,4968,80-10-096489,Black,M,23.0
4968,4969,80-10-016511,White,M,19.0
4969,4970,80-15-061826,Black,M,32.0
4970,4971,80-17-012793,Black,M,19.0
4971,4972,80-10-053891,Black,M,32.0
4972,4973,80-13-088210,White,M,39.0
4973,4974,80-14-077460,White,F,49.0
4974,4975,80-16-111325,Black,M,30.0
4975,4976,80-16-012377,White,M,35.0
4976,4977,80-16-109029,Black,M,31.0
4977,4978,80-12-022248,White,M,52.0
4978,4979,80-13-088210,White,M,39.0
4979,4980,80-17-002061,White,M,22.0
4980,4981,80-16-012377,White,M,35.0
4981,4982,80-13-004808,White,F,27.0
4982,4983,80-14-025140,Black,M,20.0
4983,4984,80-13-088210,White,M,39.0
4984,4985,80-12-030088,White,M,21.0
4985,4986,80-11-035915,Black,M,23.0
4986,4987,80-11-035915,Black,M,28.0
4987,4988,80-14-028259,Black,M,21.0
4988,4989,80-13-073986,White,M,23.0
4989,4990,80-13-073986,White,M,23.0
4990,4991,80-11-029202,White,M,32.0
4991,4992,80-14-052572,Black,M,38.0
4992,4993,80-14-052572,Black,M,38.0
4993,4994,80-14-052572,Black,M,38.0
4994,4995,80-15-008031,White,M,22.0
4995,4996,80-16-076601,Black,M,24.0
4996,4997,80-15-017939,Black,M,
4997,4998,80-16-064237,Black,F,24.0
4998,4999,80-16-064237,Black,F,24.0
4999,5000,80-15-018853,Unknown,U,
5000,5001,80-16-024593,Black,M,23.0
5001,5002,80-16-108688,Black,M,20.0
5002,5003,80-16-108688,Black,M,20.0
5003,5004,80-16-108688,Black,M,20.0
5004,5005,80-16-055073,White,M,
5005,5006,80-16-063564,Unknown,U,
5006,5007,80-15-044408,Black,M,20.0
5007,5008,80-16-075049,Black,M,20.0
5008,5009,80-11-029202,White,M,32.0
5009,5010,80-11-016482,Black,M,52.0
5010,5011,80-11-106042,Black,M,37.0
5011,5012,80-11-001776,White,M,45.0
5012,5013,80-14-020215,White,M,33.0
5013,5014,80-10-064692,White,M,54.0
5014,5015,80-14-064145,White,M,25.0
5015,5016,80-13-015965,Black,M,20.0
5016,5017,80-11-072246,Black,M,37.0
5017,5018,80-11-072246,Black,M,37.0
5018,5019,80-15-060876,White,F,31.0
5019,5020,80-16-067128,Black,M,
5020,5021,80-16-035638,Black,M,30.0
5021,5022,80-11-084277,White,M,43.0
5022,5023,80-16-075049,Black,M,20.0
5023,5024,80-15-050342,White,M,51.0
5024,5025,80-17-006070,Black,M,41.0
5025,5026,80-17-006070,Black,M,41.0
5026,5027,80-13-004808,White,F,27.0
5027,5028,80-15-001618,White,M,35.0
5028,5029,80-14-013516,White,M,35.0
5029,5030,80-13-018034,Black,M,
5030,5031,80-13-024800,Black,M,22.0
5031,5032,80-16-110645,Black,M,47.0
5032,5033,80-15-066492,Black,M,31.0
5033,5034,80-15-015477,White,M,37.0
5034,5035,80-15-022439,Black,F,31.0
5035,5036,80-15-017939,Black,M,
5036,5037,80-15-017939,Black,M,
5037,5038,80-15-017939,Black,M,
5038,5039,80-15-017939,Black,M,
5039,5040,80-13-054334,Unknown,U,
5040,5041,80-15-038918,Black,M,21.0
5041,5042,80-10-068641,White,M,37.0
5042,5043,80-10-068641,White,M,37.0
5043,5044,80-11-059577,Black,M,28.0
5044,5045,80-12-000032,Black,M,32.0
5045,5046,80-15-028715,Black,M,
5046,5047,80-16-087608,Black,F,55.0
5047,5048,80-16-035985,Black,M,45.0
5048,5049,80-13-023207,Black,M,27.0
5049,5050,80-13-007844,Black,M,45.0
5050,5051,80-13-041947,Black,M,32.0
5051,5052,80-15-097961,Black,M,31.0
5052,5053,80-13-091931,Black,M,28.0
5053,5054,80-17-003780,White,M,25.0
5054,5055,80-17-006427,Black,M,30.0
5055,5056,80-10-004503,Black,M,
5056,5057,80-16-012377,White,M,35.0
5057,5058,80-14-087994,Black,M,23.0
5058,5059,80-14-000975,Black,M,28.0
5059,5060,80-14-000975,Black,M,28.0
5060,5061,80-14-000975,Black,M,28.0
5061,5062,80-16-037230,Black,M,17.0
5062,5063,80-15-028658,Unknown,U,26.0
5063,5064,80-14-050855,Black,M,21.0
5064,5065,80-14-050855,Black,M,21.0
5065,5066,80-14-076025,White,F,42.0
5066,5067,80-14-015952,Unknown,U,
5067,5068,80-14-065699,Black,F,16.0
5068,5069,80-13-008196,Black,M,26.0
5069,5070,80-17-009273,Black,M,28.0
5070,5071,80-15-055670,Black,M,19.0
5071,5072,80-14-081819,Black,M,19.0
5072,5073,80-14-081819,Black,M,19.0
5073,5074,80-17-006427,Black,M,30.0
5074,5075,80-17-006427,Black,M,30.0
5075,5076,80-17-006427,Black,M,30.0
5076,5077,80-15-105022,Hispanic,M,29.0
5077,5078,80-15-059524,Black,M,25.0
5078,5079,80-15-059524,Black,M,25.0
5079,5080,80-11-058273,Black,M,18.0
5080,5081,80-15-048195,Black,M,29.0
5081,5082,80-13-005139,Black,M,38.0
5082,5083,80-13-005139,Black,M,38.0
5083,5084,80-16-012377,White,M,35.0
5084,5085,80-13-096307,Black,M,24.0
5085,5086,80-16-106571,White,M,25.0
5086,5087,80-16-106571,White,M,25.0
5087,5088,80-16-106571,White,M,25.0
5088,5089,80-14-037446,Black,M,36.0
5089,5090,80-16-106571,White,M,25.0
5090,5091,80-16-106571,White,M,25.0
5091,5092,80-16-106571,White,M,25.0
5092,5093,80-10-036141,Hispanic,M,20.0
5093,5094,80-14-061630,Black,M,22.0
5094,5095,80-15-085835,White,M,25.0
5095,5096,80-10-085287,Black,F,21.0
5096,5097,80-10-016863,Black,M,30.0
5097,5098,80-10-016863,Black,M,30.0
5098,5099,80-15-059392,Black,M,21.0
5099,5100,80-16-046936,Black,M,25.0
5100,5101,80-13-051347,White,M,22.0
5101,5102,80-12-027561,White,M,28.0
5102,5103,80-11-084159,White,M,39.0
5103,5104,80-16-109160,Black,F,26.0
5104,5105,80-16-031684,Black,M,34.0
5105,5106,80-10-080128,White,M,23.0
5106,5107,80-17-008918,Black,M,43.0
5107,5108,80-17-010122,White,M,20.0
5108,5109,80-17-005736,White,F,32.0
5109,5110,80-15-106757,Black,M,17.0
5110,5111,80-16-022236,Null,,
5111,5112,80-16-033308,Null,,
5112,5113,80-16-043845,Null,,
5113,5114,80-16-055112,Null,,
5114,5115,80-16-067279,Null,,
5115,5116,80-16-079112,Null,,
5116,5117,80-16-079795,Null,,
5117,5118,80-16-087626,Null,,
5118,5119,80-15-035713,Black,M,27.0
5119,5120,80-15-035713,Black,M,27.0
5120,5121,80-15-035713,Black,M,27.0
5121,5122,80-16-085272,Black,M,20.0
5122,5123,80-16-085272,Black,M,20.0
5123,5124,80-15-027428,Black,M,18.0
5124,5125,80-16-012377,White,M,35.0
5125,5126,80-15-027428,Black,M,20.0
5126,5127,80-17-003774,Null,,
5127,5128,80-17-011680,Null,,
5128,5129,80-14-031450,Null,,
5129,5130,80-14-031450,Null,,
5130,5131,80-14-045551,Null,,
5131,5132,80-14-067986,Null,,
5132,5133,80-14-067986,Null,,
5133,5134,80-14-065309,Null,,
5134,5135,80-14-081473,Null,,
5135,5136,80-13-062660,Black,M,23.0
5136,5137,80-16-025780,Black,M,34.0
5137,5138,80-16-026933,Black,M,
5138,5139,80-16-065127,Null,M,
5139,5140,80-16-037159,Black,M,
5140,5141,80-13-007996,White,F,28.0
5141,5142,80-13-007996,White,F,28.0
5142,5143,80-16-047576,White,F,25.0
5143,5144,80-16-108688,Black,M,20.0
5144,5145,80-16-055073,White,M,
5145,5146,80-14-019221,Null,M,23.0
5146,5147,80-17-000261,Black,M,18.0
5147,5148,80-17-008918,Black,M,43.0
5148,5149,80-17-010698,Hispanic,M,43.0
5149,5150,80-15-007971,Null,,
5150,5151,80-15-007971,Null,,
5151,5152,80-15-010743,Null,,
5152,5153,80-15-015469,Null,,
5153,5154,80-15-010902,Null,,
5154,5155,80-15-010902,Null,,
5155,5156,80-11-046579,White,M,68.0
5156,5157,80-11-046579,White,M,68.0
5157,5158,80-10-014876,White,M,25.0
5158,5159,80-10-097841,White,M,40.0
5159,5160,80-11-094999,Hispanic,M,40.0
5160,5161,80-16-012377,White,M,35.0
5161,5162,80-14-022618,White,M,24.0
5162,5163,80-15-036306,Black,M,30.0
5163,5164,80-15-056077,Black,M,27.0
5164,5165,80-10-087165,White,M,34.0
5165,5166,80-10-087165,White,M,34.0
5166,5167,80-10-087165,White,M,34.0
5167,5168,80-10-087165,White,M,34.0
5168,5169,80-10-087165,White,M,34.0
5169,5170,80-10-087165,White,M,34.0
5170,5171,80-10-087165,White,M,34.0
5171,5172,80-10-087165,White,M,34.0
5172,5173,80-10-087165,White,M,34.0
5173,5174,80-10-087165,White,M,34.0
5174,5175,80-10-087165,White,M,34.0
5175,5176,80-10-087165,White,M,34.0
5176,5177,80-10-087165,White,M,34.0
5177,5178,80-10-087165,White,M,34.0
5178,5179,80-10-087165,White,M,34.0
5179,5180,80-10-087165,White,M,34.0
5180,5181,80-11-015876,White,M,46.0
5181,5182,80-16-098281,White,M,39.0
5182,5183,80-16-098281,White,M,39.0
5183,5184,80-12-077821,Black,M,
5184,5185,80-13-096545,Black,M,21.0
5185,5186,80-17-001054,Black,M,20.0
5186,5187,80-17-001054,Black,M,20.0
5187,5188,80-12-079679,Black,M,
5188,5189,80-12-059209,White,M,20.0
5189,5190,80-12-079925,White,M,26.0
5190,5191,80-16-007269,White,M,23.0
5191,5192,80-16-007269,White,M,23.0
5192,5193,80-14-047055,White,F,20.0
5193,5194,80-15-075237,Black,M,21.0
5194,5195,80-14-012654,Null,,
5195,5196,80-13-013425,Black,M,24.0
5196,5197,80-13-013425,Black,M,24.0
5197,5198,80-16-092701,Black,M,20.0
5198,5199,80-14-011222,Hispanic,M,45.0
5199,5200,80-12-081096,White,M,58.0
5200,5201,80-12-028320,Black,M,18.0
5201,5202,80-12-028320,Black,M,18.0
5202,5203,80-17-002739,White,M,51.0
5203,5204,80-17-002739,White,M,51.0
5204,5205,80-17-002739,White,M,51.0
5205,5206,80-17-002739,White,M,51.0
5206,5207,80-12-004368,Black,M,30.0
5207,5208,80-12-012769,Black,M,28.0
5208,5209,80-12-012769,Black,M,28.0
5209,5210,80-14-035465,White,M,45.0
5210,5211,80-11-097348,Black,M,30.0
5211,5212,80-14-061587,Black,M,24.0
5212,5213,80-11-097647,Black,M,36.0
5213,5214,80-10-093009,Black,M,20.0
5214,5215,80-10-093009,Black,M,20.0
5215,5216,80-10-093009,Black,M,20.0
5216,5217,80-10-093009,Black,M,20.0
5217,5218,80-17-003909,White,M,27.0
5218,5219,80-13-062101,White,M,32.0
5219,5220,80-16-042296,Black,M,26.0
5220,5221,80-14-029172,Black,M,20.0
5221,5222,80-14-029172,Black,M,20.0
5222,5223,80-16-030442,White,M,40.0
5223,5224,80-12-075796,Hispanic,M,38.0
5224,5225,80-16-026068,Black,M,34.0
5225,5226,80-11-029998,White,M,53.0
5226,5227,80-16-092598,Black,M,25.0
5227,5228,80-13-016102,White,M,21.0
5228,5229,80-11-072246,Black,M,37.0
5229,5230,80-10-054792,White,M,27.0
5230,5231,80-10-054097,Black,M,29.0
5231,5232,80-16-032213,Black,M,18.0
5232,5233,80-11-021077,Black,M,30.0
5233,5234,80-10-054097,Black,M,29.0
5234,5235,80-10-097841,White,M,40.0
5235,5236,80-10-058047,Unknown,U,
5236,5237,80-10-058047,Unknown,U,
5237,5238,80-10-058047,Unknown,U,
5238,5239,80-10-058047,Unknown,U,
5239,5240,80-10-058047,Unknown,U,
5240,5241,80-10-058047,Unknown,U,
5241,5242,80-11-004065,Black,M,19.0
5242,5243,80-12-024497,Black,M,20.0
5243,5244,80-14-051432,Black,M,18.0
5244,5245,80-16-030442,White,M,40.0
5245,5246,80-16-030442,White,M,40.0
5246,5247,80-12-089067,Black,M,22.0
5247,5248,80-12-089067,Black,M,22.0
5248,5249,80-12-089067,Black,M,22.0
5249,5250,80-12-067188,Black,M,20.0
5250,5251,80-15-054728,Black,M,17.0
5251,5252,80-13-087287,White,M,28.0
5252,5253,80-15-044100,Null,,
5253,5254,80-14-073570,Black,M,59.0
5254,5255,80-13-087287,White,M,28.0
5255,5256,80-13-087287,White,M,28.0
5256,5257,80-11-021359,Null,,
5257,5258,80-14-012247,Black,M,17.0
5258,5259,80-15-045410,Null,,
5259,5260,80-14-073570,Black,M,59.0
5260,5261,80-16-070110,White,M,61.0
5261,5262,80-11-021359,Null,,
5262,5263,80-12-010600,Black,M,36.0
5263,5264,80-11-029936,White,M,
5264,5265,80-12-066955,White,M,34.0
5265,5266,80-10-084429,Black,M,22.0
5266,5267,80-15-057209,Null,,
5267,5268,80-11-029936,White,M,
5268,5269,80-10-046598,Hispanic,M,39.0
5269,5270,80-14-073570,Black,M,59.0
5270,5271,80-10-086383,White,M,36.0
5271,5272,80-15-053173,Null,,
5272,5273,80-11-029936,White,M,
5273,5274,80-16-032540,Black,M,52.0
5274,5275,80-14-073570,Black,M,59.0
5275,5276,80-11-070255,White,M,18.0
5276,5277,80-15-061300,Null,,
5277,5278,80-15-061300,Null,,
5278,5279,80-15-082737,Null,,
5279,5280,80-15-096084,Null,,
5280,5281,80-15-093576,Null,,
5281,5282,80-12-096744,Null,,
5282,5283,80-13-012176,Null,,
5283,5284,80-13-015563,Null,,
5284,5285,80-13-028652,Null,,
5285,5286,80-13-028652,Null,,
5286,5287,80-13-050027,Null,,
5287,5288,80-13-050172,Null,,
5288,5289,80-13-050723,Null,,
5289,5290,80-13-053491,Null,,
5290,5291,80-13-053491,Null,,
5291,5292,80-13-058288,Null,,
5292,5293,80-13-061562,Null,,
5293,5294,80-16-070110,White,M,61.0
5294,5295,80-11-018928,Null,,
5295,5296,80-13-061562,Null,,
5296,5297,80-13-064967,Null,,
5297,5298,80-13-081413,Null,,
5298,5299,80-13-081413,Null,,
5299,5300,80-13-084640,Null,,
5300,5301,80-13-084640,Null,,
5301,5302,80-13-084640,Null,,
5302,5303,80-13-087298,Null,,
5303,5304,80-13-089754,Null,,
5304,5305,80-14-005657,Null,,
5305,5306,80-14-005657,Null,,
5306,5307,80-14-001182,Null,,
5307,5308,80-14-002921,Null,,
5308,5309,80-14-019438,Null,,
5309,5310,80-10-002570,Null,,
5310,5311,80-12-004368,Black,M,30.0
5311,5312,80-12-007696,White,M,32.0
5312,5313,80-12-007696,White,M,32.0
5313,5314,80-12-007696,White,M,32.0
5314,5315,80-16-091366,Black,M,16.0
5315,5316,80-12-022248,White,M,52.0
5316,5317,80-15-053015,White,M,20.0
5317,5318,80-11-067710,Black,M,22.0
5318,5319,80-13-093741,Black,M,48.0
5319,5320,80-12-066955,White,M,34.0
5320,5321,80-10-042048,White,M,52.0
5321,5322,80-15-054957,Black,M,22.0
5322,5323,80-10-032864,Black,M,32.0
5323,5324,80-10-094551,White,M,54.0
5324,5325,80-17-008372,Black,M,22.0
5325,5326,80-11-029936,White,M,
5326,5327,80-11-070255,White,M,18.0
5327,5328,80-10-029313,Black,M,34.0
5328,5329,80-11-029936,White,M,
5329,5330,80-15-000883,Black,M,22.0
5330,5331,80-11-029936,White,M,
5331,5332,80-15-099889,Black,M,19.0
5332,5333,80-12-088281,Black,M,17.0
5333,5334,80-11-031306,Null,,
5334,5335,80-10-091417,Black,M,40.0
5335,5336,80-16-070110,White,M,61.0
5336,5337,80-12-088281,Black,M,17.0
5337,5338,80-13-033671,Black,M,21.0
5338,5339,80-10-028073,Black,M,18.0
5339,5340,80-10-028073,Black,M,18.0
5340,5341,80-14-016255,Black,M,27.0
5341,5342,80-11-029145,White,M,60.0
5342,5343,80-11-029145,White,M,60.0
5343,5344,80-11-029145,White,M,60.0
5344,5345,80-12-028891,White,F,43.0
5345,5346,80-13-035888,Black,M,24.0
5346,5347,80-11-056936,White,M,42.0
5347,5348,80-12-028891,White,F,43.0
5348,5349,80-14-054190,Null,,
5349,5350,80-14-069374,Null,,
5350,5351,80-14-069374,Null,,
5351,5352,80-14-069374,Null,,
5352,5353,80-14-067464,Null,,
5353,5354,80-14-067464,Null,,
5354,5355,80-10-102567,Black,M,14.0
5355,5356,80-10-079926,Black,M,14.0
5356,5357,80-14-067464,Null,,
5357,5358,80-14-064473,Null,,
5358,5359,80-14-064473,Null,,
5359,5360,80-14-095518,Null,,
5360,5361,80-14-096227,Null,,
5361,5362,80-15-014534,Null,,
5362,5363,80-15-023806,Null,,
5363,5364,80-15-023806,Null,,
5364,5365,80-15-023806,Null,,
5365,5366,80-15-023806,Null,,
5366,5367,80-15-023806,Null,,
5367,5368,80-15-023806,Null,,
5368,5369,80-15-023806,Null,,
5369,5370,80-15-029278,Null,,
5370,5371,80-15-034775,Null,,
5371,5372,80-15-035713,Null,,
5372,5373,80-15-035713,Null,,
5373,5374,80-15-035713,Null,,
5374,5375,80-15-036646,Null,,
5375,5376,80-15-037891,Null,,
5376,5377,80-15-036277,Null,,
5377,5378,80-15-040958,Null,,
5378,5379,80-15-039914,Null,,
5379,5380,80-15-041691,Null,,
5380,5381,80-15-041691,Null,,
5381,5382,80-15-031881,Null,,
5382,5383,80-11-029998,White,M,53.0
5383,5384,80-16-070110,White,M,61.0
5384,5385,80-10-102635,Black,M,28.0
5385,5386,80-11-031306,Null,,
5386,5387,80-15-037908,Black,M,21.0
5387,5388,80-11-031306,Null,,
5388,5389,80-14-069087,Black,M,24.0
5389,5390,80-10-065579,Hispanic,M,40.0
5390,5391,80-15-022422,White,F,61.0
5391,5392,80-11-044472,Null,,
5392,5393,80-14-044447,White,M,54.0
5393,5394,80-16-091591,Black,M,19.0
5394,5395,80-10-065579,Hispanic,M,40.0
5395,5396,80-11-067457,Null,,
5396,5397,80-11-065524,Null,,
5397,5398,80-11-087101,Null,,
5398,5399,80-11-082095,Null,,
5399,5400,80-11-082095,Null,,
5400,5401,80-12-014084,Null,,
5401,5402,80-16-002945,Null,,
5402,5403,80-16-014248,Null,,
5403,5404,80-16-010484,Null,,
5404,5405,80-16-016400,Null,,
5405,5406,80-16-023445,Null,,
5406,5407,80-16-065758,Null,,
5407,5408,80-16-055112,Null,,
5408,5409,80-16-097677,Null,,
5409,5410,80-16-097677,Null,,
5410,5411,80-10-003061,White,M,23.0
5411,5412,80-10-003061,White,M,23.0
5412,5413,80-10-003061,White,M,23.0
5413,5414,80-10-003061,White,M,23.0
5414,5415,80-11-010000,Black,M,29.0
5415,5416,80-12-069819,Black,M,28.0
5416,5417,80-10-043368,Black,M,15.0
5417,5418,80-15-099889,Black,M,19.0
5418,5419,80-11-043829,Black,M,33.0
5419,5420,80-10-027197,Black,M,24.0
5420,5421,80-10-027197,Black,M,24.0
5421,5422,80-16-101135,Null,,
5422,5423,80-16-101135,Null,,
5423,5424,80-16-101135,Null,,
5424,5425,80-16-101135,Null,,
5425,5426,80-16-106970,Null,,
5426,5427,80-17-011680,Null,,
5427,5428,80-17-010681,Null,,
5428,5429,80-14-035121,Null,,
5429,5430,80-14-050993,Null,,
5430,5431,80-14-058782,Null,,
5431,5432,80-14-058782,Null,,
5432,5433,80-14-058782,Null,,
5433,5434,80-14-058782,Null,,
5434,5435,80-14-058782,Null,,
5435,5436,80-14-058782,Null,,
5436,5437,80-10-086383,White,M,36.0
5437,5438,80-12-057146,Black,M,22.0
5438,5439,80-10-065579,Hispanic,M,40.0
5439,5440,80-11-031716,Black,M,21.0
5440,5441,80-10-065579,Hispanic,M,40.0
5441,5442,80-11-105746,White,M,47.0
5442,5443,80-15-016978,Black,M,15.0
5443,5444,80-10-091196,Black,M,18.0
5444,5445,80-10-083927,Black,M,30.0
5445,5446,80-10-095293,Black,M,25.0
5446,5447,80-10-087971,Unknown,U,
5447,5448,80-10-095293,Black,M,25.0
5448,5449,80-16-079105,Black,M,37.0
5449,5450,80-14-089992,Black,M,25.0
5450,5451,80-12-081308,White,M,26.0
5451,5452,80-11-005506,White,M,45.0
5452,5453,80-10-062415,Black,M,20.0
5453,5454,80-15-012421,Black,M,21.0
5454,5455,80-10-062415,Black,M,20.0
5455,5456,80-12-068240,Black,M,43.0
5456,5457,80-13-010324,White,M,20.0
5457,5458,80-16-017536,White,M,62.0
5458,5459,80-14-021462,White,M,21.0
5459,5460,80-16-063564,Black,M,19.0
5460,5461,80-16-071989,White,M,59.0
5461,5462,80-14-090192,Black,M,25.0
5462,5463,80-10-064959,White,F,26.0
5463,5464,80-14-088762,Black,M,21.0
5464,5465,80-13-035888,Black,M,24.0
5465,5466,80-15-088022,White,M,48.0
5466,5467,80-12-007696,White,M,32.0
5467,5468,80-10-003363,Black,M,15.0
5468,5469,80-12-014650,White,M,40.0
5469,5470,80-10-041173,Black,M,37.0
5470,5471,80-13-047039,White,M,24.0
5471,5472,80-10-057339,Black,M,17.0
5472,5473,80-10-085739,White,M,45.0
5473,5474,80-16-016538,Black,M,30.0
5474,5475,80-12-012699,Black,M,27.0
5475,5476,80-10-064959,White,F,26.0
5476,5477,80-16-043838,Black,M,46.0
5477,5478,80-11-047070,Black,M,26.0
5478,5479,80-10-064959,White,F,26.0
5479,5480,80-12-020096,Black,M,29.0
5480,5481,80-16-016538,Black,M,30.0
5481,5482,80-13-057811,Black,M,44.0
5482,5483,80-10-064959,White,F,26.0
5483,5484,80-16-016538,Black,M,30.0
5484,5485,80-15-018415,Black,M,31.0
5485,5486,80-11-023785,White,M,27.0
5486,5487,80-10-064959,White,F,26.0
5487,5488,80-16-016538,Black,M,30.0
5488,5489,80-11-023785,White,M,27.0
5489,5490,80-10-098306,White,M,34.0
5490,5491,80-16-108681,White,M,31.0
5491,5492,80-10-064959,White,F,26.0
5492,5493,80-15-045165,Black,M,34.0
5493,5494,80-15-028008,Black,M,17.0
5494,5495,80-14-087993,Black,M,29.0
5495,5496,80-10-061295,White,M,18.0
5496,5497,80-12-016999,Black,M,31.0
5497,5498,80-10-088026,Black,M,
5498,5499,80-16-048459,Black,M,26.0
5499,5500,80-12-034969,Black,M,25.0
5500,5501,80-16-096286,Black,M,24.0
5501,5502,80-14-017872,White,M,41.0
5502,5503,80-12-016999,Black,M,31.0
5503,5504,80-12-001997,White,F,25.0
5504,5505,80-10-088821,Black,M,29.0
5505,5506,80-14-012724,Black,M,51.0
5506,5507,80-14-017872,White,M,41.0
5507,5508,80-10-072647,Black,M,21.0
5508,5509,80-16-091591,Black,M,19.0
5509,5510,80-14-017872,White,M,41.0
5510,5511,80-11-094995,White,M,24.0
5511,5512,80-10-072647,Black,M,21.0
5512,5513,80-11-044932,Black,M,
5513,5514,80-16-017536,White,M,62.0
5514,5515,80-11-009977,White,M,34.0
5515,5516,80-14-001716,Black,M,32.0
5516,5517,80-16-051913,Black,M,26.0
5517,5518,80-11-044932,Black,M,
5518,5519,80-16-018786,White,M,28.0
5519,5520,80-11-005506,White,M,45.0
5520,5521,80-16-051913,Black,M,26.0
5521,5522,80-10-096044,Black,M,35.0
5522,5523,80-16-018786,White,M,28.0
5523,5524,80-17-008497,Black,M,26.0
5524,5525,80-12-034934,White,M,34.0
5525,5526,80-17-008497,Black,M,26.0
5526,5527,80-10-000185,White,M,27.0
5527,5528,80-11-039764,Null,,
5528,5529,80-11-003369,White,M,20.0
5529,5530,80-13-009265,White,M,36.0
5530,5531,80-16-085624,Black,M,28.0
5531,5532,80-13-025430,White,M,50.0
5532,5533,80-17-015000,White,M,32.0
5533,5534,80-16-070118,White,M,23.0
5534,5535,80-13-012802,White,M,32.0
5535,5536,80-15-043269,White,M,54.0
5536,5537,80-11-051842,Black,F,24.0
5537,5538,80-13-071505,Black,M,38.0
5538,5539,80-15-033475,Black,M,29.0
5539,5540,80-13-006004,Black,M,20.0
5540,5541,80-13-006004,Black,M,20.0
5541,5542,80-11-077902,Black,M,19.0
5542,5543,80-10-066951,Black,M,24.0
5543,5544,80-13-081413,White,M,22.0
5544,5545,80-13-081413,White,M,22.0
5545,5546,80-16-095322,White,M,37.0
5546,5547,80-10-015081,Black,M,20.0
5547,5548,80-10-083927,Black,M,30.0
5548,5549,80-14-003246,White,M,50.0
5549,5550,80-12-049274,Black,M,21.0
5550,5551,80-10-102584,Black,M,38.0
5551,5552,80-10-060752,Black,M,22.0
5552,5553,80-14-005100,Black,M,22.0
5553,5554,80-14-045134,White,M,59.0
5554,5555,80-14-045134,White,M,59.0
5555,5556,80-13-045271,White,M,58.0
5556,5557,80-13-045271,White,M,58.0
5557,5558,80-13-045271,White,M,58.0
5558,5559,80-13-045271,White,M,58.0
5559,5560,80-14-073570,Black,M,59.0
5560,5561,80-17-002107,Black,M,23.0
5561,5562,80-10-098116,White,M,37.0
5562,5563,80-17-002107,Black,M,23.0
5563,5564,80-11-058327,White,M,
5564,5565,80-14-071383,Black,M,21.0
5565,5566,80-15-037152,Black,M,34.0
5566,5567,80-11-058327,White,M,
5567,5568,80-14-081774,White,M,33.0
5568,5569,80-11-058327,White,M,
5569,5570,80-11-081121,Black,M,26.0
5570,5571,80-11-058327,White,M,
5571,5572,80-16-020941,White,M,55.0
5572,5573,80-16-046310,Black,M,26.0
5573,5574,80-13-004513,Black,M,61.0
5574,5575,80-10-044757,White,F,58.0
5575,5576,80-16-020941,White,M,55.0
5576,5577,80-16-098698,White,M,38.0
5577,5578,80-12-068240,Black,M,43.0
5578,5579,80-11-106032,Black,M,45.0
5579,5580,80-16-076418,White,M,53.0
5580,5581,80-16-076418,White,M,53.0
5581,5582,80-16-076418,White,M,53.0
5582,5583,80-16-092314,Black,M,19.0
5583,5584,80-16-092314,Black,M,19.0
5584,5585,80-16-032213,Black,M,18.0
5585,5586,80-15-055687,White,M,17.0
5586,5587,80-14-030887,Black,M,39.0
5587,5588,80-14-073298,Black,M,27.0
5588,5589,80-11-083457,Black,M,26.0
5589,5590,80-14-030292,Black,M,31.0
5590,5591,80-15-055687,White,M,17.0
5591,5592,80-12-006496,Black,M,19.0
5592,5593,80-12-015824,Black,M,20.0
5593,5594,80-12-015824,Black,M,20.0
5594,5595,80-15-103038,White,M,23.0
5595,5596,80-15-030965,Black,M,25.0
5596,5597,80-16-085516,Black,M,29.0
5597,5598,80-14-054128,Black,M,28.0
5598,5599,80-16-096878,White,M,26.0
5599,5600,80-16-096878,White,M,26.0
5600,5601,80-14-007113,Hispanic,M,26.0
5601,5602,80-14-007113,Hispanic,M,26.0
5602,5603,80-14-007113,Hispanic,M,26.0
5603,5604,80-14-007113,Hispanic,M,26.0
5604,5605,80-12-090323,Black,M,28.0
5605,5606,80-15-077132,White,M,25.0
5606,5607,80-15-072283,White,M,22.0
5607,5608,80-13-000005,Black,M,26.0
5608,5609,80-13-098012,Black,M,26.0
5609,5610,80-15-064156,Black,M,16.0
5610,5611,80-11-091354,White,M,55.0
5611,5612,80-16-106389,White,M,33.0
5612,5613,80-12-028106,White,M,33.0
5613,5614,80-12-039578,Black,F,36.0
5614,5615,80-16-020876,Black,M,40.0
5615,5616,80-14-040910,Black,M,31.0
5616,5617,80-14-070232,White,M,43.0
5617,5618,80-16-052240,White,M,33.0
5618,5619,80-15-078872,White,M,28.0
5619,5620,80-17-001054,Black,M,20.0
5620,5621,80-15-017941,White,M,39.0
5621,5622,80-14-084703,Black,M,33.0
5622,5623,80-12-026770,Black,M,33.0
5623,5624,80-12-064103,Black,M,29.0
5624,5625,80-14-077468,White,M,30.0
5625,5626,80-10-003061,Black,M,28.0
5626,5627,80-10-003061,Black,M,28.0
5627,5628,80-10-003061,Black,M,28.0
5628,5629,80-13-030930,Black,M,23.0
5629,5630,80-14-083050,White,M,49.0
5630,5631,80-14-049352,Black,M,31.0
5631,5632,80-10-077446,White,M,21.0
5632,5633,80-14-089624,White,M,27.0
5633,5634,80-14-083050,White,M,49.0
5634,5635,80-15-048558,Black,M,54.0
5635,5636,80-11-001010,Black,M,30.0
5636,5637,80-16-010622,Black,M,19.0
5637,5638,80-14-050663,Black,M,23.0
5638,5639,80-13-058919,Black,M,43.0
5639,5640,80-16-062810,Black,M,16.0
5640,5641,80-16-062810,Black,M,16.0
5641,5642,80-16-083088,Black,M,16.0
5642,5643,80-13-070130,Black,F,
5643,5644,80-13-069631,Black,M,15.0
5644,5645,80-10-003061,Black,M,28.0
5645,5646,80-10-003061,Black,M,28.0
5646,5647,80-10-003061,Black,M,28.0
5647,5648,80-15-095983,Black,M,44.0
5648,5649,80-16-051573,Black,M,26.0
5649,5650,80-16-051573,Black,M,26.0
5650,5651,80-14-075737,Black,M,24.0
5651,5652,80-11-069200,Asian,M,44.0
5652,5653,80-15-017941,White,M,39.0
5653,5654,80-15-033311,White,M,73.0
5654,5655,80-14-025666,White,M,46.0
5655,5656,80-14-025666,White,M,46.0
5656,5657,80-10-098845,White,M,45.0
5657,5658,80-14-077468,White,M,30.0
5658,5659,80-14-025666,White,M,46.0
5659,5660,80-15-003249,White,M,53.0
5660,5661,80-14-089624,White,M,27.0
5661,5662,80-17-006416,Black,M,25.0
5662,5663,80-14-077468,White,M,30.0
5663,5664,80-14-089624,White,M,27.0
5664,5665,80-15-003249,White,M,53.0
5665,5666,80-14-025666,White,M,46.0
5666,5667,80-16-105396,White,M,20.0
5667,5668,80-15-040450,Black,M,18.0
5668,5669,80-14-077468,White,M,30.0
5669,5670,80-17-006416,Black,M,25.0
5670,5671,80-12-045081,Black,M,27.0
5671,5672,80-12-045081,Black,M,27.0
5672,5673,80-11-000740,White,M,37.0
5673,5674,80-14-069523,White,M,62.0
5674,5675,80-12-018264,Black,M,28.0
5675,5676,80-15-040450,Black,M,18.0
5676,5677,80-15-054776,White,M,57.0
5677,5678,80-14-025666,White,M,46.0
5678,5679,80-14-069910,Black,M,21.0
5679,5680,80-11-000740,White,M,37.0
5680,5681,80-14-025666,White,M,46.0
5681,5682,80-15-054776,White,M,57.0
5682,5683,80-17-007159,White,M,56.0
5683,5684,80-14-077468,White,M,30.0
5684,5685,80-12-018264,Black,M,28.0
5685,5686,80-11-000740,White,M,37.0
5686,5687,80-13-053196,Black,M,32.0
5687,5688,80-14-077468,White,M,30.0
5688,5689,80-15-102535,Black,M,19.0
5689,5690,80-15-047986,Black,M,17.0
5690,5691,80-12-018264,Black,M,28.0
5691,5692,80-12-063475,Black,M,20.0
5692,5693,80-14-077468,White,M,30.0
5693,5694,80-11-064924,Black,M,30.0
5694,5695,80-11-000740,White,M,37.0
5695,5696,80-15-047986,Black,M,17.0
5696,5697,80-16-107976,Black,F,36.0
5697,5698,80-16-062319,Black,M,26.0
5698,5699,80-11-000740,White,M,37.0
5699,5700,80-10-085349,Black,M,47.0
5700,5701,80-11-042401,Black,M,59.0
5701,5702,80-14-092701,Black,M,27.0
5702,5703,80-10-037478,White,F,24.0
5703,5704,80-15-056948,White,M,17.0
5704,5705,80-10-085420,Hispanic,M,27.0
5705,5706,80-16-006586,Black,M,35.0
5706,5707,80-16-072606,Black,M,16.0
5707,5708,80-16-062319,Black,M,26.0
5708,5709,80-14-077468,White,M,30.0
5709,5710,80-16-103854,White,F,24.0
5710,5711,80-16-072606,Black,M,16.0
5711,5712,80-16-039751,White,M,58.0
5712,5713,80-10-057339,Black,M,17.0
5713,5714,80-12-055756,Black,M,30.0
5714,5715,80-14-077468,White,M,30.0
5715,5716,80-16-103854,White,F,24.0
5716,5717,80-15-009632,White,M,25.0
5717,5718,80-10-044757,White,F,58.0
5718,5719,80-14-077468,White,M,30.0
5719,5720,80-14-081406,White,F,29.0
5720,5721,80-12-042632,White,M,23.0
5721,5722,80-11-099991,White,F,50.0
5722,5723,80-16-095851,White,M,32.0
5723,5724,80-16-072606,Black,M,16.0
5724,5725,80-15-004308,Black,M,34.0
5725,5726,80-12-042632,White,M,23.0
5726,5727,80-15-057559,Black,M,21.0
5727,5728,80-15-042876,Black,M,32.0
5728,5729,80-11-019090,White,M,52.0
5729,5730,80-15-066011,Black,M,15.0
5730,5731,80-10-016808,Black,M,16.0
5731,5732,80-11-089157,Black,M,39.0
5732,5733,80-15-009632,White,M,25.0
5733,5734,80-15-059404,Black,M,32.0
5734,5735,80-16-022894,White,M,23.0
5735,5736,80-15-016718,White,M,20.0
5736,5737,80-12-059162,Black,M,22.0
5737,5738,80-10-087165,White,M,34.0
5738,5739,80-10-087165,White,M,34.0
5739,5740,80-10-087165,White,M,34.0
5740,5741,80-17-001054,Black,M,20.0
5741,5742,80-13-069157,Black,M,
5742,5743,80-13-069157,Black,M,
5743,5744,80-13-070130,Black,F,
5744,5745,80-12-006643,Unknown,U,
5745,5746,80-12-027328,White,F,24.0
5746,5747,80-16-032982,Black,M,23.0
5747,5748,80-16-032982,Black,M,23.0
5748,5749,80-13-090404,White,M,28.0
5749,5750,80-16-034155,Black,M,16.0
5750,5751,80-16-006283,Black,M,21.0
5751,5752,80-12-013947,Black,M,20.0
5752,5753,80-12-055716,Black,M,20.0
5753,5754,80-10-087165,White,M,34.0
5754,5755,80-10-087165,White,M,34.0
5755,5756,80-10-087165,White,M,34.0
5756,5757,80-10-087165,White,M,34.0
5757,5758,80-10-087165,White,M,34.0
5758,5759,80-12-082638,White,M,36.0
5759,5760,80-16-032619,Black,M,21.0
5760,5761,80-11-060739,Black,F,70.0
5761,5762,80-10-043083,Black,M,22.0
5762,5763,80-14-020896,Black,M,31.0
5763,5764,80-14-049435,Black,M,25.0
5764,5765,80-12-081096,White,M,58.0
5765,5766,80-16-093750,White,M,44.0
5766,5767,80-12-102517,White,M,52.0
5767,5768,80-15-093771,White,M,35.0
5768,5769,80-15-093771,White,M,35.0
5769,5770,80-15-093771,White,M,35.0
5770,5771,80-12-066280,White,M,41.0
5771,5772,80-16-054416,Hispanic,M,27.0
5772,5773,80-10-099587,White,M,19.0
5773,5774,80-14-062385,Black,M,13.0
5774,5775,80-15-011938,Black,M,24.0
5775,5776,80-17-009709,Black,M,21.0
5776,5777,80-15-011938,Black,M,24.0
5777,5778,80-10-045167,Black,M,20.0
5778,5779,80-11-060739,Black,F,70.0
5779,5780,80-12-010600,Black,M,36.0
5780,5781,80-16-012064,Black,M,31.0
5781,5782,80-15-026296,Black,M,14.0
5782,5783,80-13-015488,White,M,26.0
5783,5784,80-11-054754,White,F,28.0
5784,5785,80-16-012064,Black,M,31.0
5785,5786,80-15-102504,Black,M,18.0
5786,5787,80-14-046149,White,M,49.0
5787,5788,80-11-069822,Black,F,19.0
5788,5789,80-16-020876,Black,M,40.0
5789,5790,80-13-030930,Black,M,23.0
5790,5791,80-13-030930,Black,M,23.0
5791,5792,80-13-030930,Black,M,23.0
5792,5793,80-13-030930,Black,M,23.0
5793,5794,80-11-103268,White,M,20.0
5794,5795,80-16-073559,Black,M,40.0
5795,5796,80-16-079105,Black,M,35.0
5796,5797,80-15-046388,White,M,26.0
5797,5798,80-10-049665,Black,M,29.0
5798,5799,80-14-095858,Black,M,32.0
5799,5800,80-14-095858,Black,M,32.0
5800,5801,80-14-095858,Black,M,32.0
5801,5802,80-11-102484,Black,M,64.0
5802,5803,80-13-021713,White,M,54.0
5803,5804,80-15-082047,White,M,40.0
5804,5805,80-15-082047,White,M,40.0
5805,5806,80-15-082047,White,M,40.0
5806,5807,80-15-082047,White,M,40.0
5807,5808,80-15-066011,Black,M,15.0
5808,5809,80-11-047920,Black,M,19.0
5809,5810,80-15-082047,White,M,40.0
5810,5811,80-16-039944,Black,M,35.0
5811,5812,80-14-033587,White,F,46.0
5812,5813,80-16-026550,Black,M,23.0
5813,5814,80-15-015477,White,M,37.0
5814,5815,80-17-001766,Black,M,29.0
5815,5816,80-15-041967,White,F,41.0
5816,5817,80-15-048558,Black,M,54.0
5817,5818,80-15-020893,Black,M,24.0
5818,5819,80-13-051041,White,M,67.0
5819,5820,80-13-051041,White,M,67.0
5820,5821,80-13-054576,Black,M,22.0
5821,5822,80-15-088467,Black,M,22.0
5822,5823,80-15-088467,Black,M,22.0
5823,5824,80-15-088467,Black,M,22.0
5824,5825,80-16-078361,Black,M,55.0
5825,5826,80-13-058919,Black,M,43.0
5826,5827,80-13-058919,Black,M,43.0
5827,5828,80-13-007844,Black,M,45.0
5828,5829,80-14-062068,Black,M,51.0
5829,5830,80-14-090088,Black,M,24.0
5830,5831,80-10-071525,Black,M,53.0
5831,5832,80-12-014461,White,M,21.0
5832,5833,80-16-107976,Black,F,36.0
5833,5834,80-10-054899,Black,M,24.0
5834,5835,80-14-040910,Black,M,31.0
5835,5836,80-16-068792,White,M,34.0
5836,5837,80-16-107976,Black,F,36.0
5837,5838,80-12-011754,Black,M,35.0
5838,5839,80-11-069822,Black,F,19.0
5839,5840,80-15-030965,Black,M,25.0
5840,5841,80-10-021797,White,M,30.0
5841,5842,80-14-052117,Black,M,19.0
5842,5843,80-14-083352,Black,M,27.0
5843,5844,80-16-024907,Black,M,34.0
5844,5845,80-12-027080,White,M,25.0
5845,5846,80-17-007159,White,M,56.0
5846,5847,80-16-027119,White,F,28.0
5847,5848,80-12-065172,Black,M,35.0
5848,5849,80-16-027119,White,F,27.0
5849,5850,80-16-002945,White,M,53.0
5850,5851,80-16-026237,White,F,44.0
5851,5852,80-16-026237,White,F,44.0
5852,5853,80-15-053385,Black,M,27.0
5853,5854,80-16-034135,Black,M,23.0
5854,5855,80-16-034135,Black,M,23.0
5855,5856,80-15-013641,Black,M,
5856,5857,80-15-051024,Black,M,32.0
5857,5858,80-15-106401,White,M,35.0
5858,5859,80-16-049398,Black,M,
5859,5860,80-16-055430,Indian/india/burmese,M,42.0
5860,5861,80-16-055430,Indian/india/burmese,M,42.0
5861,5862,80-12-008929,Black,M,21.0
5862,5863,80-15-094054,Black,M,36.0
5863,5864,80-15-052660,Black,M,45.0
5864,5865,80-15-051719,Black,M,45.0
5865,5866,80-15-051719,Black,M,45.0
5866,5867,80-15-051719,Black,M,45.0
5867,5868,80-16-048788,White,M,42.0
5868,5869,80-11-066593,Black,M,26.0
5869,5870,80-12-007153,Black,M,42.0
5870,5871,80-15-064346,Black,M,35.0
5871,5872,80-15-038565,White,M,32.0
5872,5873,80-15-070057,Black,M,41.0
5873,5874,80-11-028138,Black,M,17.0
5874,5875,80-15-080518,Black,M,27.0
5875,5876,80-16-091552,White,F,41.0
5876,5877,80-17-007159,White,M,56.0
5877,5878,80-17-007159,White,M,56.0
5878,5879,80-11-070443,Black,M,
5879,5880,80-17-007159,White,M,56.0
5880,5881,80-10-100839,Unknown,U,
5881,5882,80-17-007159,White,M,56.0
5882,5883,80-14-075156,Black,M,18.0
5883,5884,80-17-007159,White,M,56.0
5884,5885,80-15-067064,White,F,50.0
5885,5886,80-10-102635,Black,M,28.0
5886,5887,80-11-080789,Black,M,20.0
5887,5888,80-11-080789,Black,M,20.0
5888,5889,80-11-039764,Null,,
5889,5890,80-11-011828,Black,M,30.0
5890,5891,80-11-082845,White,M,33.0
5891,5892,80-11-082845,White,M,33.0
5892,5893,80-11-082845,White,M,33.0
5893,5894,80-12-096700,White,M,31.0
5894,5895,80-11-053909,Black,M,31.0
5895,5896,80-11-010143,Black,M,52.0
5896,5897,80-16-032191,Black,M,36.0
5897,5898,80-13-008383,Black,M,24.0
5898,5899,80-13-008383,Black,M,24.0
5899,5900,80-13-008383,Black,M,24.0
5900,5901,80-13-008383,Black,M,24.0
5901,5902,80-16-015923,Black,M,29.0
5902,5903,80-16-015923,Black,M,29.0
5903,5904,80-16-003482,White,M,26.0
5904,5905,80-15-050382,Black,M,16.0
5905,5906,80-15-050382,Black,M,16.0
5906,5907,80-11-015610,Black,M,34.0
5907,5908,80-15-053040,Black,M,25.0
5908,5909,80-12-042950,Black,M,37.0
5909,5910,80-15-033454,Black,M,45.0
5910,5911,80-15-033454,Black,M,45.0
5911,5912,80-15-090366,Black,M,27.0
5912,5913,80-15-082694,White,M,32.0
5913,5914,80-11-031716,Black,M,21.0
5914,5915,80-11-037855,White,M,39.0
5915,5916,80-15-082702,White,M,50.0
5916,5917,80-12-003161,White,M,49.0
5917,5918,80-11-086133,White,M,32.0
5918,5919,80-11-044932,Black,M,
5919,5920,80-12-012994,White,M,28.0
5920,5921,80-15-038525,Black,M,43.0
5921,5922,80-12-061973,White,M,21.0
5922,5923,80-14-094929,Black,M,74.0
5923,5924,80-17-000125,Black,M,23.0
5924,5925,80-10-000185,White,M,27.0
5925,5926,80-15-104170,White,F,44.0
5926,5927,80-16-006283,Black,M,21.0
5927,5928,80-12-039487,Black,M,20.0
5928,5929,80-16-105229,Black,M,17.0
5929,5930,80-16-105229,Black,M,17.0
5930,5931,80-16-105229,Black,M,17.0
5931,5932,80-16-042567,Black,M,19.0
5932,5933,80-16-079132,Black,F,24.0
5933,5934,80-16-049337,Black,M,20.0
5934,5935,80-11-050553,Black,M,45.0
5935,5936,80-11-050553,Black,M,45.0
5936,5937,80-11-069822,Black,F,19.0
5937,5938,80-11-070443,Black,M,
5938,5939,80-14-067555,Black,M,17.0
5939,5940,80-14-067555,Black,M,17.0
5940,5941,80-15-030225,Black,M,25.0
5941,5942,80-12-066280,White,M,41.0
5942,5943,80-14-089624,White,M,27.0
5943,5944,80-14-089624,White,M,27.0
5944,5945,80-14-089624,White,M,27.0
5945,5946,80-14-000300,White,M,23.0
5946,5947,80-16-057073,Black,M,35.0
5947,5948,80-11-080789,Black,M,20.0
5948,5949,80-16-054416,Hispanic,M,27.0
5949,5950,80-15-082723,Black,M,27.0
5950,5951,80-15-082723,Black,M,27.0
5951,5952,80-14-007149,Black,M,21.0
5952,5953,80-14-007149,Black,M,21.0
5953,5954,80-15-054556,White,F,22.0
5954,5955,80-14-022671,Black,M,17.0
5955,5956,80-11-082520,Unknown,U,
5956,5957,80-11-089157,Black,M,39.0
5957,5958,80-13-060356,Black,F,24.0
5958,5959,80-14-072865,White,M,65.0
5959,5960,80-16-096098,White,M,30.0
5960,5961,80-15-017941,White,M,39.0
5961,5962,80-15-017941,White,M,39.0
5962,5963,80-14-056321,Black,M,30.0
5963,5964,80-14-021136,Black,M,22.0
5964,5965,80-14-021136,Black,M,22.0
5965,5966,80-09-098505,Black,M,56.0
5966,5967,80-11-097259,White,M,26.0
5967,5968,80-15-012840,Black,M,24.0
5968,5969,80-15-012840,Black,M,24.0
5969,5970,80-14-000300,White,M,23.0
5970,5971,80-16-048837,Black,M,19.0
5971,5972,80-15-077132,White,M,25.0
5972,5973,80-13-033015,Null,M,18.0
5973,5974,80-17-000243,Black,M,20.0
5974,5975,80-15-106401,White,M,35.0
5975,5976,80-16-057395,Black,M,25.0
5976,5977,80-16-057395,Black,M,25.0
5977,5978,80-14-059150,White,M,18.0
5978,5979,80-14-027010,Black,M,20.0
5979,5980,80-14-027010,Black,M,20.0
5980,5981,80-14-036928,White,M,
5981,5982,80-11-059728,Black,M,24.0
5982,5983,80-13-021713,White,M,54.0
5983,5984,80-10-037478,White,F,24.0
5984,5985,80-10-037478,White,F,24.0
5985,5986,80-12-093091,White,M,24.0
5986,5987,80-12-093091,White,M,26.0
5987,5988,80-12-093091,White,M,24.0
5988,5989,80-12-093091,White,M,26.0
5989,5990,80-13-057811,Black,M,44.0
5990,5991,80-16-061093,Black,M,40.0
5991,5992,80-14-051422,Black,M,42.0
5992,5993,80-16-105634,Black,M,29.0
5993,5994,80-16-054897,White,M,28.0
5994,5995,80-17-013475,White,M,44.0
5995,5996,80-16-080066,Black,M,16.0
5996,5997,80-14-045235,White,M,39.0
5997,5998,80-15-005121,Black,M,23.0
5998,5999,80-15-005121,Black,M,23.0
5999,6000,80-14-047154,White,M,17.0
6000,6001,80-11-091082,Null,,
6001,6002,80-16-002945,Null,,
6002,6003,80-16-002945,Null,,
6003,6004,80-16-022418,Null,,
6004,6005,80-16-022418,Null,,
6005,6006,80-16-033308,Null,,
6006,6007,80-16-036866,Null,,
6007,6008,80-16-037233,Null,,
6008,6009,80-16-041480,Null,,
6009,6010,80-16-069152,Null,,
6010,6011,80-16-084107,Null,,
6011,6012,80-17-008497,Black,M,26.0
6012,6013,80-16-030488,Black,M,21.0
6013,6014,80-16-077450,Null,,
6014,6015,80-16-101135,Null,,
6015,6016,80-16-101135,Null,,
6016,6017,80-16-101135,Null,,
6017,6018,80-16-101135,Null,,
6018,6019,80-16-106970,Null,,
6019,6020,80-17-010601,Null,,
6020,6021,80-17-010601,Null,,
6021,6022,80-17-010601,Null,,
6022,6023,80-17-011680,Null,,
6023,6024,80-14-021141,Null,,
6024,6025,80-14-027572,Null,,
6025,6026,80-14-039500,Null,,
6026,6027,80-14-042010,Null,,
6027,6028,80-14-043778,Null,,
6028,6029,80-14-053958,Null,,
6029,6030,80-14-053958,Null,,
6030,6031,80-14-066509,Null,,
6031,6032,80-14-073299,Null,,
6032,6033,80-15-009057,Null,,
6033,6034,80-16-044915,Black,M,30.0
6034,6035,80-14-081794,Null,,
6035,6036,80-14-087843,Null,,
6036,6037,80-15-006777,Null,,
6037,6038,80-13-020399,White,M,17.0
6038,6039,80-15-003759,Black,M,55.0
6039,6040,80-15-003759,Black,M,55.0
6040,6041,80-15-003759,Black,M,55.0
6041,6042,80-15-003759,Black,M,55.0
6042,6043,80-14-065576,White,F,29.0
6043,6044,80-14-065576,White,F,29.0
6044,6045,80-16-037378,Black,M,30.0
6045,6046,80-14-034054,Black,M,21.0
6046,6047,80-12-074519,Black,M,18.0
6047,6048,80-12-074519,Black,M,18.0
6048,6049,80-12-074519,Black,M,18.0
6049,6050,80-15-010588,Black,M,28.0
6050,6051,80-14-025140,Black,M,20.0
6051,6052,80-15-013886,Black,M,55.0
6052,6053,80-16-003218,White,M,19.0
6053,6054,80-15-050637,Null,,
6054,6055,80-17-010118,White,M,51.0
6055,6056,80-15-009057,Null,,
6056,6057,80-12-074627,White,M,46.0
6057,6058,80-15-050637,Null,,
6058,6059,80-16-007428,Black,M,26.0
6059,6060,80-15-055053,Null,,
6060,6061,80-17-008497,Black,M,26.0
6061,6062,80-15-055053,Null,,
6062,6063,80-14-026428,Black,M,21.0
6063,6064,80-16-008391,Black,F,54.0
6064,6065,80-16-012548,Null,,
6065,6066,80-15-094569,Black,F,53.0
6066,6067,80-17-010862,Black,M,54.0
6067,6068,80-15-009057,Null,,
6068,6069,80-16-110946,White,M,19.0
6069,6070,80-15-009057,Null,,
6070,6071,80-12-022247,Null,,
6071,6072,80-16-068592,Black,M,24.0
6072,6073,80-11-037620,Black,M,51.0
6073,6074,80-10-010799,White,M,21.0
6074,6075,80-12-081058,White,M,32.0
6075,6076,80-17-012218,Black,M,18.0
6076,6077,80-15-009057,Null,,
6077,6078,80-15-014816,Null,,
6078,6079,80-15-015468,Null,,
6079,6080,80-15-015468,Null,,
6080,6081,80-10-023313,White,M,33.0
6081,6082,80-11-019587,White,M,22.0
6082,6083,80-11-020278,Black,F,26.0
6083,6084,80-15-019245,Null,,
6084,6085,80-17-013774,White,M,49.0
6085,6086,80-12-022247,Null,,
6086,6087,80-16-059290,Black,M,15.0
6087,6088,80-14-076720,Black,M,15.0
6088,6089,80-16-080507,White,M,31.0
6089,6090,80-17-011680,Null,,
6090,6091,80-16-002626,Black,M,27.0
6091,6092,80-12-022859,Null,,
6092,6093,80-16-044200,Black,M,46.0
6093,6094,80-15-019245,Null,,
6094,6095,80-16-063564,Unknown,U,
6095,6096,80-16-080507,White,M,31.0
6096,6097,80-14-032784,Null,,
6097,6098,80-10-060992,White,M,18.0
6098,6099,80-12-029129,Null,,
6099,6100,80-15-020158,Null,,
6100,6101,80-16-035998,Black,M,56.0
6101,6102,80-14-047615,Null,,
6102,6103,80-12-047851,Null,,
6103,6104,80-16-017442,Null,,
6104,6105,80-15-020158,Null,,
6105,6106,80-12-059478,Null,,
6106,6107,80-14-053560,Null,,
6107,6108,80-16-016990,Null,,
6108,6109,80-16-066762,Black,M,
6109,6110,80-11-043207,White,M,33.0
6110,6111,80-16-080507,White,M,31.0
6111,6112,80-16-022889,Null,,
6112,6113,80-14-061199,Null,,
6113,6114,80-16-022889,Null,,
6114,6115,80-12-081184,Null,,
6115,6116,80-16-080507,White,M,31.0
6116,6117,80-15-021888,Null,,
6117,6118,80-16-034626,White,M,19.0
6118,6119,80-12-098766,Null,,
6119,6120,80-16-022889,Null,,
6120,6121,80-14-058782,Null,,
6121,6122,80-16-080507,White,M,31.0
6122,6123,80-16-066762,Black,M,
6123,6124,80-13-001907,Null,,
6124,6125,80-14-058782,Null,,
6125,6126,80-15-021888,Null,,
6126,6127,80-16-034626,White,M,19.0
6127,6128,80-16-080507,White,M,31.0
6128,6129,80-15-057569,Black,M,25.0
6129,6130,80-15-088126,Hispanic,M,26.0
6130,6131,80-15-005121,Black,M,23.0
6131,6132,80-15-079555,White,M,21.0
6132,6133,80-16-104602,White,M,35.0
6133,6134,80-16-104602,White,M,35.0
6134,6135,80-15-082507,Black,M,24.0
6135,6136,80-16-105194,Black,M,14.0
6136,6137,80-16-105194,Black,M,14.0
6137,6138,80-14-023476,Black,M,35.0
6138,6139,80-13-069123,White,M,50.0
6139,6140,80-11-059094,White,M,29.0
6140,6141,80-11-059094,White,M,29.0
6141,6142,80-12-020659,Black,M,34.0
6142,6143,80-11-009159,White,F,23.0
6143,6144,80-11-009159,White,F,23.0
6144,6145,80-11-009159,White,F,23.0
6145,6146,80-11-009159,White,F,23.0
6146,6147,80-16-053068,Null,,
6147,6148,80-11-009159,White,F,23.0
6148,6149,80-11-009159,White,F,23.0
6149,6150,80-14-089908,Black,M,26.0
6150,6151,80-14-089908,Black,M,26.0
6151,6152,80-14-025666,White,M,46.0
6152,6153,80-14-025666,White,M,46.0
6153,6154,80-15-015507,Black,M,21.0
6154,6155,80-12-067500,Black,M,38.0
6155,6156,80-10-006847,Black,M,31.0
6156,6157,80-15-076202,Black,M,38.0
6157,6158,80-14-046150,White,M,39.0
6158,6159,80-16-028476,Black,M,35.0
6159,6160,80-16-028476,Black,M,35.0
6160,6161,80-16-028476,Black,M,35.0
6161,6162,80-12-014308,Black,M,54.0
6162,6163,80-10-009875,Black,M,19.0
6163,6164,80-16-106047,White,M,28.0
6164,6165,80-16-106047,White,M,28.0
6165,6166,80-16-106047,White,M,28.0
6166,6167,80-16-035662,Black,M,42.0
6167,6168,80-14-036311,White,M,39.0
6168,6169,80-14-036311,White,M,39.0
6169,6170,80-17-007103,White,M,59.0
6170,6171,80-16-030488,Black,M,21.0
6171,6172,80-15-028042,Null,,
6172,6173,80-15-078938,White,M,18.0
6173,6174,80-14-058782,Null,,
6174,6175,80-14-058782,Null,,
6175,6176,80-16-080507,White,M,31.0
6176,6177,80-15-034177,Null,,
6177,6178,80-13-009382,Black,M,33.0
6178,6179,80-13-001907,Null,,
6179,6180,80-16-074425,Black,M,25.0
6180,6181,80-14-058782,Null,,
6181,6182,80-13-001907,Null,,
6182,6183,80-16-092964,White,M,40.0
6183,6184,80-15-034177,Null,,
6184,6185,80-15-019574,White,M,20.0
6185,6186,80-14-058782,Null,,
6186,6187,80-16-071294,Null,,
6187,6188,80-16-092964,White,M,40.0
6188,6189,80-14-076129,Null,,
6189,6190,80-14-043124,Null,,
6190,6191,80-14-095518,Null,,
6191,6192,80-15-007971,Null,,
6192,6193,80-15-010902,Null,,
6193,6194,80-15-010902,Null,,
6194,6195,80-15-007971,Null,,
6195,6196,80-15-017480,Null,,
6196,6197,80-15-025475,Null,,
6197,6198,80-15-025475,Null,,
6198,6199,80-15-025921,Null,,
6199,6200,80-15-034775,Null,,
6200,6201,80-15-031005,Null,,
6201,6202,80-15-031005,Null,,
6202,6203,80-15-034113,Null,,
6203,6204,80-16-095686,Black,M,24.0
6204,6205,80-14-003107,White,M,26.0
6205,6206,80-15-077937,White,M,46.0
6206,6207,80-13-002184,Null,,
6207,6208,80-15-077937,White,M,46.0
6208,6209,80-15-088898,White,M,25.0
6209,6210,80-15-088898,White,M,25.0
6210,6211,80-15-088898,White,M,25.0
6211,6212,80-15-088898,White,M,25.0
6212,6213,80-15-088898,White,M,25.0
6213,6214,80-16-001064,Black,M,23.0
6214,6215,80-12-030762,Black,M,30.0
6215,6216,80-12-030762,Black,M,30.0
6216,6217,80-12-030762,Black,M,30.0
6217,6218,80-15-064863,Black,M,27.0
6218,6219,80-14-049415,Black,M,26.0
6219,6220,80-13-020399,White,M,17.0
6220,6221,80-15-034113,Null,,
6221,6222,80-15-038488,Null,,
6222,6223,80-15-038488,Null,,
6223,6224,80-13-045657,Black,M,36.0
6224,6225,80-13-045657,Black,M,36.0
6225,6226,80-13-005460,Black,M,24.0
6226,6227,80-11-028821,Black,M,17.0
6227,6228,80-16-106213,Black,M,22.0
6228,6229,80-16-041641,White,M,34.0
6229,6230,80-17-003581,Black,M,38.0
6230,6231,80-17-003581,Black,M,38.0
6231,6232,80-15-102535,Black,M,19.0
6232,6233,80-10-085420,Hispanic,M,27.0
6233,6234,80-10-085420,Hispanic,M,27.0
6234,6235,80-17-008918,Black,M,43.0
6235,6236,80-17-008918,Black,M,43.0
6236,6237,80-16-086550,Null,M,22.0
6237,6238,80-16-054012,White,M,36.0
6238,6239,80-17-012218,Black,M,18.0
6239,6240,80-16-036633,Black,M,19.0
6240,6241,80-17-013774,White,M,49.0
6241,6242,80-16-002945,Null,,
6242,6243,80-16-002945,Null,,
6243,6244,80-13-009355,Null,,
6244,6245,80-15-037225,Null,,
6245,6246,80-16-092964,White,M,40.0
6246,6247,80-11-046579,White,M,68.0
6247,6248,80-11-046579,White,M,68.0
6248,6249,80-16-075873,Null,,
6249,6250,80-11-017464,Black,F,30.0
6250,6251,80-12-039136,Black,M,21.0
6251,6252,80-15-060876,White,F,31.0
6252,6253,80-15-076710,Black,M,21.0
6253,6254,80-15-076710,Black,M,21.0
6254,6255,80-13-048799,Black,M,27.0
6255,6256,80-14-079849,Black,M,23.0
6256,6257,80-14-079849,Black,M,23.0
6257,6258,80-14-079849,Black,M,23.0
6258,6259,80-13-028652,Asian,M,19.0
6259,6260,80-16-001796,Black,F,26.0
6260,6261,80-16-001796,Black,F,26.0
6261,6262,80-14-059251,Black,M,18.0
6262,6263,80-13-063045,Black,M,29.0
6263,6264,80-13-063045,Black,M,29.0
6264,6265,80-13-063045,Black,M,29.0
6265,6266,80-16-090020,Black,M,25.0
6266,6267,80-14-002081,Black,M,18.0
6267,6268,80-14-002081,Black,M,18.0
6268,6269,80-16-066981,Black,M,26.0
6269,6270,80-17-008698,White,M,45.0
6270,6271,80-12-095100,Black,M,21.0
6271,6272,80-16-024964,Black,M,21.0
6272,6273,80-15-026527,Black,M,24.0
6273,6274,80-15-021127,White,M,39.0
6274,6275,80-15-021127,White,M,39.0
6275,6276,80-13-011757,White,M,19.0
6276,6277,80-12-031352,Black,M,21.0
6277,6278,80-10-010799,White,M,21.0
6278,6279,80-15-029582,White,F,20.0
6279,6280,80-16-035128,White,M,44.0
6280,6281,80-17-004031,White,F,35.0
6281,6282,80-17-004031,White,F,35.0
6282,6283,80-16-077377,Null,,
6283,6284,80-16-090182,Black,M,23.0
6284,6285,80-17-004031,White,F,35.0
6285,6286,80-10-001933,Black,M,
6286,6287,80-10-001933,Black,M,
6287,6288,80-10-001933,Black,M,
6288,6289,80-10-001933,Black,M,
6289,6290,80-15-034920,Black,F,23.0
6290,6291,80-15-034920,Black,F,23.0
6291,6292,80-14-093491,Black,M,25.0
6292,6293,80-15-038797,Null,,
6293,6294,80-15-042280,Null,,
6294,6295,80-15-076119,White,M,22.0
6295,6296,80-15-018989,White,M,51.0
6296,6297,80-15-018989,White,M,51.0
6297,6298,80-13-009440,Null,,
6298,6299,80-17-001924,Null,,
6299,6300,80-17-001924,Null,,
6300,6301,80-17-001924,Null,,
6301,6302,80-17-001924,Null,,
6302,6303,80-14-026572,Black,M,19.0
6303,6304,80-10-006576,White,M,26.0
6304,6305,80-11-001626,Black,M,32.0
6305,6306,80-13-021946,Null,,
6306,6307,80-16-098773,Black,M,34.0
6307,6308,80-13-023249,Null,,
6308,6309,80-17-009087,Black,M,20.0
6309,6310,80-13-021195,Null,,
6310,6311,80-15-092243,Black,M,19.0
6311,6312,80-13-021195,Null,,
6312,6313,80-13-037393,Null,,
6313,6314,80-13-033023,Null,,
6314,6315,80-13-046997,Null,,
6315,6316,80-13-046078,Null,,
6316,6317,80-13-054753,Null,,
6317,6318,80-13-059161,Null,,
6318,6319,80-13-055994,Null,,
6319,6320,80-13-055994,Null,,
6320,6321,80-13-061562,Null,,
6321,6322,80-13-061562,Null,,
6322,6323,80-13-076628,Null,,
6323,6324,80-13-085458,Null,,
6324,6325,80-13-090279,Null,,
6325,6326,80-13-090279,Null,,
6326,6327,80-14-001512,Null,,
6327,6328,80-14-007138,Null,,
6328,6329,80-17-001924,Null,,
6329,6330,80-14-007581,Null,,
6330,6331,80-10-013486,Null,,
6331,6332,80-10-036670,Null,,
6332,6333,80-10-079964,Null,,
6333,6334,80-10-079964,Null,,
6334,6335,80-10-079964,Null,,
6335,6336,80-10-095739,Null,,
6336,6337,80-11-044472,Null,,
6337,6338,80-11-026173,Null,,
6338,6339,80-11-027834,Null,,
6339,6340,80-11-053320,Null,,
6340,6341,80-16-033898,Black,M,25.0
6341,6342,80-10-097022,Black,M,18.0
6342,6343,80-16-041159,Black,M,14.0
6343,6344,80-10-097022,Black,M,18.0
6344,6345,80-16-053981,Black,F,23.0
6345,6346,80-10-097022,Black,M,18.0
6346,6347,80-16-066762,Black,M,
6347,6348,80-10-013073,White,M,45.0
6348,6349,80-12-093836,Black,M,21.0
6349,6350,80-14-079898,White,M,21.0
6350,6351,80-15-088022,White,M,48.0
6351,6352,80-15-077094,Black,M,27.0
6352,6353,80-12-000046,Black,M,49.0
6353,6354,80-13-009939,Black,M,24.0
6354,6355,80-13-009939,Black,M,24.0
6355,6356,80-11-079699,Black,M,22.0
6356,6357,80-12-011854,Black,M,35.0
6357,6358,80-12-070042,White,M,24.0
6358,6359,80-12-045211,White,M,22.0
6359,6360,80-12-045211,White,M,22.0
6360,6361,80-12-045211,White,M,22.0
6361,6362,80-13-063680,Black,M,28.0
6362,6363,80-16-040472,Black,M,28.0
6363,6364,80-16-103832,Black,F,27.0
6364,6365,80-16-030442,White,M,40.0
6365,6366,80-16-018906,White,M,30.0
6366,6367,80-11-013898,White,M,31.0
6367,6368,80-16-015710,Black,M,26.0
6368,6369,80-12-093067,Black,M,25.0
6369,6370,80-16-077377,Black,M,18.0
6370,6371,80-16-065084,Black,M,18.0
6371,6372,80-11-025707,Black,M,13.0
6372,6373,80-16-024999,Black,M,27.0
6373,6374,80-11-025707,Black,M,13.0
6374,6375,80-16-091273,Black,M,18.0
6375,6376,80-16-099853,Black,M,46.0
6376,6377,80-16-099853,Black,M,46.0
6377,6378,80-16-105194,Black,M,14.0
6378,6379,80-16-107143,Black,M,27.0
6379,6380,80-16-110344,Black,M,50.0
6380,6381,80-16-044200,Black,M,46.0
6381,6382,80-16-065420,Black,M,27.0
6382,6383,80-15-044767,Black,M,26.0
6383,6384,80-15-044767,Black,M,26.0
6384,6385,80-15-044767,Black,M,26.0
6385,6386,80-15-044767,Black,M,26.0
6386,6387,80-15-044767,Black,M,26.0
6387,6388,80-15-044767,Black,M,26.0
6388,6389,80-13-005139,Black,M,38.0
6389,6390,80-13-005139,Black,M,38.0
6390,6391,80-10-017092,Black,M,35.0
6391,6392,80-15-018124,Black,M,26.0
6392,6393,80-16-012553,White,M,40.0
6393,6394,80-16-106571,White,M,25.0
6394,6395,80-16-106571,White,M,25.0
6395,6396,80-16-106571,White,M,25.0
6396,6397,80-16-106571,White,M,25.0
6397,6398,80-16-106571,White,M,25.0
6398,6399,80-16-106571,White,M,25.0
6399,6400,80-17-007773,Null,,
6400,6401,80-13-045271,White,M,58.0
6401,6402,80-13-045271,White,M,58.0
6402,6403,80-13-045271,White,M,58.0
6403,6404,80-13-045271,White,M,58.0
6404,6405,80-13-045271,White,M,58.0
6405,6406,80-14-045134,White,M,59.0
6406,6407,80-14-045134,White,M,59.0
6407,6408,80-14-045134,White,M,59.0
6408,6409,80-14-045134,White,M,59.0
6409,6410,80-16-034031,Black,M,26.0
6410,6411,80-14-045134,White,M,59.0
6411,6412,80-14-045134,White,M,59.0
6412,6413,80-16-054571,Black,M,36.0
6413,6414,80-12-018814,White,M,47.0
6414,6415,80-16-012377,White,M,35.0
6415,6416,80-10-040665,Hispanic,M,46.0
6416,6417,80-11-001602,Black,M,38.0
6417,6418,80-10-040665,Hispanic,M,46.0
6418,6419,80-16-012377,White,M,35.0
6419,6420,80-14-097215,White,M,21.0
6420,6421,80-16-085168,Black,M,30.0
6421,6422,80-15-028136,White,M,50.0
6422,6423,80-16-065084,Black,M,18.0
6423,6424,80-14-069118,Black,M,24.0
6424,6425,80-14-097215,White,M,21.0
6425,6426,80-16-061807,Black,M,41.0
6426,6427,80-15-016504,Black,M,54.0
6427,6428,80-14-069118,Black,M,24.0
6428,6429,80-14-073298,Black,M,27.0
6429,6430,80-16-014387,Black,M,15.0
6430,6431,80-16-018786,White,M,28.0
6431,6432,80-14-069118,Black,M,24.0
6432,6433,80-16-031161,White,M,26.0
6433,6434,80-11-014695,Black,M,19.0
6434,6435,80-14-067589,White,M,57.0
6435,6436,80-16-018786,White,M,28.0
6436,6437,80-11-039428,Black,M,32.0
6437,6438,80-14-077468,White,M,30.0
6438,6439,80-11-093958,White,M,23.0
6439,6440,80-15-021586,Black,M,23.0
6440,6441,80-16-018786,White,M,28.0
6441,6442,80-12-047276,White,M,25.0
6442,6443,80-12-078018,White,M,37.0
6443,6444,80-15-012840,Black,M,24.0
6444,6445,80-11-059032,White,M,45.0
6445,6446,80-13-063045,Black,M,29.0
6446,6447,80-16-018786,White,M,28.0
6447,6448,80-16-029403,Black,M,22.0
6448,6449,80-15-012840,Black,M,24.0
6449,6450,80-15-009195,Black,M,30.0
6450,6451,80-16-077248,Black,M,33.0
6451,6452,80-16-080177,White,M,37.0
6452,6453,80-14-077468,White,M,30.0
6453,6454,80-12-014637,Black,M,17.0
6454,6455,80-16-065084,Black,M,18.0
6455,6456,80-12-014637,Black,M,17.0
6456,6457,80-14-077468,White,M,30.0
6457,6458,80-13-060521,White,M,26.0
6458,6459,80-17-005736,Black,M,22.0
6459,6460,80-13-047192,Black,M,18.0
6460,6461,80-16-065084,Black,M,18.0
6461,6462,80-12-011913,White,M,23.0
6462,6463,80-16-075435,Black,M,31.0
6463,6464,80-14-077468,White,M,30.0
6464,6465,80-12-014637,Black,M,17.0
6465,6466,80-11-104064,White,M,18.0
6466,6467,80-16-075435,Black,M,31.0
6467,6468,80-10-060964,White,M,65.0
6468,6469,80-16-065084,Black,M,18.0
6469,6470,80-14-077468,White,M,30.0
6470,6471,80-14-098637,Black,M,23.0
6471,6472,80-10-000582,White,M,42.0
6472,6473,80-16-024139,White,M,24.0
6473,6474,80-15-096102,Black,M,44.0
6474,6475,80-16-037180,Black,M,38.0
6475,6476,80-15-103038,White,M,23.0
6476,6477,80-11-000740,White,M,37.0
6477,6478,80-17-012200,White,M,22.0
6478,6479,80-16-076924,Black,M,30.0
6479,6480,80-10-060964,White,M,65.0
6480,6481,80-16-029650,White,M,18.0
6481,6482,80-14-072084,White,M,34.0
6482,6483,80-11-031693,White,M,41.0
6483,6484,80-14-089867,Black,M,57.0
6484,6485,80-14-056334,Black,M,28.0
6485,6486,80-11-000740,White,M,37.0
6486,6487,80-12-082708,Black,F,20.0
6487,6488,80-14-089867,Black,M,57.0
6488,6489,80-11-020040,Black,M,29.0
6489,6490,80-12-084714,White,M,54.0
6490,6491,80-16-102348,White,M,22.0
6491,6492,80-13-092928,Black,M,22.0
6492,6493,80-11-000740,White,M,37.0
6493,6494,80-13-093423,Black,M,31.0
6494,6495,80-14-072084,White,M,34.0
6495,6496,80-15-012072,White,M,19.0
6496,6497,80-15-063389,White,M,46.0
6497,6498,80-11-101817,Black,M,24.0
6498,6499,80-13-093423,Black,M,31.0
6499,6500,80-15-012602,Black,M,24.0
6500,6501,80-11-000748,Black,M,36.0
6501,6502,80-12-103297,Black,M,37.0
6502,6503,80-11-081631,Black,M,20.0
6503,6504,80-16-105152,White,M,21.0
6504,6505,80-13-087277,Black,M,17.0
6505,6506,80-15-067064,White,F,50.0
6506,6507,80-16-093004,White,M,20.0
6507,6508,80-11-082845,White,M,33.0
6508,6509,80-11-082845,White,M,33.0
6509,6510,80-11-082845,White,M,33.0
6510,6511,80-11-014450,White,F,29.0
6511,6512,80-11-014450,White,F,29.0
6512,6513,80-11-014695,Black,M,19.0
6513,6514,80-16-051583,White,M,74.0
6514,6515,80-14-049435,Black,M,25.0
6515,6516,80-15-048605,White,M,31.0
6516,6517,80-14-045394,Black,M,29.0
6517,6518,80-14-041900,White,M,26.0
6518,6519,80-14-041900,White,M,26.0
6519,6520,80-14-041900,White,M,26.0
6520,6521,80-14-088283,White,M,34.0
6521,6522,80-15-093771,White,M,35.0
6522,6523,80-15-093771,White,M,35.0
6523,6524,80-12-024315,Black,M,27.0
6524,6525,80-16-074428,Hispanic,M,47.0
6525,6526,80-12-028106,White,M,33.0
6526,6527,80-16-026761,Black,M,28.0
6527,6528,80-10-019014,White,M,24.0
6528,6529,80-16-002761,White,M,26.0
6529,6530,80-16-051573,Black,M,26.0
6530,6531,80-16-051573,Black,M,26.0
6531,6532,80-12-005660,Black,M,20.0
6532,6533,80-10-022891,Black,M,19.0
6533,6534,80-11-065979,Black,M,20.0
6534,6535,80-15-094055,Black,M,26.0
6535,6536,80-17-002739,White,M,51.0
6536,6537,80-11-000740,White,M,37.0
6537,6538,80-13-092928,Black,M,22.0
6538,6539,80-12-005189,White,M,
6539,6540,80-14-097011,Black,F,25.0
6540,6541,80-15-089088,Black,M,19.0
6541,6542,80-13-092928,Black,M,22.0
6542,6543,80-16-074670,Black,M,22.0
6543,6544,80-17-002739,White,M,51.0
6544,6545,80-12-096700,White,M,31.0
6545,6546,80-10-013073,White,M,45.0
6546,6547,80-10-050484,Black,M,21.0
6547,6548,80-11-000740,White,M,37.0
6548,6549,80-12-001399,White,M,26.0
6549,6550,80-17-005029,Black,M,18.0
6550,6551,80-12-040003,Black,F,26.0
6551,6552,80-11-060211,White,M,50.0
6552,6553,80-16-044445,Black,M,29.0
6553,6554,80-15-059822,Black,M,56.0
6554,6555,80-11-067694,White,M,30.0
6555,6556,80-12-011913,White,M,23.0
6556,6557,80-10-006702,Black,M,20.0
6557,6558,80-12-019445,Black,M,32.0
6558,6559,80-16-053743,Black,M,31.0
6559,6560,80-10-040665,Hispanic,M,46.0
6560,6561,80-14-066822,Black,M,24.0
6561,6562,80-14-066822,Black,M,24.0
6562,6563,80-15-028136,White,M,50.0
6563,6564,80-16-006580,Black,M,25.0
6564,6565,80-16-006580,Black,M,25.0
6565,6566,80-16-109048,Black,M,29.0
6566,6567,80-16-109048,Black,M,27.0
6567,6568,80-16-109048,Black,M,29.0
6568,6569,80-10-014172,White,M,26.0
6569,6570,80-15-009632,White,M,25.0
6570,6571,80-10-014172,White,M,26.0
6571,6572,80-15-012851,Black,M,35.0
6572,6573,80-15-015004,Black,M,42.0
6573,6574,80-14-002031,White,M,26.0
6574,6575,80-13-098137,Black,M,18.0
6575,6576,80-16-014099,Black,M,30.0
6576,6577,80-15-006957,Hispanic,M,21.0
6577,6578,80-14-003424,White,M,22.0
6578,6579,80-16-071756,Black,M,22.0
6579,6580,80-16-071756,Black,M,22.0
6580,6581,80-16-088226,Black,M,25.0
6581,6582,80-15-082702,White,M,50.0
6582,6583,80-15-057571,Black,M,20.0
6583,6584,80-17-008846,Black,M,25.0
6584,6585,80-14-067023,Black,M,28.0
6585,6586,80-14-067023,Black,M,28.0
6586,6587,80-14-092342,White,M,32.0
6587,6588,80-15-051024,White,M,32.0
6588,6589,80-16-020911,Black,M,40.0
6589,6590,80-16-018842,Black,M,43.0
6590,6591,80-10-004252,White,M,19.0
6591,6592,80-15-002704,Black,M,42.0
6592,6593,80-14-031511,Black,M,30.0
6593,6594,80-11-021077,Black,M,30.0
6594,6595,80-12-047276,White,M,25.0
6595,6596,80-16-092356,Black,F,28.0
6596,6597,80-12-047276,White,M,25.0
6597,6598,80-11-104635,Black,M,20.0
6598,6599,80-15-101848,White,M,34.0
6599,6600,80-10-058047,Unknown,U,
6600,6601,80-10-058047,Unknown,U,
6601,6602,80-16-095747,Black,M,18.0
6602,6603,80-10-062415,Black,M,20.0
6603,6604,80-10-062415,Black,M,20.0
6604,6605,80-14-087698,White,F,29.0
6605,6606,80-15-057562,Black,M,20.0
6606,6607,80-15-057562,Black,M,20.0
6607,6608,80-16-016538,Black,M,30.0
6608,6609,80-16-013451,Black,M,27.0
6609,6610,80-16-101006,White,M,39.0
6610,6611,80-16-016538,Black,M,30.0
6611,6612,80-16-016538,Black,M,30.0
6612,6613,80-16-015923,Black,M,29.0
6613,6614,80-16-016538,Black,M,30.0
6614,6615,80-10-046978,Black,M,36.0
6615,6616,80-17-005477,White,M,38.0
6616,6617,80-16-024574,White,M,53.0
6617,6618,80-17-005477,White,M,38.0
6618,6619,80-16-015923,Black,M,29.0
6619,6620,80-16-101006,White,M,39.0
6620,6621,80-10-046978,Black,M,36.0
6621,6622,80-14-046416,White,M,24.0
6622,6623,80-17-005477,White,M,38.0
6623,6624,80-11-101909,Black,M,37.0
6624,6625,80-13-042790,Black,F,60.0
6625,6626,80-14-006624,White,M,27.0
6626,6627,80-14-056336,White,M,22.0
6627,6628,80-16-035806,White,M,26.0
6628,6629,80-15-060254,White,M,34.0
6629,6630,80-11-094715,Black,M,22.0
6630,6631,80-16-091591,Black,M,19.0
6631,6632,80-16-091591,Black,M,19.0
6632,6633,80-10-094147,White,M,29.0
6633,6634,80-15-014398,White,M,28.0
6634,6635,80-15-046269,White,M,40.0
6635,6636,80-12-018469,Black,M,20.0
6636,6637,80-14-080677,Black,M,19.0
6637,6638,80-16-014775,Black,M,33.0
6638,6639,80-16-026375,Black,M,22.0
6639,6640,80-15-077929,Black,M,32.0
6640,6641,80-16-019043,Black,M,23.0
6641,6642,80-10-035160,Black,M,
6642,6643,80-15-053861,Black,M,16.0
6643,6644,80-11-015610,Black,M,34.0
6644,6645,80-14-046416,White,M,24.0
6645,6646,80-11-043207,White,M,33.0
6646,6647,80-12-036805,White,M,28.0
6647,6648,80-16-101006,White,M,39.0
6648,6649,80-16-060744,Black,M,44.0
6649,6650,80-16-072654,Black,M,26.0
6650,6651,80-15-028449,Black,M,26.0
6651,6652,80-16-043217,Black,M,53.0
6652,6653,80-11-097647,Black,M,28.0
6653,6654,80-11-097647,Black,M,28.0
6654,6655,80-15-003249,White,M,53.0
6655,6656,80-15-003249,White,M,53.0
6656,6657,80-15-086524,White,M,37.0
6657,6658,80-10-019014,White,M,24.0
6658,6659,80-16-083650,Black,F,62.0
6659,6660,80-16-083650,Black,F,62.0
6660,6661,80-17-004685,White,M,59.0
6661,6662,80-16-044445,Black,M,29.0
6662,6663,80-15-053861,Black,M,16.0
6663,6664,80-16-017012,Black,M,25.0
6664,6665,80-12-096160,Black,M,41.0
6665,6666,80-16-061093,Black,M,40.0
6666,6667,80-16-092356,Black,F,28.0
6667,6668,80-14-072863,Black,M,22.0
6668,6669,80-16-090055,Black,M,17.0
6669,6670,80-11-066704,Black,M,22.0
6670,6671,80-11-066704,Black,M,22.0
6671,6672,80-14-046416,White,M,24.0
6672,6673,80-11-029202,White,M,32.0
6673,6674,80-11-029202,White,M,32.0
6674,6675,80-14-046416,White,M,24.0
6675,6676,80-12-060039,Black,M,33.0
6676,6677,80-12-016189,Black,M,48.0
6677,6678,80-11-031973,Black,M,23.0
6678,6679,80-14-035409,White,M,19.0
6679,6680,80-15-051744,Black,M,17.0
6680,6681,80-10-076913,Black,M,20.0
6681,6682,80-12-036805,White,M,28.0
6682,6683,80-14-016328,Black,M,14.0
6683,6684,80-12-036805,White,M,28.0
6684,6685,80-16-101006,White,M,39.0
6685,6686,80-16-088226,Black,M,25.0
6686,6687,80-12-036805,White,M,28.0
6687,6688,80-12-061286,Black,M,36.0
6688,6689,80-10-050959,White,M,51.0
6689,6690,80-10-069255,White,M,26.0
6690,6691,80-10-001933,Black,M,
6691,6692,80-16-062326,Black,M,24.0
6692,6693,80-11-088984,Black,M,27.0
6693,6694,80-13-015366,Black,M,31.0
6694,6695,80-13-015366,Black,M,31.0
6695,6696,80-10-007640,White,M,29.0
6696,6697,80-10-003785,Unknown,U,
6697,6698,80-15-006957,Hispanic,M,21.0
6698,6699,80-14-015404,Black,M,27.0
6699,6700,80-13-081413,White,M,22.0
6700,6701,80-13-081413,White,M,22.0
6701,6702,80-13-081413,White,M,22.0
6702,6703,80-13-081413,White,M,22.0
6703,6704,80-14-063014,White,M,28.0
6704,6705,80-14-006624,White,M,27.0
6705,6706,80-12-018633,White,M,18.0
6706,6707,80-16-092964,White,M,40.0
6707,6708,80-15-057571,Black,M,20.0
6708,6709,80-16-027356,Black,M,37.0
6709,6710,80-14-032360,Black,F,55.0
6710,6711,80-11-000022,Black,M,48.0
6711,6712,80-14-097099,Black,M,41.0
6712,6713,80-14-085176,Black,M,53.0
6713,6714,80-15-092348,Black,M,28.0
6714,6715,80-15-092348,Black,M,28.0
6715,6716,80-16-007711,White,F,29.0
6716,6717,80-13-032439,Black,M,20.0
6717,6718,80-15-070345,Black,M,34.0
6718,6719,80-16-101704,White,M,39.0
6719,6720,80-10-096964,Hispanic,M,25.0
6720,6721,80-12-070847,Asian,M,16.0
6721,6722,80-16-063276,Black,M,22.0
6722,6723,80-11-083521,Black,M,38.0
6723,6724,80-12-031816,White,M,58.0
6724,6725,80-14-014110,White,F,56.0
6725,6726,80-11-058771,Black,M,27.0
6726,6727,80-16-065950,White,M,38.0
6727,6728,80-10-074157,Black,M,18.0
6728,6729,80-10-074157,Black,M,18.0
6729,6730,80-14-006624,White,M,27.0
6730,6731,80-16-101704,White,M,39.0
6731,6732,80-13-055454,Black,M,18.0
6732,6733,80-11-029145,White,M,60.0
6733,6734,80-16-066721,White,M,24.0
6734,6735,80-12-068493,White,M,27.0
6735,6736,80-16-052114,Black,M,40.0
6736,6737,80-16-044842,Black,M,24.0
6737,6738,80-11-014008,White,M,53.0
6738,6739,80-11-014008,White,M,53.0
6739,6740,80-14-055969,Black,M,27.0
6740,6741,80-11-044870,White,M,20.0
6741,6742,80-13-077545,White,M,20.0
6742,6743,80-10-001868,Black,M,32.0
6743,6744,80-16-070110,White,M,61.0
6744,6745,80-16-070110,White,M,61.0
6745,6746,80-16-020941,White,M,55.0
6746,6747,80-16-020941,White,M,55.0
6747,6748,80-16-020941,White,M,55.0
6748,6749,80-16-020941,White,M,55.0
6749,6750,80-16-049751,Black,M,21.0
6750,6751,80-16-049751,Black,M,21.0
6751,6752,80-16-057317,Black,M,45.0
6752,6753,80-16-019332,Black,M,34.0
6753,6754,80-15-093310,Black,M,42.0
6754,6755,80-15-093310,Black,M,42.0
6755,6756,80-17-005707,White,M,38.0
6756,6757,80-17-005707,White,M,38.0
6757,6758,80-14-048607,Black,M,28.0
6758,6759,80-13-045271,White,M,58.0
6759,6760,80-13-045271,White,M,58.0
6760,6761,80-13-045271,White,M,58.0
6761,6762,80-13-045271,White,M,58.0
6762,6763,80-13-045271,White,M,58.0
6763,6764,80-13-045271,White,M,58.0
6764,6765,80-13-045271,White,M,58.0
6765,6766,80-16-101704,White,M,39.0
6766,6767,80-16-058301,White,M,18.0
6767,6768,80-16-058301,White,M,18.0
6768,6769,80-16-058301,White,M,18.0
6769,6770,80-10-058715,White,M,36.0
6770,6771,80-10-058715,White,M,36.0
6771,6772,80-10-058715,White,M,36.0
6772,6773,80-10-058715,White,M,36.0
6773,6774,80-10-058715,White,M,36.0
6774,6775,80-10-058715,White,M,36.0
6775,6776,80-13-035936,White,M,21.0
6776,6777,80-15-058373,Black,M,24.0
6777,6778,80-16-028974,Black,M,22.0
6778,6779,80-14-068406,Black,M,21.0
6779,6780,80-14-068406,Black,M,21.0
6780,6781,80-15-017226,Black,M,31.0
6781,6782,80-16-110342,Black,M,40.0
6782,6783,80-10-092992,White,M,25.0
6783,6784,80-12-006129,White,F,28.0
6784,6785,80-12-006129,White,F,28.0
6785,6786,80-12-006129,White,F,28.0
6786,6787,80-12-006129,White,F,28.0
6787,6788,80-12-006129,White,F,28.0
6788,6789,80-15-046269,White,M,40.0
6789,6790,80-15-105685,Black,M,27.0
6790,6791,80-10-099389,Black,M,25.0
6791,6792,80-16-103300,Black,M,23.0
6792,6793,80-16-103300,Black,M,23.0
6793,6794,80-16-103300,Black,M,23.0
6794,6795,80-14-064981,Black,M,67.0
6795,6796,80-16-104725,Black,M,37.0
6796,6797,80-10-039205,Black,M,53.0
6797,6798,80-12-009008,Black,M,39.0
6798,6799,80-15-023435,Black,M,21.0
6799,6800,80-16-012377,White,M,35.0
6800,6801,80-16-106047,White,M,28.0
6801,6802,80-16-106047,White,M,28.0
6802,6803,80-16-106047,White,M,28.0
6803,6804,80-16-035662,Black,M,42.0
6804,6805,80-16-035662,Black,M,42.0
6805,6806,80-15-092863,White,M,30.0
6806,6807,80-13-099352,Black,F,30.0
6807,6808,80-12-082214,White,F,54.0
6808,6809,80-17-004455,Black,M,25.0
6809,6810,80-16-045644,Black,M,23.0
6810,6811,80-16-045644,Black,M,23.0
6811,6812,80-11-035915,Black,M,23.0
6812,6813,80-11-035915,Black,M,28.0
6813,6814,80-14-047495,Black,M,19.0
6814,6815,80-13-058056,White,M,25.0
6815,6816,80-10-028725,Black,M,21.0
6816,6817,80-13-040936,Black,M,
6817,6818,80-15-012470,Black,M,27.0
6818,6819,80-14-027029,White,M,35.0
6819,6820,80-14-080963,Black,M,17.0
6820,6821,80-15-076110,Black,M,19.0
6821,6822,80-13-051041,White,M,67.0
6822,6823,80-12-037017,Black,M,18.0
6823,6824,80-12-037017,Black,M,18.0
6824,6825,80-12-037017,Black,M,18.0
6825,6826,80-16-090394,Black,M,21.0
6826,6827,80-16-090394,Black,M,21.0
6827,6828,80-14-021262,Black,M,23.0
6828,6829,80-14-021262,Black,M,23.0
6829,6830,80-11-003795,Black,M,39.0
6830,6831,80-11-004906,Black,M,41.0
6831,6832,80-13-055729,Black,M,37.0
6832,6833,80-14-075628,Black,M,31.0
6833,6834,80-11-102162,Black,M,32.0
6834,6835,80-10-074157,Black,M,18.0
6835,6836,80-15-101244,White,F,31.0
6836,6837,80-15-101244,White,F,31.0
6837,6838,80-10-080743,Black,M,32.0
6838,6839,80-15-074639,Black,M,38.0
6839,6840,80-15-101277,Black,M,31.0
6840,6841,80-15-101277,Black,M,31.0
6841,6842,80-15-038849,Black,M,27.0
6842,6843,80-16-014024,Black,M,28.0
6843,6844,80-10-076576,White,M,38.0
6844,6845,80-14-092257,Black,M,29.0
6845,6846,80-13-048799,Black,M,27.0
6846,6847,80-14-085323,Black,M,32.0
6847,6848,80-11-104166,Black,M,20.0
6848,6849,80-11-104166,Black,M,20.0
6849,6850,80-11-104166,Black,M,20.0
6850,6851,80-11-014240,White,M,22.0
6851,6852,80-16-095605,Black,M,20.0
6852,6853,80-11-084277,White,M,43.0
6853,6854,80-14-001471,Black,M,25.0
6854,6855,80-12-070059,White,M,36.0
6855,6856,80-17-009059,White,M,40.0
6856,6857,80-16-031161,White,M,26.0
6857,6858,80-10-042048,White,M,52.0
6858,6859,80-17-012265,Black,M,18.0
6859,6860,80-17-012265,Black,M,18.0
6860,6861,80-14-013516,White,M,35.0
6861,6862,80-16-065950,White,M,38.0
6862,6863,80-14-078043,Black,M,29.0
6863,6864,80-15-006710,White,M,30.0
6864,6865,80-15-040908,White,M,38.0
6865,6866,80-13-070199,Black,M,
6866,6867,80-15-066492,Black,M,31.0
6867,6868,80-14-024543,Hispanic,M,47.0
6868,6869,80-16-083450,White,M,22.0
6869,6870,80-16-057395,Black,M,25.0
6870,6871,80-17-014942,Black,F,19.0
6871,6872,80-14-000303,White,M,21.0
6872,6873,80-16-067915,Black,F,21.0
6873,6874,80-14-029500,Black,F,13.0
6874,6875,80-15-055812,White,M,20.0
6875,6876,80-16-079544,Black,M,31.0
6876,6877,80-14-023658,Black,M,27.0
6877,6878,80-11-033253,White,M,82.0
6878,6879,80-17-002739,White,M,51.0
6879,6880,80-17-002739,White,M,51.0
6880,6881,80-15-056922,Black,M,24.0
6881,6882,80-11-035754,Black,M,18.0
6882,6883,80-12-007208,Black,M,20.0
6883,6884,80-12-007208,Black,M,20.0
6884,6885,80-10-058047,Unknown,U,
6885,6886,80-10-058047,Unknown,U,
6886,6887,80-10-062415,Black,M,20.0
6887,6888,80-10-062415,Black,M,20.0
6888,6889,80-15-005831,Black,M,22.0
6889,6890,80-15-005831,Black,M,22.0
6890,6891,80-15-005831,Black,M,22.0
6891,6892,80-15-005831,Black,M,22.0
6892,6893,80-17-004747,White,M,26.0
6893,6894,80-13-007467,Black,M,40.0
6894,6895,80-17-003766,Hispanic,M,36.0
6895,6896,80-15-056942,White,M,21.0
6896,6897,80-14-069870,Black,M,49.0
6897,6898,80-12-009242,White,M,28.0
6898,6899,80-13-086429,Black,M,18.0
6899,6900,80-14-044450,White,M,22.0
6900,6901,80-13-012802,White,M,32.0
6901,6902,80-15-042887,Black,M,27.0
6902,6903,80-15-042887,Black,M,27.0
6903,6904,80-15-044461,Black,M,22.0
6904,6905,80-14-018437,White,M,28.0
6905,6906,80-12-052363,Black,M,20.0
6906,6907,80-12-070825,White,M,34.0
6907,6908,80-14-030017,Black,M,
6908,6909,80-14-035509,White,M,
6909,6910,80-14-045293,Black,M,19.0
6910,6911,80-14-051007,White,M,43.0
6911,6912,80-15-076032,White,M,70.0
6912,6913,80-15-040647,Black,M,29.0
6913,6914,80-15-076032,White,M,70.0
6914,6915,80-15-076032,White,M,70.0
6915,6916,80-15-076032,White,M,70.0
6916,6917,80-14-055544,Black,M,26.0
6917,6918,80-15-076084,Black,M,40.0
6918,6919,80-16-040965,Black,F,42.0
6919,6920,80-15-084326,Black,M,61.0
6920,6921,80-16-048498,Black,M,33.0
6921,6922,80-14-079214,White,F,42.0
6922,6923,80-15-055289,Black,M,19.0
6923,6924,80-15-009069,Black,M,57.0
6924,6925,80-11-055132,Black,M,32.0
6925,6926,80-16-012624,Black,M,24.0
6926,6927,80-16-012624,Black,M,24.0
6927,6928,80-12-075746,Black,M,18.0
6928,6929,80-13-081413,White,M,22.0
6929,6930,80-13-081413,White,M,22.0
6930,6931,80-16-082504,Black,M,20.0
6931,6932,80-13-051041,White,M,67.0
6932,6933,80-12-052363,Black,M,20.0
6933,6934,80-15-020938,Black,M,19.0
6934,6935,80-16-048788,White,M,42.0
6935,6936,80-17-005927,White,M,37.0
6936,6937,80-12-091382,Black,M,24.0
6937,6938,80-13-016545,White,M,53.0
6938,6939,80-13-068214,Black,M,17.0
6939,6940,80-13-068214,Black,M,17.0
6940,6941,80-14-056336,White,M,22.0
6941,6942,80-14-081425,Black,F,19.0
6942,6943,80-14-081738,Black,M,16.0
6943,6944,80-16-029900,Black,M,15.0
6944,6945,80-15-105022,Hispanic,M,29.0
6945,6946,80-14-030234,Black,M,56.0
6946,6947,80-15-016188,Black,M,14.0
6947,6948,80-16-098290,White,F,25.0
6948,6949,80-16-098290,White,F,25.0
6949,6950,80-15-005810,Black,M,52.0
6950,6951,80-16-050936,Black,M,17.0
6951,6952,80-16-083450,White,M,22.0
6952,6953,80-15-040531,White,F,31.0
6953,6954,80-16-092951,White,M,48.0
6954,6955,80-16-089881,White,M,65.0
6955,6956,80-10-015707,Black,M,21.0
6956,6957,80-14-090891,Black,M,15.0
6957,6958,80-10-094147,White,M,29.0
6958,6959,80-10-026483,White,M,33.0
6959,6960,80-12-088951,Black,M,63.0
6960,6961,80-10-095475,Black,M,
6961,6962,80-13-052721,White,M,37.0
6962,6963,80-15-020938,Black,M,19.0
6963,6964,80-15-033071,Black,M,42.0
6964,6965,80-12-052363,Black,M,20.0
6965,6966,80-15-020938,Black,M,19.0
6966,6967,80-13-052721,White,M,37.0
6967,6968,80-10-082931,White,M,24.0
6968,6969,80-12-050934,Black,M,28.0
6969,6970,80-16-050626,Black,M,26.0
6970,6971,80-14-097900,Black,M,23.0
6971,6972,80-13-052721,White,M,37.0
6972,6973,80-15-020938,Black,M,19.0
6973,6974,80-13-081691,Black,M,34.0
6974,6975,80-11-096994,Black,M,27.0
6975,6976,80-16-072774,Black,M,24.0
6976,6977,80-16-024946,Black,M,18.0
6977,6978,80-16-024946,Black,M,18.0
6978,6979,80-16-009446,White,M,
6979,6980,80-16-040965,Black,F,42.0
6980,6981,80-15-016188,Black,M,14.0
6981,6982,80-15-016188,Black,M,14.0
6982,6983,80-16-072606,Black,M,16.0
6983,6984,80-16-072606,Black,M,16.0
6984,6985,80-16-072606,Black,M,16.0
6985,6986,80-16-079374,Black,M,29.0
6986,6987,80-16-079374,Black,M,29.0
6987,6988,80-16-069650,Black,M,16.0
6988,6989,80-16-069650,Black,M,16.0
6989,6990,80-14-077692,Black,F,40.0
6990,6991,80-14-077692,Black,F,40.0
6991,6992,80-14-079889,White,M,19.0
6992,6993,80-14-079799,Unknown,U,33.0
6993,6994,80-12-087476,Black,M,15.0
6994,6995,80-12-005611,White,M,28.0
6995,6996,80-14-081738,Black,M,16.0
6996,6997,80-13-040936,Black,M,
6997,6998,80-16-065950,White,M,38.0
6998,6999,80-10-000781,Black,M,
6999,7000,80-10-000781,Black,M,
7000,7001,80-11-005586,Black,M,15.0
7001,7002,80-10-074692,White,M,39.0
7002,7003,80-10-029313,Black,M,34.0
7003,7004,80-10-017394,White,M,32.0
7004,7005,80-11-061824,White,M,37.0
7005,7006,80-15-009069,Black,M,57.0
7006,7007,80-12-016178,White,F,39.0
7007,7008,80-13-016545,White,M,53.0
7008,7009,80-13-016545,White,M,53.0
7009,7010,80-14-018898,White,F,24.0
7010,7011,80-14-018898,White,F,24.0
7011,7012,80-10-015707,Black,M,21.0
7012,7013,80-10-017570,Black,M,19.0
7013,7014,80-14-094337,White,M,30.0
7014,7015,80-14-046416,White,M,24.0
7015,7016,80-14-046416,White,M,24.0
7016,7017,80-14-084850,White,M,44.0
7017,7018,80-10-028534,Black,M,20.0
7018,7019,80-13-090003,Black,M,21.0
7019,7020,80-13-091219,Hispanic,M,41.0
7020,7021,80-13-091219,Hispanic,M,41.0
7021,7022,80-16-004536,Black,M,27.0
7022,7023,80-16-072287,White,M,17.0
7023,7024,80-13-081691,Black,M,34.0
7024,7025,80-16-072287,White,M,17.0
7025,7026,80-10-052019,Black,M,29.0
7026,7027,80-11-055584,Black,F,40.0
7027,7028,80-16-004536,Black,M,27.0
7028,7029,80-10-024123,Black,M,32.0
7029,7030,80-16-015060,Black,M,18.0
7030,7031,80-10-082931,White,M,24.0
7031,7032,80-16-096192,Black,M,29.0
7032,7033,80-12-068858,Black,M,30.0
7033,7034,80-12-098686,White,M,29.0
7034,7035,80-16-101149,Black,M,23.0
7035,7036,80-12-032176,Black,M,28.0
7036,7037,80-11-075250,Black,M,19.0
7037,7038,80-12-073304,Black,M,18.0
7038,7039,80-16-065950,White,M,38.0
7039,7040,80-16-105229,Black,M,17.0
7040,7041,80-16-105229,Black,M,17.0
7041,7042,80-16-105229,Black,M,17.0
7042,7043,80-17-008545,Black,M,33.0
7043,7044,80-14-014665,White,M,32.0
7044,7045,80-17-004505,Black,M,52.0
7045,7046,80-14-058287,Black,M,17.0
7046,7047,80-11-051561,Black,F,24.0
7047,7048,80-11-055299,Black,F,16.0
7048,7049,80-14-032487,Black,F,30.0
7049,7050,80-14-032487,Black,F,33.0
7050,7051,80-16-048877,White,M,22.0
7051,7052,80-16-048877,White,M,22.0
7052,7053,80-17-012491,Black,M,20.0
7053,7054,80-13-093423,Black,M,31.0
7054,7055,80-12-014633,White,F,26.0
7055,7056,80-13-006299,White,M,30.0
7056,7057,80-11-059032,White,M,45.0
7057,7058,80-15-064663,White,M,34.0
7058,7059,80-15-064663,White,M,34.0
7059,7060,80-14-012504,White,M,22.0
7060,7061,80-15-033755,Black,M,39.0
7061,7062,80-14-052459,Black,M,21.0
7062,7063,80-14-077482,Black,M,37.0
7063,7064,80-10-068063,White,M,56.0
7064,7065,80-16-063364,Black,M,51.0
7065,7066,80-16-063364,Black,M,51.0
7066,7067,80-16-063364,Black,M,51.0
7067,7068,80-16-078761,White,M,31.0
7068,7069,80-13-033236,White,M,55.0
7069,7070,80-10-073154,White,M,53.0
7070,7071,80-16-100133,Black,M,29.0
7071,7072,80-15-092802,White,M,35.0
7072,7073,80-16-017047,Black,M,28.0
7073,7074,80-11-014240,White,M,22.0
7074,7075,80-10-082931,White,M,24.0
7075,7076,80-17-011732,Black,F,23.0
7076,7077,80-12-070825,White,M,34.0
7077,7078,80-12-013281,Black,M,15.0
7078,7079,80-17-007159,White,M,56.0
7079,7080,80-17-007159,White,M,56.0
7080,7081,80-17-007159,White,M,56.0
7081,7082,80-17-007159,White,M,56.0
7082,7083,80-11-083464,White,M,52.0
7083,7084,80-16-051583,White,M,74.0
7084,7085,80-16-011115,Black,M,22.0
7085,7086,80-16-051583,White,M,74.0
7086,7087,80-14-030234,Black,M,56.0
7087,7088,80-12-077821,Black,M,
7088,7089,80-13-018443,Black,M,28.0
7089,7090,80-16-052974,White,F,32.0
7090,7091,80-17-007236,White,M,27.0
7091,7092,80-17-007236,White,M,27.0
7092,7093,80-14-095339,Black,M,18.0
7093,7094,80-13-076499,White,M,45.0
7094,7095,80-10-070300,White,M,32.0
7095,7096,80-15-059754,Black,M,29.0
7096,7097,80-13-021135,White,M,24.0
7097,7098,80-11-009159,White,F,23.0
7098,7099,80-11-009159,White,F,23.0
7099,7100,80-11-009159,White,F,23.0
7100,7101,80-15-053299,Black,M,21.0
7101,7102,80-16-028476,Black,M,35.0
7102,7103,80-15-082723,Black,M,27.0
7103,7104,80-16-017929,Black,M,19.0
7104,7105,80-17-006039,Black,M,24.0
7105,7106,80-11-100969,Black,M,31.0
7106,7107,80-16-102348,White,M,22.0
7107,7108,80-14-094647,White,M,20.0
7108,7109,80-16-011377,Black,F,32.0
7109,7110,80-13-014188,White,M,
7110,7111,80-14-096837,Black,F,22.0
7111,7112,80-12-087370,White,M,
7112,7113,80-16-098446,Hispanic,M,27.0
7113,7114,80-12-091629,White,M,20.0
7114,7115,80-10-076928,Black,M,30.0
7115,7116,80-13-004535,White,F,52.0
7116,7117,80-12-028273,Black,M,20.0
7117,7118,80-11-020420,White,M,24.0
7118,7119,80-14-030234,Black,M,56.0
7119,7120,80-14-030234,Black,M,56.0
7120,7121,80-14-030234,Black,M,56.0
7121,7122,80-14-030234,Black,M,56.0
7122,7123,80-11-089074,Black,M,19.0
7123,7124,80-13-064243,White,M,17.0
7124,7125,80-12-054948,White,M,46.0
7125,7126,80-14-047747,White,M,30.0
7126,7127,80-15-030710,Black,M,20.0
7127,7128,80-15-030710,Black,M,20.0
7128,7129,80-14-017356,Asian,M,20.0
7129,7130,80-14-017356,Asian,M,20.0
7130,7131,80-10-014259,White,M,20.0
7131,7132,80-10-014259,White,M,20.0
7132,7133,80-12-039900,White,M,21.0
7133,7134,80-10-057789,Black,M,18.0
7134,7135,80-15-093734,Black,M,40.0
7135,7136,80-15-093734,Black,M,40.0
7136,7137,80-15-093734,Black,M,40.0
7137,7138,80-14-035326,Black,M,28.0
7138,7139,80-15-013203,Black,M,32.0
7139,7140,80-15-013203,Black,M,32.0
7140,7141,80-11-020420,White,M,24.0
7141,7142,80-15-013203,Black,M,32.0
7142,7143,80-15-013203,Black,M,32.0
7143,7144,80-12-087156,White,F,47.0
7144,7145,80-15-020136,Black,M,28.0
7145,7146,80-16-079123,Black,M,56.0
7146,7147,80-15-004624,Black,M,26.0
7147,7148,80-15-004624,Black,M,26.0
7148,7149,80-12-032176,Black,M,28.0
7149,7150,80-15-025656,Black,M,29.0
7150,7151,80-11-029002,Black,M,23.0
7151,7152,80-15-008775,Black,M,25.0
7152,7153,80-15-008775,Black,M,25.0
7153,7154,80-16-106571,White,M,25.0
7154,7155,80-16-106571,White,M,25.0
7155,7156,80-16-106571,White,M,25.0
7156,7157,80-16-106571,White,M,25.0
7157,7158,80-16-106571,White,M,25.0
7158,7159,80-16-106571,White,M,25.0
7159,7160,80-16-073413,Black,M,19.0
7160,7161,80-12-025419,Black,M,19.0
7161,7162,80-14-024543,Hispanic,M,47.0
7162,7163,80-14-028310,White,M,29.0
7163,7164,80-14-028310,White,M,29.0
7164,7165,80-14-028310,White,M,29.0
7165,7166,80-14-028310,White,M,29.0
7166,7167,80-14-073828,Black,M,26.0
7167,7168,80-14-073828,Black,M,26.0
7168,7169,80-14-073828,Black,M,26.0
7169,7170,80-16-027431,Black,M,24.0
7170,7171,80-14-065576,White,F,29.0
7171,7172,80-14-065576,White,F,29.0
7172,7173,80-16-037378,Black,M,30.0
7173,7174,80-16-037378,Black,M,30.0
7174,7175,80-10-093258,White,M,27.0
7175,7176,80-10-093258,White,M,27.0
7176,7177,80-12-080489,Black,M,25.0
7177,7178,80-11-033253,White,M,82.0
7178,7179,80-14-056044,Black,M,24.0
7179,7180,80-14-025039,Black,M,20.0
7180,7181,80-14-029500,Black,F,13.0
7181,7182,80-17-007236,White,M,27.0
7182,7183,80-14-030017,Black,M,
7183,7184,80-13-027664,Black,M,21.0
7184,7185,80-14-094647,White,M,20.0
7185,7186,80-11-089851,Black,M,13.0
7186,7187,80-14-046818,Black,M,32.0
7187,7188,80-13-014188,White,M,
7188,7189,80-14-017222,White,M,53.0
7189,7190,80-16-059160,Hispanic,M,42.0
7190,7191,80-16-059160,Hispanic,M,42.0
7191,7192,80-16-059160,Hispanic,M,42.0
7192,7193,80-16-098446,Hispanic,M,27.0
7193,7194,80-14-055544,Black,M,26.0
7194,7195,80-14-025039,Black,M,20.0
7195,7196,80-13-027463,White,M,59.0
7196,7197,80-13-027463,White,M,59.0
7197,7198,80-16-063364,Black,M,51.0
7198,7199,80-10-073154,White,M,53.0
7199,7200,80-16-015125,White,F,28.0
7200,7201,80-16-063564,Black,M,19.0
7201,7202,80-12-032175,White,M,26.0
7202,7203,80-12-032175,White,M,26.0
7203,7204,80-12-032175,White,M,26.0
7204,7205,80-13-073673,White,M,30.0
7205,7206,80-11-050611,Black,M,20.0
7206,7207,80-17-012265,Black,M,18.0
7207,7208,80-17-012265,Black,M,18.0
7208,7209,80-16-078599,White,M,33.0
7209,7210,80-11-005611,White,M,47.0
7210,7211,80-10-043286,Unknown,U,
7211,7212,80-16-049664,White,F,42.0
7212,7213,80-16-029712,Null,M,36.0
7213,7214,80-13-078884,Null,,
7214,7215,80-12-059861,Black,F,66.0
7215,7216,80-11-020420,White,M,24.0
7216,7217,80-14-066447,Black,M,21.0
7217,7218,80-14-067589,White,M,57.0
7218,7219,80-15-052417,Black,M,21.0
7219,7220,80-17-005893,Black,F,28.0
7220,7221,80-15-103038,White,M,23.0
7221,7222,80-16-105424,Black,M,18.0
7222,7223,80-15-044765,Null,M,41.0
7223,7224,80-16-043546,Black,M,19.0
7224,7225,80-15-063389,White,M,46.0
7225,7226,80-15-021916,Black,F,27.0
7226,7227,80-16-089881,White,M,65.0
7227,7228,80-16-089881,White,M,65.0
7228,7229,80-16-089881,White,M,65.0
7229,7230,80-15-032444,Black,M,22.0
7230,7231,80-16-089881,White,M,65.0
7231,7232,80-16-089881,White,M,65.0
7232,7233,80-16-015913,White,M,29.0
7233,7234,80-12-049235,White,M,18.0
7234,7235,80-14-045098,Black,M,31.0
7235,7236,80-16-030614,White,M,25.0
7236,7237,80-15-042887,Black,M,27.0
7237,7238,80-15-083579,White,M,19.0
7238,7239,80-16-110670,Black,M,15.0
7239,7240,80-15-055822,Black,M,57.0
7240,7241,80-15-056929,Black,F,23.0
7241,7242,80-15-076084,Black,M,40.0
7242,7243,80-16-046619,Black,M,25.0
7243,7244,80-15-086279,Black,M,21.0
7244,7245,80-15-064575,White,M,17.0
7245,7246,80-10-066011,White,M,27.0
7246,7247,80-15-106533,Black,M,19.0
7247,7248,80-15-106533,Black,M,19.0
7248,7249,80-15-106533,Black,M,19.0
7249,7250,80-11-029936,White,M,
7250,7251,80-11-029936,White,M,
7251,7252,80-15-015451,Black,M,18.0
7252,7253,80-14-048766,White,M,49.0
7253,7254,80-12-049235,White,M,18.0
7254,7255,80-12-049235,White,M,18.0
7255,7256,80-14-053094,White,F,34.0
7256,7257,80-15-049290,Black,M,20.0
7257,7258,80-13-078744,Null,,
7258,7259,80-16-068349,Black,M,27.0
7259,7260,80-14-058865,Hispanic,M,29.0
7260,7261,80-15-103148,Black,M,50.0
7261,7262,80-14-053094,White,F,34.0
7262,7263,80-13-083202,Null,,
7263,7264,80-12-049235,White,M,18.0
7264,7265,80-16-047316,Black,M,24.0
7265,7266,80-14-051099,Black,M,19.0
7266,7267,80-13-017707,Black,M,17.0
7267,7268,80-17-007159,White,M,56.0
7268,7269,80-10-061697,Black,M,21.0
7269,7270,80-14-016193,Black,M,17.0
7270,7271,80-13-017707,Black,M,17.0
7271,7272,80-14-025160,Null,,
7272,7273,80-11-031980,White,M,36.0
7273,7274,80-10-061697,Black,M,21.0
7274,7275,80-13-078495,Black,M,
7275,7276,80-17-007159,White,M,56.0
7276,7277,80-16-020958,White,M,27.0
7277,7278,80-15-096944,Black,M,18.0
7278,7279,80-14-025160,Null,,
7279,7280,80-10-061697,Black,M,21.0
7280,7281,80-13-078495,Black,M,
7281,7282,80-17-007159,White,M,56.0
7282,7283,80-16-002945,Null,,
7283,7284,80-14-030290,Null,,
7284,7285,80-14-047678,Hispanic,M,21.0
7285,7286,80-14-032059,Black,M,31.0
7286,7287,80-16-002945,Null,,
7287,7288,80-17-007159,White,M,56.0
7288,7289,80-14-047693,Null,,
7289,7290,80-12-091873,White,M,51.0
7290,7291,80-12-009242,White,M,28.0
7291,7292,80-14-052937,Null,,
7292,7293,80-16-002945,Null,,
7293,7294,80-14-032487,Black,F,30.0
7294,7295,80-17-007159,White,M,56.0
7295,7296,80-15-103971,White,M,16.0
7296,7297,80-14-032487,Black,F,33.0
7297,7298,80-11-031980,White,M,36.0
7298,7299,80-14-059753,Null,,
7299,7300,80-11-018778,White,M,35.0
7300,7301,80-16-081995,White,F,40.0
7301,7302,80-15-103971,White,M,16.0
7302,7303,80-16-002945,Null,,
7303,7304,80-16-092951,White,M,48.0
7304,7305,80-11-031980,White,M,36.0
7305,7306,80-11-084927,White,M,27.0
7306,7307,80-15-105952,Black,M,17.0
7307,7308,80-11-095821,Black,M,22.0
7308,7309,80-14-079214,White,F,42.0
7309,7310,80-11-055132,Black,M,32.0
7310,7311,80-14-007397,White,F,38.0
7311,7312,80-14-007397,White,F,38.0
7312,7313,80-15-027431,White,F,19.0
7313,7314,80-13-027056,Black,M,19.0
7314,7315,80-11-055132,Black,M,32.0
7315,7316,80-15-017597,Black,M,24.0
7316,7317,80-15-102170,Black,M,26.0
7317,7318,80-17-013445,Black,M,38.0
7318,7319,80-13-077995,Black,M,26.0
7319,7320,80-14-002702,Black,M,16.0
7320,7321,80-11-064131,Black,M,23.0
7321,7322,80-16-038507,Black,M,27.0
7322,7323,80-15-097816,Black,M,43.0
7323,7324,80-16-071363,Black,M,
7324,7325,80-16-071363,Black,M,
7325,7326,80-17-006070,Black,M,41.0
7326,7327,80-15-104422,Black,M,27.0
7327,7328,80-16-089357,White,M,18.0
7328,7329,80-16-090635,Black,M,19.0
7329,7330,80-16-090557,Black,M,16.0
7330,7331,80-16-090557,Black,M,16.0
7331,7332,80-17-001659,Black,M,23.0
7332,7333,80-16-084859,Null,M,24.0
7333,7334,80-16-108474,Black,M,19.0
7334,7335,80-15-016188,Black,M,14.0
7335,7336,80-15-063110,Black,M,29.0
7336,7337,80-16-050936,Black,M,17.0
7337,7338,80-17-010862,Black,M,54.0
7338,7339,80-16-024581,Black,M,27.0
7339,7340,80-16-105152,White,M,21.0
7340,7341,80-15-047494,Black,F,31.0
7341,7342,80-14-065384,White,M,37.0
7342,7343,80-15-035509,Black,M,33.0
7343,7344,80-14-021338,Black,M,19.0
7344,7345,80-11-086917,White,M,35.0
7345,7346,80-11-021323,Black,M,26.0
7346,7347,80-11-021323,Black,M,26.0
7347,7348,80-14-073468,Null,,
7348,7349,80-16-063874,Black,M,22.0
7349,7350,80-13-037115,White,M,33.0
7350,7351,80-10-020800,Null,,
7351,7352,80-10-034100,Null,,
7352,7353,80-13-034425,Black,M,19.0
7353,7354,80-14-091998,Null,,
7354,7355,80-10-073422,Null,,
7355,7356,80-15-053624,Black,M,15.0
7356,7357,80-14-077674,White,M,21.0
7357,7358,80-10-021996,Null,,
7358,7359,80-13-009884,White,M,45.0
7359,7360,80-14-078698,Black,M,30.0
7360,7361,80-10-073422,Null,,
7361,7362,80-10-023881,Null,,
7362,7363,80-16-076174,White,M,32.0
7363,7364,80-12-005021,White,M,43.0
7364,7365,80-10-085724,Null,,
7365,7366,80-15-053624,Black,M,15.0
7366,7367,80-14-058837,Hispanic,M,40.0
7367,7368,80-10-026297,White,M,28.0
7368,7369,80-12-005021,White,M,43.0
7369,7370,80-12-005336,Hispanic,M,32.0
7370,7371,80-10-052359,Null,,
7371,7372,80-10-064149,Null,,
7372,7373,80-17-004209,Middle Eastern,M,19.0
7373,7374,80-10-050009,Null,,
7374,7375,80-16-001210,Black,M,17.0
7375,7376,80-16-052974,White,F,32.0
7376,7377,80-10-065832,Null,,
7377,7378,80-16-004678,Hispanic,M,21.0
7378,7379,80-15-022222,Null,,
7379,7380,80-10-050009,Null,,
7380,7381,80-14-036231,Hispanic,M,38.0
7381,7382,80-11-027504,Black,F,34.0
7382,7383,80-16-004678,Hispanic,M,21.0
7383,7384,80-10-081688,Null,,
7384,7385,80-15-022748,Null,,
7385,7386,80-14-036231,Hispanic,M,38.0
7386,7387,80-14-058280,Black,M,51.0
7387,7388,80-16-016283,Black,M,20.0
7388,7389,80-10-097010,Null,,
7389,7390,80-10-065832,Null,,
7390,7391,80-14-058280,Black,M,51.0
7391,7392,80-14-027023,White,M,31.0
7392,7393,80-15-021446,Null,,
7393,7394,80-10-065832,Null,,
7394,7395,80-10-095475,Black,M,
7395,7396,80-10-097010,Null,,
7396,7397,80-14-082261,White,M,23.0
7397,7398,80-14-027023,White,M,31.0
7398,7399,80-10-097563,Null,,
7399,7400,80-14-044488,Black,M,24.0
7400,7401,80-10-097563,Null,,
7401,7402,80-16-078599,White,M,33.0
7402,7403,80-11-046424,Null,,
7403,7404,80-14-027023,White,M,31.0
7404,7405,80-15-026821,Null,,
7405,7406,80-12-019569,Null,,
7406,7407,80-11-086917,White,M,35.0
7407,7408,80-16-030338,Black,M,18.0
7408,7409,80-15-022593,Null,,
7409,7410,80-11-056520,Null,,
7410,7411,80-12-039753,Null,,
7411,7412,80-13-039458,Black,M,
7412,7413,80-16-012315,Null,,
7413,7414,80-11-009228,White,M,24.0
7414,7415,80-15-036277,Null,,
7415,7416,80-11-050567,Null,,
7416,7417,80-12-046958,Null,,
7417,7418,80-16-030900,Null,,
7418,7419,80-15-036689,Null,,
7419,7420,80-15-028432,Null,,
7420,7421,80-11-050567,Null,,
7421,7422,80-16-042924,Black,M,19.0
7422,7423,80-12-046958,Null,,
7423,7424,80-16-033308,Null,,
7424,7425,80-16-033308,Null,,
7425,7426,80-16-037845,Null,,
7426,7427,80-16-041480,Null,,
7427,7428,80-16-042073,Null,,
7428,7429,80-16-042073,Null,,
7429,7430,80-16-037845,Null,,
7430,7431,80-16-057649,Null,,
7431,7432,80-16-057649,Null,,
7432,7433,80-16-079795,Null,,
7433,7434,80-16-084501,Null,,
7434,7435,80-16-094418,Null,,
7435,7436,80-16-101135,Null,,
7436,7437,80-16-101135,Null,,
7437,7438,80-16-101135,Null,,
7438,7439,80-16-101135,Null,,
7439,7440,80-16-108014,Null,,
7440,7441,80-16-108014,Null,,
7441,7442,80-14-053195,Null,,
7442,7443,80-14-053195,Null,,
7443,7444,80-14-058425,Null,,
7444,7445,80-14-067069,Null,,
7445,7446,80-14-067320,Null,,
7446,7447,80-14-072138,Null,,
7447,7448,80-14-073299,Null,,
7448,7449,80-14-099689,Null,,
7449,7450,80-15-018794,Null,,
7450,7451,80-17-013647,Black,M,43.0
7451,7452,80-15-028439,Null,,
7452,7453,80-11-050567,Null,,
7453,7454,80-12-055953,Null,,
7454,7455,80-12-048525,Black,F,33.0
7455,7456,80-12-055953,Null,,
7456,7457,80-15-028439,Null,,
7457,7458,80-14-019877,Black,M,26.0
7458,7459,80-12-060533,Null,,
7459,7460,80-11-008165,Null,,
7460,7461,80-15-038245,Null,,
7461,7462,80-12-060533,Null,,
7462,7463,80-15-019294,Black,M,17.0
7463,7464,80-11-008165,Null,,
7464,7465,80-15-032685,Null,,
7465,7466,80-15-042280,Null,,
7466,7467,80-12-083042,Null,,
7467,7468,80-11-026561,Null,,
7468,7469,80-15-019294,Black,M,17.0
7469,7470,80-15-032685,Null,,
7470,7471,80-15-047247,Null,,
7471,7472,80-15-047247,Null,,
7472,7473,80-15-054709,Null,,
7473,7474,80-15-049487,Null,,
7474,7475,80-15-044724,Null,,
7475,7476,80-15-054709,Null,,
7476,7477,80-15-082737,Null,,
7477,7478,80-15-086347,Null,,
7478,7479,80-15-042979,Black,M,20.0
7479,7480,80-15-042979,Black,M,20.0
7480,7481,80-13-038062,Black,M,33.0
7481,7482,80-12-058511,Black,M,22.0
7482,7483,80-16-029712,Null,M,36.0
7483,7484,80-15-087786,White,M,23.0
7484,7485,80-15-034654,White,M,45.0
7485,7486,80-16-088161,Black,M,14.0
7486,7487,80-14-054489,White,M,15.0
7487,7488,80-11-027504,Black,F,34.0
7488,7489,80-16-014436,White,F,24.0
7489,7490,80-16-014436,White,F,24.0
7490,7491,80-14-032397,White,M,17.0
7491,7492,80-14-032397,White,M,17.0
7492,7493,80-16-002945,Null,,
7493,7494,80-11-040054,Null,,
7494,7495,80-11-040054,Null,,
7495,7496,80-10-064764,Black,M,27.0
7496,7497,80-15-102899,Black,M,24.0
7497,7498,80-13-072889,Black,M,24.0
7498,7499,80-13-072889,Black,M,24.0
7499,7500,80-15-056516,White,M,25.0
7500,7501,80-11-026561,Null,,
7501,7502,80-15-025475,Null,,
7502,7503,80-11-026561,Null,,
7503,7504,80-15-025475,Null,,
7504,7505,80-11-026561,Null,,
7505,7506,80-13-070077,White,M,26.0
7506,7507,80-15-026454,Null,,
7507,7508,80-13-070077,White,M,26.0
7508,7509,80-11-044472,Null,,
7509,7510,80-12-083042,Null,,
7510,7511,80-15-041364,Null,,
7511,7512,80-12-090502,Null,,
7512,7513,80-11-044472,Null,,
7513,7514,80-13-070077,White,M,26.0
7514,7515,80-15-042564,Null,,
7515,7516,80-13-015796,Null,,
7516,7517,80-16-006398,Black,M,20.0
7517,7518,80-11-077879,Null,,
7518,7519,80-15-040214,Null,,
7519,7520,80-13-015796,Null,,
7520,7521,80-11-064036,White,M,28.0
7521,7522,80-15-066812,Null,,
7522,7523,80-11-090205,Null,,
7523,7524,80-15-090756,Null,,
7524,7525,80-13-015628,Null,,
7525,7526,80-16-030614,White,M,25.0
7526,7527,80-14-016193,Black,M,17.0
7527,7528,80-15-090756,Null,,
7528,7529,80-13-015628,Null,,
7529,7530,80-13-007737,Null,,
7530,7531,80-13-028902,Null,,
7531,7532,80-13-033704,Null,,
7532,7533,80-16-054416,Hispanic,M,27.0
7533,7534,80-16-054416,Hispanic,M,27.0
7534,7535,80-13-076499,White,M,45.0
7535,7536,80-12-032865,White,M,18.0
7536,7537,80-16-051868,Black,F,22.0
7537,7538,80-14-069344,White,M,34.0
7538,7539,80-14-069344,White,M,34.0
7539,7540,80-14-069344,White,M,34.0
7540,7541,80-14-069344,White,M,34.0
7541,7542,80-14-069344,White,M,34.0
7542,7543,80-14-069344,White,M,34.0
7543,7544,80-16-051868,Black,F,22.0
7544,7545,80-13-000972,Hispanic,M,21.0
7545,7546,80-13-000972,Hispanic,M,21.0
7546,7547,80-10-042976,Black,M,40.0
7547,7548,80-13-009778,White,M,28.0
7548,7549,80-13-035689,Null,,
7549,7550,80-13-008416,Black,M,17.0
7550,7551,80-16-002945,Null,,
7551,7552,80-13-008416,Black,M,17.0
7552,7553,80-13-039458,Black,M,
7553,7554,80-16-064085,Black,M,19.0
7554,7555,80-16-030500,Black,M,23.0
7555,7556,80-12-066515,White,F,17.0
7556,7557,80-16-040303,White,M,16.0
7557,7558,80-12-009062,Black,M,31.0
7558,7559,80-16-033635,Black,M,30.0
7559,7560,80-16-105229,Black,M,17.0
7560,7561,80-14-027029,White,M,35.0
7561,7562,80-16-033635,Black,M,30.0
7562,7563,80-16-105229,Black,M,17.0
7563,7564,80-14-027029,White,M,35.0
7564,7565,80-16-040058,Black,M,22.0
7565,7566,80-16-105229,Black,M,17.0
7566,7567,80-14-027029,White,M,35.0
7567,7568,80-14-027029,White,M,35.0
7568,7569,80-13-051041,White,M,67.0
7569,7570,80-13-051041,White,M,67.0
7570,7571,80-13-090294,Black,M,21.0
7571,7572,80-16-102376,Black,M,16.0
7572,7573,80-16-102376,Black,M,16.0
7573,7574,80-16-006610,Black,M,22.0
7574,7575,80-11-025763,Black,M,26.0
7575,7576,80-16-047879,Black,M,16.0
7576,7577,80-12-044709,White,M,53.0
7577,7578,80-12-044709,White,M,53.0
7578,7579,80-15-023503,Black,M,19.0
7579,7580,80-12-102875,White,M,38.0
7580,7581,80-12-102875,White,M,38.0
7581,7582,80-14-073888,Black,M,26.0
7582,7583,80-14-073888,Black,M,26.0
7583,7584,80-12-017712,Black,M,23.0
7584,7585,80-12-017712,Black,M,23.0
7585,7586,80-15-049290,Black,M,20.0
7586,7587,80-16-046619,Black,M,25.0
7587,7588,80-16-061955,Black,M,18.0
7588,7589,80-16-068234,White,F,18.0
7589,7590,80-16-082080,White,M,27.0
7590,7591,80-17-000456,White,M,22.0
7591,7592,80-17-002684,Unknown,U,
7592,7593,80-16-098290,White,F,25.0
7593,7594,80-17-009384,Black,M,21.0
7594,7595,80-17-009975,Black,M,31.0
7595,7596,80-17-006863,White,M,38.0
7596,7597,80-11-090205,Null,,
7597,7598,80-11-097943,Null,,
7598,7599,80-11-097943,Null,,
7599,7600,80-16-048801,White,M,23.0
7600,7601,80-16-109123,Black,M,26.0
7601,7602,80-17-012068,Black,M,22.0
7602,7603,80-17-009520,Hispanic,M,17.0
7603,7604,80-17-011817,Black,M,28.0
7604,7605,80-16-014973,Black,M,63.0
7605,7606,80-11-104349,Null,,
7606,7607,80-11-104349,Null,,
7607,7608,80-12-037378,Null,,
7608,7609,80-12-046431,Null,,
7609,7610,80-12-054751,Null,,
7610,7611,80-12-054751,Null,,
7611,7612,80-13-076056,White,M,55.0
7612,7613,80-12-068393,Null,,
7613,7614,80-12-068393,Null,,
7614,7615,80-13-009474,Null,,
7615,7616,80-13-012176,Null,,
7616,7617,80-13-017673,Null,,
7617,7618,80-13-017673,Null,,
7618,7619,80-13-017673,Null,,
7619,7620,80-11-003048,Black,M,20.0
7620,7621,80-15-017847,Null,,
7621,7622,80-10-029304,White,M,46.0
7622,7623,80-16-038122,Black,M,14.0
7623,7624,80-13-017673,Null,,
7624,7625,80-13-028652,Null,,
7625,7626,80-13-053491,Null,,
7626,7627,80-13-064967,Null,,
7627,7628,80-13-081306,Null,,
7628,7629,80-13-084640,Null,,
7629,7630,80-13-084640,Null,,
7630,7631,80-13-084640,Null,,
7631,7632,80-13-085813,Null,,
7632,7633,80-13-085813,Null,,
7633,7634,80-14-000004,Null,,
7634,7635,80-14-022420,Null,,
7635,7636,80-14-044495,White,M,34.0
7636,7637,80-14-044495,White,M,34.0
7637,7638,80-14-044495,White,M,34.0
7638,7639,80-14-044495,White,M,34.0
7639,7640,80-16-020876,Black,M,40.0
7640,7641,80-16-018842,Black,M,43.0
7641,7642,80-16-057984,Black,M,33.0
7642,7643,80-11-001610,Black,M,38.0
7643,7644,80-14-060634,White,M,28.0
7644,7645,80-15-009322,Black,M,33.0
7645,7646,80-11-071326,Black,M,35.0
7646,7647,80-14-033487,Null,,
7647,7648,80-14-018182,Null,,
7648,7649,80-14-025397,Null,,
7649,7650,80-14-029190,Null,,
7650,7651,80-14-040821,Null,,
7651,7652,80-14-053560,Null,,
7652,7653,80-14-058009,Null,,
7653,7654,80-14-060694,Null,,
7654,7655,80-14-071083,Null,,
7655,7656,80-14-095528,Null,,
7656,7657,80-15-011354,Null,,
7657,7658,80-15-024880,Null,,
7658,7659,80-11-022491,Black,M,20.0
7659,7660,80-15-025211,Null,,
7660,7661,80-16-022590,Black,M,22.0
7661,7662,80-11-025447,Black,M,34.0
7662,7663,80-10-029304,White,M,46.0
7663,7664,80-11-025447,Black,M,34.0
7664,7665,80-15-035695,Black,M,29.0
7665,7666,80-11-066734,White,M,24.0
7666,7667,80-10-076901,Black,M,44.0
7667,7668,80-15-078740,Black,M,41.0
7668,7669,80-10-021996,Null,,
7669,7670,80-10-032344,Null,,
7670,7671,80-10-037551,Null,,
7671,7672,80-10-079964,Null,,
7672,7673,80-10-079964,Null,,
7673,7674,80-10-079964,Null,,
7674,7675,80-10-079964,Null,,
7675,7676,80-10-079964,Null,,
7676,7677,80-10-079964,Null,,
7677,7678,80-11-061854,Null,,
7678,7679,80-11-012063,Null,,
7679,7680,80-11-067114,Null,,
7680,7681,80-11-077879,Null,,
7681,7682,80-11-077585,Null,,
7682,7683,80-15-054501,Black,M,22.0
7683,7684,80-15-054501,Black,M,22.0
7684,7685,80-11-066734,White,M,24.0
7685,7686,80-11-066734,White,M,24.0
7686,7687,80-16-006586,Black,M,35.0
7687,7688,80-16-006586,Black,M,35.0
7688,7689,80-10-015699,Black,F,29.0
7689,7690,80-10-015699,Black,F,29.0
7690,7691,80-14-021503,Black,M,51.0
7691,7692,80-12-052958,Black,M,45.0
7692,7693,80-15-009322,Black,M,33.0
7693,7694,80-11-067694,White,M,30.0
7694,7695,80-10-097287,White,M,25.0
7695,7696,80-10-097287,White,M,25.0
7696,7697,80-15-023503,Black,M,20.0
7697,7698,80-17-004840,White,M,37.0
7698,7699,80-10-039952,White,M,20.0
7699,7700,80-10-039952,White,M,20.0
7700,7701,80-10-039952,White,M,20.0
7701,7702,80-11-097463,Null,,
7702,7703,80-16-053662,Black,M,21.0
7703,7704,80-16-075856,White,F,72.0
7704,7705,80-16-016829,White,M,25.0
7705,7706,80-16-021468,White,M,27.0
7706,7707,80-16-090536,White,M,35.0
7707,7708,80-16-088326,White,M,35.0
7708,7709,80-16-083772,White,M,19.0
7709,7710,80-16-089863,White,M,37.0
7710,7711,80-16-107614,Black,M,46.0
7711,7712,80-10-060985,White,M,27.0
7712,7713,80-11-021353,White,M,26.0
7713,7714,80-12-068649,Black,M,22.0
7714,7715,80-15-025379,Black,M,30.0
7715,7716,80-15-025379,Black,M,30.0
7716,7717,80-14-051063,Black,M,30.0
7717,7718,80-14-051063,Black,M,30.0
7718,7719,80-12-005336,Hispanic,M,32.0
7719,7720,80-14-064569,White,M,28.0
7720,7721,80-16-053662,Black,M,21.0
7721,7722,80-16-051157,Hispanic,M,19.0
7722,7723,80-15-020401,Null,,
7723,7724,80-16-053662,Black,M,21.0
7724,7725,80-16-053662,Black,M,21.0
7725,7726,80-15-005810,Black,M,52.0
7726,7727,80-16-014973,Black,M,63.0
7727,7728,80-15-006611,Black,M,
7728,7729,80-10-095933,Black,M,14.0
7729,7730,80-10-095933,Black,M,14.0
7730,7731,80-10-095933,Black,M,14.0
7731,7732,80-16-066173,Black,M,23.0
7732,7733,80-14-075788,Null,M,34.0
7733,7734,80-16-026237,White,F,44.0
7734,7735,80-16-026237,White,F,44.0
7735,7736,80-16-089881,White,M,65.0
7736,7737,80-16-089881,White,M,65.0
7737,7738,80-16-089881,White,M,65.0
7738,7739,80-16-089881,White,M,65.0
7739,7740,80-16-089881,White,M,65.0
7740,7741,80-15-028420,Black,M,27.0
7741,7742,80-14-052934,Black,F,40.0
7742,7743,80-16-011083,White,M,35.0
7743,7744,80-16-103832,Black,F,27.0
7744,7745,80-16-077368,Black,M,21.0
7745,7746,80-11-105458,Black,M,70.0
7746,7747,80-10-041213,Black,M,29.0
7747,7748,80-10-076022,Black,M,32.0
7748,7749,80-11-065850,Black,M,34.0
7749,7750,80-11-065850,Black,M,37.0
7750,7751,80-11-065850,Black,M,34.0
7751,7752,80-11-065850,Black,M,37.0
7752,7753,80-16-102405,Black,M,30.0
7753,7754,80-10-047241,White,M,25.0
7754,7755,80-16-105270,Hispanic,F,24.0
7755,7756,80-11-097680,White,M,66.0
7756,7757,80-15-041646,White,M,26.0
7757,7758,80-15-041646,White,M,26.0
7758,7759,80-15-041646,White,M,26.0
7759,7760,80-16-089881,White,M,65.0
7760,7761,80-15-010467,White,M,22.0
7761,7762,80-16-030500,Black,M,23.0
7762,7763,80-15-010465,Black,M,18.0
7763,7764,80-16-037159,Black,M,
7764,7765,80-16-038122,Black,M,14.0
7765,7766,80-16-038122,Black,M,14.0
7766,7767,80-16-038122,Black,M,14.0
7767,7768,80-16-021728,White,M,30.0
7768,7769,80-16-063052,Null,M,30.0
7769,7770,80-17-006070,Black,M,41.0
7770,7771,80-15-038225,Black,M,19.0
7771,7772,80-12-005318,Black,M,31.0
7772,7773,80-12-005318,Black,M,34.0
7773,7774,80-11-015293,White,M,29.0
7774,7775,80-14-099413,White,M,43.0
7775,7776,80-10-072859,Black,M,20.0
7776,7777,80-10-101174,White,M,31.0
7777,7778,80-10-101174,White,M,31.0
7778,7779,80-10-072859,Black,M,20.0
7779,7780,80-10-055982,Black,M,25.0
7780,7781,80-10-041173,Black,M,37.0
7781,7782,80-14-089908,Black,M,23.0
7782,7783,80-14-089908,Black,M,23.0
7783,7784,80-10-049959,White,M,68.0
7784,7785,80-14-053905,Black,M,34.0
7785,7786,80-13-005711,Black,M,24.0
7786,7787,80-16-024388,Black,M,34.0
7787,7788,80-10-052770,White,M,20.0
7788,7789,80-11-010143,Black,M,52.0
7789,7790,80-13-053445,Black,M,35.0
7790,7791,80-11-047927,Black,M,28.0
7791,7792,80-12-068623,Black,M,22.0
7792,7793,80-10-043398,White,M,26.0
7793,7794,80-10-087402,Black,M,35.0
7794,7795,80-10-043398,White,M,26.0
7795,7796,80-15-039144,White,M,33.0
7796,7797,80-12-024315,Black,M,27.0
7797,7798,80-15-003249,White,M,53.0
7798,7799,80-15-003249,White,M,53.0
7799,7800,80-13-036761,Black,M,25.0
7800,7801,80-15-020401,Null,,
7801,7802,80-11-051340,Black,M,24.0
7802,7803,80-15-003249,White,M,53.0
7803,7804,80-12-030379,Black,M,37.0
7804,7805,80-11-038501,White,M,40.0
7805,7806,80-16-083772,White,M,19.0
7806,7807,80-16-083772,White,M,19.0
7807,7808,80-15-043549,Black,M,17.0
7808,7809,80-15-053698,Black,M,15.0
7809,7810,80-16-106077,Black,M,15.0
7810,7811,80-17-010699,Black,F,15.0
7811,7812,80-15-105092,Black,M,53.0
7812,7813,80-16-040161,Black,M,36.0
7813,7814,80-10-001976,Null,,
7814,7815,80-15-082230,Black,M,50.0
7815,7816,80-15-082230,Black,M,50.0
7816,7817,80-15-054776,White,M,57.0
7817,7818,80-15-054776,White,M,57.0
7818,7819,80-14-073298,Black,M,27.0
7819,7820,80-10-053909,Black,M,24.0
7820,7821,80-14-012533,Black,M,28.0
7821,7822,80-14-012533,Black,M,28.0
7822,7823,80-12-000915,Black,M,72.0
7823,7824,80-10-035855,Black,M,27.0
7824,7825,80-10-035855,Black,M,27.0
7825,7826,80-10-035855,Black,M,27.0
7826,7827,80-10-035855,Black,M,27.0
7827,7828,80-14-019173,Black,M,26.0
7828,7829,80-14-019173,Black,M,26.0
7829,7830,80-16-046633,White,F,41.0
7830,7831,80-13-078123,Black,M,26.0
7831,7832,80-11-099097,Black,M,37.0
7832,7833,80-11-003369,White,M,20.0
7833,7834,80-11-080376,Black,M,36.0
7834,7835,80-14-019267,Black,M,
7835,7836,80-16-063052,Null,M,30.0
7836,7837,80-15-067806,White,M,14.0
7837,7838,80-15-067806,White,M,14.0
7838,7839,80-16-030442,White,M,40.0
7839,7840,80-15-013059,Black,M,28.0
7840,7841,80-15-020624,Null,,
7841,7842,80-15-004759,Black,M,19.0
7842,7843,80-16-030695,Black,M,19.0
7843,7844,80-16-025727,Black,M,23.0
7844,7845,80-15-004759,Black,M,19.0
7845,7846,80-16-005074,Black,M,20.0
7846,7847,80-14-036306,White,M,18.0
7847,7848,80-16-070507,Black,M,18.0
7848,7849,80-16-079281,White,M,20.0
7849,7850,80-16-079281,White,M,20.0
7850,7851,80-16-009910,Black,M,34.0
7851,7852,80-16-075943,Black,M,18.0
7852,7853,80-15-092568,White,M,19.0
7853,7854,80-15-076032,White,M,70.0
7854,7855,80-15-076032,White,M,70.0
7855,7856,80-12-034315,Black,F,24.0
7856,7857,80-16-042151,Black,M,22.0
7857,7858,80-15-104422,Black,M,27.0
7858,7859,80-14-070476,White,M,26.0
7859,7860,80-16-074293,Black,M,17.0
7860,7861,80-17-003639,White,M,31.0
7861,7862,80-17-003639,White,M,31.0
7862,7863,80-17-003639,White,M,31.0
7863,7864,80-14-087823,Black,M,28.0
7864,7865,80-15-050257,Black,M,29.0
7865,7866,80-15-052708,White,M,23.0
7866,7867,80-15-100502,Black,M,29.0
7867,7868,80-16-030442,White,M,40.0
7868,7869,80-10-059650,White,M,22.0
7869,7870,80-17-012200,White,M,22.0
7870,7871,80-10-019854,White,M,43.0
7871,7872,80-13-012950,Black,M,43.0
7872,7873,80-10-096029,White,M,46.0
7873,7874,80-15-056668,Black,M,22.0
7874,7875,80-14-044447,White,M,54.0
7875,7876,80-10-050291,Black,M,24.0
7876,7877,80-10-064766,Black,M,20.0
7877,7878,80-10-037627,White,M,18.0
7878,7879,80-11-059353,White,M,42.0
7879,7880,80-15-100202,White,M,36.0
7880,7881,80-13-098889,Black,M,24.0
7881,7882,80-14-045134,White,M,59.0
7882,7883,80-14-057513,White,M,58.0
7883,7884,80-16-039744,Black,M,41.0
7884,7885,80-14-100414,White,M,60.0
7885,7886,80-15-023559,Black,M,22.0
7886,7887,80-16-096237,Black,M,16.0
7887,7888,80-15-087786,White,M,23.0
7888,7889,80-15-087786,White,M,23.0
7889,7890,80-15-058364,Black,M,27.0
7890,7891,80-14-028802,Black,M,30.0
7891,7892,80-12-006282,Black,M,20.0
7892,7893,80-16-014436,White,F,24.0
7893,7894,80-14-045196,White,M,53.0
7894,7895,80-14-064569,White,M,28.0
7895,7896,80-16-083450,White,M,22.0
7896,7897,80-14-045134,White,M,59.0
7897,7898,80-13-045271,White,M,58.0
7898,7899,80-13-045271,White,M,58.0
7899,7900,80-13-045271,White,M,58.0
7900,7901,80-13-045271,White,M,58.0
7901,7902,80-13-045271,White,M,58.0
7902,7903,80-13-045271,White,M,58.0
7903,7904,80-13-045271,White,M,58.0
7904,7905,80-13-045271,White,M,58.0
7905,7906,80-13-045271,White,M,58.0
7906,7907,80-13-045271,White,M,58.0
7907,7908,80-13-045271,White,M,58.0
7908,7909,80-13-045271,White,M,58.0
7909,7910,80-14-045134,White,M,59.0
7910,7911,80-14-045134,White,M,59.0
7911,7912,80-14-045134,White,M,59.0
7912,7913,80-14-045134,White,M,59.0
7913,7914,80-15-022965,Null,,
7914,7915,80-13-062101,White,M,32.0
7915,7916,80-16-078228,White,M,17.0
7916,7917,80-12-097427,Black,M,45.0
7917,7918,80-13-009884,White,M,45.0
7918,7919,80-14-066934,Black,M,43.0
7919,7920,80-13-039458,Black,M,
7920,7921,80-14-003367,White,M,31.0
7921,7922,80-13-019555,Black,M,17.0
7922,7923,80-11-097259,White,M,26.0
7923,7924,80-16-009910,Black,M,34.0
7924,7925,80-12-000013,Black,M,33.0
7925,7926,80-15-041620,Black,M,18.0
7926,7927,80-11-071326,Black,M,35.0
7927,7928,80-16-056147,White,M,19.0
7928,7929,80-17-001644,White,M,27.0
7929,7930,80-16-056147,White,M,19.0
7930,7931,80-10-017160,Black,M,20.0
7931,7932,80-11-089851,Black,M,13.0
7932,7933,80-15-040551,Black,M,24.0
7933,7934,80-15-040551,Black,M,24.0
7934,7935,80-16-007715,Black,M,18.0
7935,7936,80-16-007715,Black,M,18.0
7936,7937,80-16-007715,Black,M,18.0
7937,7938,80-14-046818,Black,M,32.0
7938,7939,80-16-064528,Null,F,30.0
7939,7940,80-16-064528,Null,F,30.0
7940,7941,80-16-070058,Black,M,17.0
7941,7942,80-16-059160,Hispanic,M,42.0
7942,7943,80-16-059160,Hispanic,M,42.0
7943,7944,80-16-059160,Hispanic,M,42.0
7944,7945,80-16-041945,White,M,23.0
7945,7946,80-13-055010,Black,M,22.0
7946,7947,80-14-068066,Black,M,18.0
7947,7948,80-14-068066,Black,M,18.0
7948,7949,80-11-026043,Black,M,21.0
7949,7950,80-13-078495,Black,M,
7950,7951,80-14-083372,White,M,38.0
7951,7952,80-16-074293,Black,M,17.0
7952,7953,80-13-056880,White,M,32.0
7953,7954,80-13-056880,White,M,32.0
7954,7955,80-10-001316,Black,M,27.0
7955,7956,80-10-072971,Black,M,23.0
7956,7957,80-14-067052,White,M,57.0
7957,7958,80-14-067052,White,M,57.0
7958,7959,80-14-067052,White,M,57.0
7959,7960,80-15-034652,White,M,27.0
7960,7961,80-10-077250,White,M,30.0
7961,7962,80-11-000006,Black,M,25.0
7962,7963,80-14-030561,White,M,28.0
7963,7964,80-14-030561,White,M,28.0
7964,7965,80-14-030561,White,M,28.0
7965,7966,80-12-040363,White,M,39.0
7966,7967,80-11-070930,White,M,40.0
7967,7968,80-15-029590,Null,,
7968,7969,80-15-028935,Null,,
7969,7970,80-15-035713,Null,,
7970,7971,80-15-035713,Null,,
7971,7972,80-15-035713,Null,,
7972,7973,80-15-035727,Null,,
7973,7974,80-15-022981,Null,,
7974,7975,80-15-037728,Null,,
7975,7976,80-15-037728,Null,,
7976,7977,80-15-043133,Null,,
7977,7978,80-15-047229,Null,,
7978,7979,80-15-060952,Null,,
7979,7980,80-15-060952,Null,,
7980,7981,80-15-103193,Null,,
7981,7982,80-10-053891,Black,M,32.0
7982,7983,80-15-041646,White,M,26.0
7983,7984,80-15-023435,Black,M,21.0
7984,7985,80-15-051010,Black,M,27.0
7985,7986,80-15-051010,Black,M,27.0
7986,7987,80-10-087165,White,M,34.0
7987,7988,80-10-087165,White,M,34.0
7988,7989,80-10-087165,White,M,34.0
7989,7990,80-10-087165,White,M,34.0
7990,7991,80-10-087165,White,M,34.0
7991,7992,80-10-087165,White,M,34.0
7992,7993,80-10-087165,White,M,34.0
7993,7994,80-10-087165,White,M,34.0
7994,7995,80-10-074787,White,M,22.0
7995,7996,80-10-102122,Black,M,42.0
7996,7997,80-11-021413,White,M,48.0
7997,7998,80-11-021413,White,M,48.0
7998,7999,80-11-021413,White,M,48.0
7999,8000,80-16-002945,Null,,
8000,8001,80-16-004033,Null,,
8001,8002,80-16-012812,Null,,
8002,8003,80-11-016134,Black,M,59.0
8003,8004,80-14-020423,Black,M,25.0
8004,8005,80-16-030950,Null,,
8005,8006,80-16-033308,Null,,
8006,8007,80-16-034946,Null,,
8007,8008,80-16-041480,Null,,
8008,8009,80-16-057726,Null,,
8009,8010,80-16-060982,Null,,
8010,8011,80-16-067279,Null,,
8011,8012,80-16-075836,Null,,
8012,8013,80-16-082838,Null,,
8013,8014,80-16-088959,Null,,
8014,8015,80-16-101135,Null,,
8015,8016,80-16-101135,Null,,
8016,8017,80-16-101135,Null,,
8017,8018,80-16-101135,Null,,
8018,8019,80-16-102253,Null,,
8019,8020,80-16-102253,Null,,
8020,8021,80-16-106970,Null,,
8021,8022,80-12-070746,White,M,27.0
8022,8023,80-15-000016,Black,M,28.0
8023,8024,80-16-109740,Null,,
8024,8025,80-16-109774,Null,,
8025,8026,80-16-100173,Null,,
8026,8027,80-16-100173,Null,,
8027,8028,80-16-110338,Null,,
8028,8029,80-17-004847,Null,,
8029,8030,80-12-032329,Null,,
8030,8031,80-12-038525,Null,,
8031,8032,80-12-038525,Null,,
8032,8033,80-12-050899,Null,,
8033,8034,80-12-075913,Null,,
8034,8035,80-12-096296,Null,,
8035,8036,80-13-028652,Null,,
8036,8037,80-13-033062,Null,,
8037,8038,80-13-033062,Null,,
8038,8039,80-13-023228,Null,,
8039,8040,80-13-043570,Null,,
8040,8041,80-13-043570,Null,,
8041,8042,80-10-003061,Black,M,28.0
8042,8043,80-13-043570,Null,,
8043,8044,80-13-019793,Null,,
8044,8045,80-13-051359,Null,,
8045,8046,80-13-063373,Null,,
8046,8047,80-13-063373,Null,,
8047,8048,80-13-073463,Null,,
8048,8049,80-11-021413,White,M,48.0
8049,8050,80-11-060738,Black,M,20.0
8050,8051,80-17-013472,Black,M,39.0
8051,8052,80-16-025315,Black,F,44.0
8052,8053,80-15-029614,Black,F,22.0
8053,8054,80-15-091934,White,M,59.0
8054,8055,80-14-045394,Black,M,29.0
8055,8056,80-13-045292,Black,M,20.0
8056,8057,80-10-006937,White,F,26.0
8057,8058,80-12-063389,White,M,53.0
8058,8059,80-14-020423,Black,M,25.0
8059,8060,80-11-016134,Black,M,59.0
8060,8061,80-13-033236,White,M,55.0
8061,8062,80-10-003061,Black,M,28.0
8062,8063,80-14-020423,Black,M,25.0
8063,8064,80-11-070930,White,M,40.0
8064,8065,80-10-038709,Black,M,29.0
8065,8066,80-15-093771,White,M,35.0
8066,8067,80-15-093771,White,M,35.0
8067,8068,80-14-004857,Black,M,36.0
8068,8069,80-12-077443,Hispanic,M,21.0
8069,8070,80-14-100837,Black,M,28.0
8070,8071,80-16-087360,Black,M,29.0
8071,8072,80-16-041842,White,M,37.0
8072,8073,80-16-041842,White,M,37.0
8073,8074,80-13-086963,Null,,
8074,8075,80-13-086963,Null,,
8075,8076,80-13-083202,Null,,
8076,8077,80-13-084243,Null,,
8077,8078,80-13-099580,Null,,
8078,8079,80-13-099224,Null,,
8079,8080,80-13-099224,Null,,
8080,8081,80-14-000251,Null,,
8081,8082,80-14-003686,Null,,
8082,8083,80-12-012699,Black,M,27.0
8083,8084,80-14-000251,Null,,
8084,8085,80-14-006878,Null,,
8085,8086,80-14-009671,Null,,
8086,8087,80-14-033487,Null,,
8087,8088,80-10-007007,Null,,
8088,8089,80-10-007007,Null,,
8089,8090,80-12-028106,White,M,33.0
8090,8091,80-10-019001,Black,M,24.0
8091,8092,80-15-005007,White,M,38.0
8092,8093,80-15-005007,White,M,38.0
8093,8094,80-14-067973,Black,M,21.0
8094,8095,80-14-067973,Black,M,21.0
8095,8096,80-14-067973,Black,M,21.0
8096,8097,80-11-053405,White,M,30.0
8097,8098,80-11-053405,White,M,30.0
8098,8099,80-11-053405,White,M,30.0
8099,8100,80-11-050935,Black,M,38.0
8100,8101,80-15-095553,White,M,32.0
8101,8102,80-15-087528,White,M,47.0
8102,8103,80-15-020785,Black,M,26.0
8103,8104,80-12-053676,Black,M,31.0
8104,8105,80-12-076808,Black,M,22.0
8105,8106,80-14-053905,Black,M,34.0
8106,8107,80-15-035987,Black,M,29.0
8107,8108,80-11-090537,White,M,26.0
8108,8109,80-15-019711,White,F,23.0
8109,8110,80-14-055504,Black,M,19.0
8110,8111,80-16-104110,Black,M,25.0
8111,8112,80-10-003061,Black,M,28.0
8112,8113,80-10-003061,Black,M,28.0
8113,8114,80-10-003061,Black,M,28.0
8114,8115,80-10-003061,Black,M,28.0
8115,8116,80-14-020423,Black,M,25.0
8116,8117,80-13-047281,Black,M,19.0
8117,8118,80-16-075471,Black,M,40.0
8118,8119,80-11-067750,Black,M,35.0
8119,8120,80-10-017395,Black,M,27.0
8120,8121,80-12-027299,Black,M,33.0
8121,8122,80-12-080370,Black,M,25.0
8122,8123,80-16-038986,Black,M,42.0
8123,8124,80-10-096029,White,M,46.0
8124,8125,80-15-092348,Black,M,28.0
8125,8126,80-13-027368,White,M,34.0
8126,8127,80-10-033188,Black,M,61.0
8127,8128,80-12-081308,White,M,26.0
8128,8129,80-16-057317,Black,M,45.0
8129,8130,80-13-083392,White,M,37.0
8130,8131,80-10-000814,Black,M,23.0
8131,8132,80-15-028910,Black,M,44.0
8132,8133,80-15-093310,Black,M,42.0
8133,8134,80-15-093310,Black,M,42.0
8134,8135,80-11-029618,Black,F,40.0
8135,8136,80-11-029618,Black,F,40.0
8136,8137,80-11-029618,Black,F,40.0
8137,8138,80-12-052363,Black,M,20.0
8138,8139,80-12-052363,Black,M,20.0
8139,8140,80-12-052363,Black,M,20.0
8140,8141,80-10-068641,White,M,37.0
8141,8142,80-10-068641,White,M,37.0
8142,8143,80-15-069989,White,M,48.0
8143,8144,80-13-055012,White,M,38.0
8144,8145,80-15-092225,White,M,26.0
8145,8146,80-10-037250,Black,M,23.0
8146,8147,80-11-052705,Black,M,20.0
8147,8148,80-14-037195,Black,M,31.0
8148,8149,80-14-037195,Black,M,31.0
8149,8150,80-14-037195,Black,M,31.0
8150,8151,80-13-081691,Black,M,34.0
8151,8152,80-13-081691,Black,M,34.0
8152,8153,80-10-098500,White,M,52.0
8153,8154,80-10-098500,White,M,52.0
8154,8155,80-10-019230,Black,M,52.0
8155,8156,80-15-095232,Black,M,31.0
8156,8157,80-17-004544,Black,M,34.0
8157,8158,80-10-095171,Black,F,25.0
8158,8159,80-17-008852,White,M,38.0
8159,8160,80-13-045271,White,M,58.0
8160,8161,80-13-045271,White,M,58.0
8161,8162,80-13-045271,White,M,58.0
8162,8163,80-13-045271,White,M,58.0
8163,8164,80-14-045134,White,M,58.0
8164,8165,80-14-045134,White,M,59.0
8165,8166,80-14-045134,White,M,58.0
8166,8167,80-14-045134,White,M,59.0
8167,8168,80-13-045271,White,M,58.0
8168,8169,80-13-045271,White,M,58.0
8169,8170,80-13-045271,White,M,58.0
8170,8171,80-13-045271,White,M,58.0
8171,8172,80-14-045134,White,M,59.0
8172,8173,80-14-045134,White,M,59.0
8173,8174,80-15-056915,White,M,31.0
8174,8175,80-15-092348,Black,M,28.0
8175,8176,80-11-057786,Black,M,17.0
8176,8177,80-11-057786,Black,M,17.0
8177,8178,80-11-052705,Black,M,20.0
8178,8179,80-14-005059,Black,M,18.0
8179,8180,80-14-069876,White,M,49.0
8180,8181,80-15-092225,White,M,26.0
8181,8182,80-14-005059,Black,M,18.0
8182,8183,80-11-002617,White,F,54.0
8183,8184,80-14-005059,Black,M,18.0
8184,8185,80-15-092225,White,M,26.0
8185,8186,80-13-003406,Black,M,33.0
8186,8187,80-11-016157,White,F,46.0
8187,8188,80-12-076819,Black,M,19.0
8188,8189,80-14-005059,Black,M,18.0
8189,8190,80-15-092225,White,M,26.0
8190,8191,80-11-046920,Black,M,41.0
8191,8192,80-11-016157,White,F,46.0
8192,8193,80-10-081983,White,M,31.0
8193,8194,80-14-005059,Black,M,18.0
8194,8195,80-11-023785,White,M,27.0
8195,8196,80-12-091339,White,M,57.0
8196,8197,80-16-054571,Black,M,36.0
8197,8198,80-10-038192,Black,M,27.0
8198,8199,80-12-095042,Black,M,33.0
8199,8200,80-13-092650,Black,M,26.0
8200,8201,80-10-074387,Black,M,46.0
8201,8202,80-15-076353,Black,M,29.0
8202,8203,80-16-060744,Black,M,44.0
8203,8204,80-11-068607,White,M,57.0
8204,8205,80-15-079334,White,F,44.0
8205,8206,80-15-066506,White,F,32.0
8206,8207,80-15-066506,White,F,32.0
8207,8208,80-11-096033,Black,M,26.0
8208,8209,80-15-069976,White,M,35.0
8209,8210,80-15-069976,White,M,35.0
8210,8211,80-15-069976,White,M,35.0
8211,8212,80-11-068607,White,M,57.0
8212,8213,80-16-089186,Black,M,22.0
8213,8214,80-13-061320,Black,M,30.0
8214,8215,80-13-071136,White,M,51.0
8215,8216,80-11-104734,Black,M,17.0
8216,8217,80-11-025397,White,M,21.0
8217,8218,80-11-104734,Black,M,17.0
8218,8219,80-16-082891,Black,M,27.0
8219,8220,80-13-002382,White,M,19.0
8220,8221,80-11-004906,Black,M,41.0
8221,8222,80-15-000179,Black,M,37.0
8222,8223,80-14-025434,Black,M,21.0
8223,8224,80-11-106042,Black,M,37.0
8224,8225,80-11-056973,Black,M,20.0
8225,8226,80-12-089417,Black,F,18.0
8226,8227,80-10-080743,Black,M,32.0
8227,8228,80-12-096700,White,M,31.0
8228,8229,80-12-096700,White,M,31.0
8229,8230,80-13-019179,Black,M,30.0
8230,8231,80-14-009114,Black,M,32.0
8231,8232,80-10-060898,Black,M,21.0
8232,8233,80-11-010143,Black,M,52.0
8233,8234,80-12-081268,White,M,53.0
8234,8235,80-11-060211,White,M,50.0
8235,8236,80-10-032755,Black,M,30.0
8236,8237,80-15-050951,White,M,24.0
8237,8238,80-12-042643,Black,M,30.0
8238,8239,80-10-074785,White,M,23.0
8239,8240,80-10-001772,Black,M,28.0
8240,8241,80-10-037208,Black,F,35.0
8241,8242,80-10-037208,Black,F,35.0
8242,8243,80-10-037208,Black,F,35.0
8243,8244,80-14-073399,Black,M,35.0
8244,8245,80-15-082230,Black,M,50.0
8245,8246,80-11-025553,Black,F,28.0
8246,8247,80-15-021516,Black,M,28.0
8247,8248,80-15-064129,Black,M,33.0
8248,8249,80-15-064129,Black,M,33.0
8249,8250,80-11-029202,White,M,32.0
8250,8251,80-11-029202,White,M,32.0
8251,8252,80-10-048831,Black,M,27.0
8252,8253,80-12-075577,Black,M,20.0
8253,8254,80-10-074157,Black,M,18.0
8254,8255,80-10-074157,Black,M,18.0
8255,8256,80-10-074157,Black,M,18.0
8256,8257,80-11-010736,White,M,28.0
8257,8258,80-11-010736,White,M,28.0
8258,8259,80-11-054877,White,M,25.0
8259,8260,80-13-011019,White,M,59.0
8260,8261,80-13-062101,White,M,32.0
8261,8262,80-12-048617,Black,M,20.0
8262,8263,80-14-067052,White,M,57.0
8263,8264,80-14-067052,White,M,57.0
8264,8265,80-14-067052,White,M,57.0
8265,8266,80-11-000006,Black,M,25.0
8266,8267,80-10-029304,White,M,46.0
8267,8268,80-10-029304,White,M,46.0
8268,8269,80-14-066162,White,M,51.0
8269,8270,80-13-015419,Black,M,42.0
8270,8271,80-13-015419,Black,M,42.0
8271,8272,80-15-050332,Black,M,34.0
8272,8273,80-16-030442,White,M,40.0
8273,8274,80-16-030442,White,M,40.0
8274,8275,80-10-083859,Black,M,30.0
8275,8276,80-10-083859,Black,M,30.0
8276,8277,80-10-083859,Black,M,30.0
8277,8278,80-16-035638,Black,M,30.0
8278,8279,80-14-052493,White,F,28.0
8279,8280,80-12-053676,Black,M,31.0
8280,8281,80-11-000332,Black,M,20.0
8281,8282,80-11-000332,Black,M,20.0
8282,8283,80-15-029393,Black,M,60.0
8283,8284,80-15-059754,Black,M,29.0
8284,8285,80-16-076418,White,M,53.0
8285,8286,80-16-076418,White,M,53.0
8286,8287,80-16-076418,White,M,53.0
8287,8288,80-13-083333,White,M,31.0
8288,8289,80-13-035305,Black,M,33.0
8289,8290,80-13-035305,Black,M,33.0
8290,8291,80-13-035305,Black,M,33.0
8291,8292,80-13-035305,Black,M,33.0
8292,8293,80-13-035305,Black,M,33.0
8293,8294,80-13-035305,Black,M,33.0
8294,8295,80-13-001892,Black,M,18.0
8295,8296,80-12-079951,Black,M,33.0
8296,8297,80-16-019577,White,M,57.0
8297,8298,80-15-065294,Black,M,37.0
8298,8299,80-11-001921,White,M,22.0
8299,8300,80-15-084197,Black,M,30.0
8300,8301,80-16-094578,Black,M,26.0
8301,8302,80-12-066587,Black,M,75.0
8302,8303,80-10-064391,White,M,49.0
8303,8304,80-11-009159,White,F,23.0
8304,8305,80-11-009159,White,F,23.0
8305,8306,80-11-009159,White,F,23.0
8306,8307,80-15-040482,Black,F,53.0
8307,8308,80-11-050689,Black,M,21.0
8308,8309,80-11-025553,Black,F,28.0
8309,8310,80-14-029521,Black,M,23.0
8310,8311,80-10-040953,Black,M,18.0
8311,8312,80-12-041599,Black,M,53.0
8312,8313,80-14-073616,Black,M,22.0
8313,8314,80-10-009875,Black,M,19.0
8314,8315,80-14-036784,White,M,32.0
8315,8316,80-09-099274,Black,M,23.0
8316,8317,80-11-061859,Black,F,52.0
8317,8318,80-10-050959,White,M,51.0
8318,8319,80-16-027356,Black,M,37.0
8319,8320,80-13-099949,Black,F,25.0
8320,8321,80-10-049641,Black,M,22.0
8321,8322,80-10-049641,Black,M,22.0
8322,8323,80-10-049641,Black,M,22.0
8323,8324,80-10-049641,Black,M,22.0
8324,8325,80-10-088841,Null,,
8325,8326,80-11-067698,Black,M,40.0
8326,8327,80-12-059093,Black,M,35.0
8327,8328,80-12-059093,Black,M,35.0
8328,8329,80-10-050884,Null,,
8329,8330,80-14-018440,Black,M,33.0
8330,8331,80-14-035903,White,M,56.0
8331,8332,80-10-050884,Null,,
8332,8333,80-15-007272,Black,M,21.0
8333,8334,80-10-069530,Null,,
8334,8335,80-10-041173,Black,M,37.0
8335,8336,80-10-073422,Null,,
8336,8337,80-13-061786,Black,M,24.0
8337,8338,80-10-073422,Null,,
8338,8339,80-11-026173,Null,,
8339,8340,80-15-029300,Black,M,25.0
8340,8341,80-14-023852,White,F,80.0
8341,8342,80-12-019800,Black,M,18.0
8342,8343,80-12-019800,Black,M,18.0
8343,8344,80-12-019800,Black,M,18.0
8344,8345,80-13-070157,Black,M,30.0
8345,8346,80-12-036859,Black,M,28.0
8346,8347,80-12-036859,Black,M,28.0
8347,8348,80-12-036859,Black,M,28.0
8348,8349,80-10-028200,Black,F,38.0
8349,8350,80-10-094367,Black,M,24.0
8350,8351,80-10-094367,Black,M,24.0
8351,8352,80-10-094367,Black,M,24.0
8352,8353,80-15-004864,Black,M,25.0
8353,8354,80-14-013028,Black,M,30.0
8354,8355,80-14-012531,Black,F,38.0
8355,8356,80-15-001942,White,M,34.0
8356,8357,80-15-040482,Black,F,53.0
8357,8358,80-11-008042,Black,M,23.0
8358,8359,80-11-016892,White,F,31.0
8359,8360,80-11-048073,Black,F,28.0
8360,8361,80-11-048073,Black,F,28.0
8361,8362,80-15-063790,Black,M,19.0
8362,8363,80-10-098157,White,M,23.0
8363,8364,80-14-047941,Black,M,20.0
8364,8365,80-10-037208,Black,F,35.0
8365,8366,80-10-096735,Black,M,27.0
8366,8367,80-13-014213,Black,M,24.0
8367,8368,80-14-010909,White,M,40.0
8368,8369,80-14-020423,Black,M,25.0
8369,8370,80-14-020423,Black,M,25.0
8370,8371,80-13-019337,Black,M,36.0
8371,8372,80-12-084526,Black,M,18.0
8372,8373,80-16-089319,White,M,33.0
8373,8374,80-15-085157,Black,M,30.0
8374,8375,80-15-085157,Black,M,30.0
8375,8376,80-16-004013,White,M,24.0
8376,8377,80-16-004013,White,M,24.0
8377,8378,80-12-080484,Black,M,26.0
8378,8379,80-17-009112,Black,M,64.0
8379,8380,80-16-018786,White,M,28.0
8380,8381,80-16-018786,White,M,28.0
8381,8382,80-17-009112,Black,M,64.0
8382,8383,80-10-018911,Black,M,34.0
8383,8384,80-13-090665,Black,M,40.0
8384,8385,80-10-051689,Black,M,29.0
8385,8386,80-14-009417,Black,M,35.0
8386,8387,80-10-000063,Black,M,32.0
8387,8388,80-10-000063,Black,M,32.0
8388,8389,80-10-077229,Black,M,54.0
8389,8390,80-10-077229,Black,M,54.0
8390,8391,80-10-077229,Black,M,54.0
8391,8392,80-12-019445,Black,M,32.0
8392,8393,80-15-080777,White,F,35.0
8393,8394,80-13-004513,Black,M,61.0
8394,8395,80-15-070209,White,M,31.0
8395,8396,80-15-080777,White,F,35.0
8396,8397,80-10-027087,White,M,33.0
8397,8398,80-11-014520,Black,M,39.0
8398,8399,80-10-027164,Black,M,35.0
8399,8400,80-17-005161,Black,F,42.0
8400,8401,80-13-041947,Black,M,32.0
8401,8402,80-10-010455,White,M,19.0
8402,8403,80-10-017092,Black,M,35.0
8403,8404,80-11-035870,Black,M,21.0
8404,8405,80-11-035870,Black,M,21.0
8405,8406,80-15-104436,Black,M,30.0
8406,8407,80-15-053026,Black,M,26.0
8407,8408,80-14-019680,Black,M,52.0
8408,8409,80-11-069661,Black,M,15.0
8409,8410,80-11-056936,White,M,42.0
8410,8411,80-10-034061,Hispanic,M,27.0
8411,8412,80-10-034061,Hispanic,M,27.0
8412,8413,80-15-062561,Black,M,20.0
8413,8414,80-11-063970,Black,F,38.0
8414,8415,80-15-098813,White,M,24.0
8415,8416,80-11-014010,Black,F,24.0
8416,8417,80-15-014795,Black,M,31.0
8417,8418,80-13-020111,Black,M,18.0
8418,8419,80-11-027576,White,M,24.0
8419,8420,80-15-054957,Black,M,22.0
8420,8421,80-15-054957,Black,M,22.0
8421,8422,80-11-079829,Black,M,19.0
8422,8423,80-11-079829,Black,M,19.0
8423,8424,80-17-003780,White,M,25.0
8424,8425,80-12-050765,Black,M,35.0
8425,8426,80-10-086001,Black,M,29.0
8426,8427,80-10-074785,White,M,23.0
8427,8428,80-13-069438,Black,M,56.0
8428,8429,80-14-000975,Black,M,28.0
8429,8430,80-14-000975,Black,M,28.0
8430,8431,80-14-000975,Black,M,28.0
8431,8432,80-12-014605,Black,M,30.0
8432,8433,80-16-016786,Black,M,17.0
8433,8434,80-16-016786,Black,M,17.0
8434,8435,80-16-016786,Black,M,17.0
8435,8436,80-14-037628,Black,M,27.0
8436,8437,80-11-014240,White,M,22.0
8437,8438,80-11-014240,White,M,22.0
8438,8439,80-15-051719,Black,M,45.0
8439,8440,80-15-051719,Black,M,45.0
8440,8441,80-15-051719,Black,M,45.0
8441,8442,80-15-030169,Black,M,23.0
8442,8443,80-13-043208,Black,M,29.0
8443,8444,80-13-043208,Black,M,29.0
8444,8445,80-15-020995,White,M,31.0
8445,8446,80-15-020995,White,M,31.0
8446,8447,80-13-051903,Black,M,21.0
8447,8448,80-13-051903,Black,M,21.0
8448,8449,80-10-070858,White,M,31.0
8449,8450,80-10-058047,Unknown,U,
8450,8451,80-11-000740,White,M,37.0
8451,8452,80-17-003550,Black,M,25.0
8452,8453,80-11-064695,Black,M,20.0
8453,8454,80-16-079062,Black,M,29.0
8454,8455,80-12-067218,Black,M,22.0
8455,8456,80-12-042867,Black,M,12.0
8456,8457,80-11-000740,White,M,37.0
8457,8458,80-12-021580,Black,M,52.0
8458,8459,80-16-033925,Black,M,24.0
8459,8460,80-11-000740,White,M,37.0
8460,8461,80-10-073798,White,M,35.0
8461,8462,80-15-097823,Black,M,20.0
8462,8463,80-16-033925,Black,M,24.0
8463,8464,80-11-000740,White,M,37.0
8464,8465,80-10-073798,White,M,35.0
8465,8466,80-11-002616,White,M,37.0
8466,8467,80-12-054092,Black,M,36.0
8467,8468,80-13-087263,White,F,61.0
8468,8469,80-13-008142,White,M,27.0
8469,8470,80-13-003802,Black,M,22.0
8470,8471,80-13-003802,Black,M,22.0
8471,8472,80-13-003802,Black,M,22.0
8472,8473,80-11-012223,Black,M,30.0
8473,8474,80-11-012223,Black,M,30.0
8474,8475,80-11-012223,Black,M,30.0
8475,8476,80-11-012223,Black,M,30.0
8476,8477,80-11-012223,Black,M,30.0
8477,8478,80-11-012223,Black,M,30.0
8478,8479,80-11-012223,Black,M,30.0
8479,8480,80-11-012223,Black,M,30.0
8480,8481,80-11-012223,Black,M,30.0
8481,8482,80-15-062397,White,M,30.0
8482,8483,80-16-075471,Black,M,40.0
8483,8484,80-12-021580,Black,M,52.0
8484,8485,80-13-095512,Black,M,22.0
8485,8486,80-13-095512,Black,M,22.0
8486,8487,80-13-079045,Black,M,25.0
8487,8488,80-10-098845,White,M,45.0
8488,8489,80-15-003249,White,M,53.0
8489,8490,80-15-003249,White,M,53.0
8490,8491,80-13-018846,White,M,43.0
8491,8492,80-15-101677,Black,M,28.0
8492,8493,80-15-054776,White,M,57.0
8493,8494,80-15-054776,White,M,57.0
8494,8495,80-15-015021,Black,M,24.0
8495,8496,80-11-028479,White,M,29.0
8496,8497,80-11-028479,White,M,29.0
8497,8498,80-10-034258,White,M,55.0
8498,8499,80-14-041520,Black,M,26.0
8499,8500,80-16-100651,Black,M,22.0
8500,8501,80-10-077771,White,M,26.0
8501,8502,80-10-077771,White,M,26.0
8502,8503,80-11-099756,Black,M,44.0
8503,8504,80-10-028514,Black,F,39.0
8504,8505,80-10-013073,White,M,45.0
8505,8506,80-15-004624,Black,M,26.0
8506,8507,80-10-019074,Black,M,19.0
8507,8508,80-11-012448,White,M,22.0
8508,8509,80-15-004624,Black,M,26.0
8509,8510,80-15-046734,Black,M,22.0
8510,8511,80-15-073285,Black,M,42.0
8511,8512,80-10-045139,Black,F,28.0
8512,8513,80-10-045139,Black,F,28.0
8513,8514,80-10-045139,Black,F,28.0
8514,8515,80-14-046048,Black,F,45.0
8515,8516,80-10-011522,Black,M,29.0
8516,8517,80-12-090861,Black,M,29.0
8517,8518,80-10-058047,Unknown,U,
8518,8519,80-13-087263,White,F,61.0
8519,8520,80-15-078970,White,M,23.0
8520,8521,80-11-040991,Black,M,30.0
8521,8522,80-14-053955,Black,M,22.0
8522,8523,80-15-013468,White,M,58.0
8523,8524,80-13-087263,White,F,61.0
8524,8525,80-12-081096,White,M,58.0
8525,8526,80-15-056482,Black,M,13.0
8526,8527,80-15-069989,White,M,48.0
8527,8528,80-10-071276,White,M,30.0
8528,8529,80-13-087263,White,F,61.0
8529,8530,80-13-090238,Black,M,41.0
8530,8531,80-12-102517,White,M,52.0
8531,8532,80-11-003859,Black,M,19.0
8532,8533,80-10-027087,White,M,33.0
8533,8534,80-13-060119,Black,M,19.0
8534,8535,80-13-049454,Black,M,66.0
8535,8536,80-17-011395,Black,M,57.0
8536,8537,80-14-016946,White,M,52.0
8537,8538,80-12-051830,Black,M,21.0
8538,8539,80-14-016946,White,M,52.0
8539,8540,80-14-009421,Black,M,35.0
8540,8541,80-15-093771,White,M,35.0
8541,8542,80-13-059505,Black,M,40.0
8542,8543,80-13-039404,White,M,30.0
8543,8544,80-14-008827,White,M,24.0
8544,8545,80-16-039628,White,M,35.0
8545,8546,80-11-070930,White,M,40.0
8546,8547,80-10-011277,White,M,38.0
8547,8548,80-15-064066,Black,M,32.0
8548,8549,80-14-040510,White,M,33.0
8549,8550,80-11-058966,White,M,25.0
8550,8551,80-16-039628,White,M,35.0
8551,8552,80-11-070930,White,M,40.0
8552,8553,80-15-089891,Black,M,25.0
8553,8554,80-12-101139,Black,M,34.0
8554,8555,80-16-039628,White,M,35.0
8555,8556,80-11-058966,White,M,25.0
8556,8557,80-11-096068,Black,M,16.0
8557,8558,80-13-025077,Black,M,23.0
8558,8559,80-15-078740,Black,M,41.0
8559,8560,80-13-053780,Black,M,29.0
8560,8561,80-15-093771,White,M,35.0
8561,8562,80-11-058966,White,M,25.0
8562,8563,80-13-049366,Black,M,37.0
8563,8564,80-14-021799,Black,M,25.0
8564,8565,80-16-010823,White,M,23.0
8565,8566,80-14-016007,White,M,47.0
8566,8567,80-12-084909,White,M,41.0
8567,8568,80-11-064695,Black,M,20.0
8568,8569,80-12-029202,Black,M,19.0
8569,8570,80-12-038574,White,M,31.0
8570,8571,80-16-022358,Black,M,25.0
8571,8572,80-16-022358,Black,M,25.0
8572,8573,80-16-022358,Black,M,25.0
8573,8574,80-16-022358,Black,M,25.0
8574,8575,80-14-067967,White,M,34.0
8575,8576,80-12-070832,White,M,49.0
8576,8577,80-16-019577,White,M,57.0
8577,8578,80-11-012448,White,M,22.0
8578,8579,80-14-072865,White,M,65.0
8579,8580,80-17-001320,Black,M,40.0
8580,8581,80-15-014374,Black,M,18.0
8581,8582,80-14-021136,Black,M,22.0
8582,8583,80-13-026240,Black,F,32.0
8583,8584,80-15-100791,Black,M,25.0
8584,8585,80-11-018943,Black,M,23.0
8585,8586,80-15-010297,Black,M,20.0
8586,8587,80-15-010297,Black,M,20.0
8587,8588,80-15-010297,Black,M,20.0
8588,8589,80-15-010297,Black,M,20.0
8589,8590,80-15-010297,Black,M,20.0
8590,8591,80-17-005161,Black,F,42.0
8591,8592,80-17-005161,Black,F,42.0
8592,8593,80-11-031306,Black,F,46.0
8593,8594,80-11-031306,Black,F,46.0
8594,8595,80-11-031306,Black,F,46.0
8595,8596,80-10-099672,Null,,
8596,8597,80-15-067615,White,M,34.0
8597,8598,80-11-063970,Black,F,38.0
8598,8599,80-12-088445,Black,M,49.0
8599,8600,80-14-040510,White,M,33.0
8600,8601,80-11-033335,White,M,37.0
8601,8602,80-11-064666,Black,F,39.0
8602,8603,80-16-062392,White,M,58.0
8603,8604,80-11-000740,White,M,37.0
8604,8605,80-13-053780,Black,M,29.0
8605,8606,80-13-049366,Black,M,37.0
8606,8607,80-15-079334,White,F,44.0
8607,8608,80-13-003802,Black,M,22.0
8608,8609,80-10-002436,Black,M,41.0
8609,8610,80-12-000664,White,M,44.0
8610,8611,80-11-058966,White,M,25.0
8611,8612,80-14-021799,Black,M,25.0
8612,8613,80-13-093256,Black,M,23.0
8613,8614,80-16-028476,Black,M,35.0
8614,8615,80-11-008744,Black,M,33.0
8615,8616,80-10-032755,Black,M,30.0
8616,8617,80-14-052493,White,F,28.0
8617,8618,80-13-093256,Black,M,23.0
8618,8619,80-15-092243,Black,M,19.0
8619,8620,80-12-086905,Black,M,30.0
8620,8621,80-15-009216,Black,M,23.0
8621,8622,80-15-005503,Black,M,42.0
8622,8623,80-14-060691,Black,M,44.0
8623,8624,80-15-053602,Black,M,27.0
8624,8625,80-14-043084,Black,M,21.0
8625,8626,80-12-086905,Black,M,30.0
8626,8627,80-11-014004,White,M,26.0
8627,8628,80-16-006771,Black,M,21.0
8628,8629,80-13-077598,Black,M,24.0
8629,8630,80-16-015742,White,M,44.0
8630,8631,80-11-014004,White,M,26.0
8631,8632,80-11-086513,Black,M,20.0
8632,8633,80-10-098860,Black,M,21.0
8633,8634,80-13-088210,White,M,39.0
8634,8635,80-15-005503,Black,M,42.0
8635,8636,80-10-070858,White,M,31.0
8636,8637,80-16-047890,White,M,28.0
8637,8638,80-10-098860,Black,M,21.0
8638,8639,80-13-088210,White,M,39.0
8639,8640,80-13-088210,White,M,39.0
8640,8641,80-13-088210,White,M,39.0
8641,8642,80-12-030088,White,M,21.0
8642,8643,80-15-067059,White,M,19.0
8643,8644,80-11-035915,Black,M,23.0
8644,8645,80-11-035915,Black,M,28.0
8645,8646,80-16-072973,Black,M,38.0
8646,8647,80-16-048536,White,M,36.0
8647,8648,80-13-002382,White,M,19.0
8648,8649,80-10-002750,Black,M,25.0
8649,8650,80-10-010799,White,M,21.0
8650,8651,80-10-010799,White,M,21.0
8651,8652,80-14-100797,White,M,19.0
8652,8653,80-16-017041,Black,M,24.0
8653,8654,80-11-069946,Black,M,29.0
8654,8655,80-15-085960,Black,M,21.0
8655,8656,80-13-012802,White,M,32.0
8656,8657,80-10-077479,White,M,25.0
8657,8658,80-10-066951,Black,M,24.0
8658,8659,80-13-081413,White,M,22.0
8659,8660,80-13-081413,White,M,22.0
8660,8661,80-13-081413,White,M,22.0
8661,8662,80-13-081413,White,M,22.0
8662,8663,80-10-079758,White,M,33.0
8663,8664,80-10-081076,White,M,49.0
8664,8665,80-11-015243,Black,M,50.0
8665,8666,80-12-012701,White,M,41.0
8666,8667,80-11-054737,Black,M,36.0
8667,8668,80-10-035974,White,M,43.0
8668,8669,80-10-035974,White,M,43.0
8669,8670,80-13-077691,Black,M,36.0
8670,8671,80-12-016425,White,M,51.0
8671,8672,80-12-016425,White,M,51.0
8672,8673,80-15-003469,Black,M,37.0
8673,8674,80-11-021413,White,M,48.0
8674,8675,80-14-023254,White,M,28.0
8675,8676,80-11-052081,Black,F,23.0
8676,8677,80-15-029393,Black,M,60.0
8677,8678,80-10-030738,Black,M,48.0
8678,8679,80-10-007068,White,M,22.0
8679,8680,80-15-085540,Black,M,20.0
8680,8681,80-15-085540,Black,M,20.0
8681,8682,80-15-085540,Black,M,20.0
8682,8683,80-15-085540,Black,M,20.0
8683,8684,80-15-085540,Black,M,20.0
8684,8685,80-10-064391,White,M,49.0
8685,8686,80-15-030169,Black,M,23.0
8686,8687,80-15-030169,Black,M,23.0
8687,8688,80-10-047290,White,F,21.0
8688,8689,80-10-047290,White,F,21.0
8689,8690,80-10-047290,White,F,21.0
8690,8691,80-16-015709,Black,M,25.0
8691,8692,80-17-009695,Black,M,27.0
8692,8693,80-17-009695,Black,M,27.0
8693,8694,80-10-065339,Black,M,29.0
8694,8695,80-11-021413,White,M,48.0
8695,8696,80-11-021413,White,M,48.0
8696,8697,80-11-021413,White,M,48.0
8697,8698,80-16-047286,Black,M,25.0
8698,8699,80-16-047286,Black,M,25.0
8699,8700,80-13-039014,Black,M,26.0
8700,8701,80-15-017567,White,M,25.0
8701,8702,80-13-067975,White,M,31.0
8702,8703,80-16-102895,Black,M,21.0
8703,8704,80-16-062392,White,M,58.0
8704,8705,80-10-081151,Black,F,28.0
8705,8706,80-13-012680,Black,M,26.0
8706,8707,80-11-013468,White,M,44.0
8707,8708,80-15-062141,Black,M,26.0
8708,8709,80-13-067908,White,F,40.0
8709,8710,80-13-061875,Black,M,25.0
8710,8711,80-12-024658,White,M,22.0
8711,8712,80-10-068641,White,M,37.0
8712,8713,80-16-024946,Black,M,18.0
8713,8714,80-16-045569,Black,M,24.0
8714,8715,80-10-068641,White,M,37.0
8715,8716,80-16-024946,Black,M,18.0
8716,8717,80-12-000032,Black,M,32.0
8717,8718,80-15-085948,Black,M,23.0
8718,8719,80-16-081646,Black,M,25.0
8719,8720,80-11-003859,Black,M,19.0
8720,8721,80-16-081646,Black,M,25.0
8721,8722,80-13-067975,White,M,31.0
8722,8723,80-11-096358,White,M,20.0
8723,8724,80-16-015259,White,M,70.0
8724,8725,80-16-081646,Black,M,25.0
8725,8726,80-10-019604,Black,M,29.0
8726,8727,80-14-019724,Black,M,17.0
8727,8728,80-15-070559,Black,M,51.0
8728,8729,80-13-039404,White,M,30.0
8729,8730,80-15-044278,Black,M,23.0
8730,8731,80-12-050117,Black,M,18.0
8731,8732,80-15-044278,Black,M,23.0
8732,8733,80-14-046416,White,M,24.0
8733,8734,80-14-046416,White,M,24.0
8734,8735,80-11-101593,Black,M,28.0
8735,8736,80-11-063739,White,M,20.0
8736,8737,80-10-027019,White,M,53.0
8737,8738,80-17-010325,Black,M,25.0
8738,8739,80-11-029145,White,M,60.0
8739,8740,80-15-076108,Hispanic,M,38.0
8740,8741,80-10-033445,Black,M,55.0
8741,8742,80-13-094298,Black,M,18.0
8742,8743,80-13-043095,Black,M,33.0
8743,8744,80-12-059829,White,M,23.0
8744,8745,80-13-017767,Black,M,32.0
8745,8746,80-10-019520,Black,M,50.0
8746,8747,80-15-057795,White,M,56.0
8747,8748,80-12-060599,Black,M,30.0
8748,8749,80-12-028106,White,M,33.0
8749,8750,80-08-008343,Black,M,30.0
8750,8751,80-10-036296,Black,M,20.0
8751,8752,80-16-072984,White,M,42.0
8752,8753,80-14-054506,Black,M,24.0
8753,8754,80-14-075737,Black,M,24.0
8754,8755,80-13-098730,White,M,39.0
8755,8756,80-12-047038,Black,M,24.0
8756,8757,80-12-047038,Black,M,27.0
8757,8758,80-15-074292,Black,M,36.0
8758,8759,80-12-030691,Black,M,42.0
8759,8760,80-14-052900,Black,M,35.0
8760,8761,80-16-069148,White,M,37.0
8761,8762,80-12-092924,White,M,33.0
8762,8763,80-10-089073,White,M,51.0
8763,8764,80-10-059431,Black,M,19.0
8764,8765,80-11-105865,Black,M,37.0
8765,8766,80-14-086605,Black,M,26.0
8766,8767,80-10-016958,White,M,41.0
8767,8768,80-12-051848,White,M,35.0
8768,8769,80-15-072272,Black,M,26.0
8769,8770,80-15-064066,Black,M,32.0
8770,8771,80-15-089891,Black,M,25.0
8771,8772,80-10-098157,White,M,23.0
8772,8773,80-12-049295,Black,M,30.0
8773,8774,80-12-049295,Black,M,30.0
8774,8775,80-12-049295,Black,M,30.0
8775,8776,80-12-049295,Black,M,30.0
8776,8777,80-13-058575,Black,M,21.0
8777,8778,80-13-058575,Black,M,21.0
8778,8779,80-13-058575,Black,M,21.0
8779,8780,80-13-058575,Black,M,21.0
8780,8781,80-11-079334,Black,M,16.0
8781,8782,80-11-009159,White,F,23.0
8782,8783,80-11-009159,White,F,23.0
8783,8784,80-11-009159,White,F,23.0
8784,8785,80-14-089908,Black,M,26.0
8785,8786,80-14-089908,Black,M,26.0
8786,8787,80-10-062415,Black,M,20.0
8787,8788,80-10-062415,Black,M,20.0
8788,8789,80-14-021462,White,M,21.0
8789,8790,80-15-074963,Black,M,35.0
8790,8791,80-11-009278,White,M,24.0
8791,8792,80-14-006614,Black,M,25.0
8792,8793,80-15-005831,Black,M,22.0
8793,8794,80-15-005831,Black,M,22.0
8794,8795,80-15-005831,Black,M,22.0
8795,8796,80-15-005831,Black,M,22.0
8796,8797,80-11-066551,Black,M,40.0
8797,8798,80-13-082642,White,M,26.0
8798,8799,80-12-006854,Hispanic,M,55.0
8799,8800,80-10-082673,White,M,18.0
8800,8801,80-11-009278,White,M,24.0
8801,8802,80-11-020604,Black,M,
8802,8803,80-16-012049,Black,M,30.0
8803,8804,80-14-054128,Black,M,28.0
8804,8805,80-13-063045,Black,M,29.0
8805,8806,80-13-063045,Black,M,29.0
8806,8807,80-13-063045,Black,M,29.0
8807,8808,80-13-063045,Black,M,29.0
8808,8809,80-12-030554,White,M,22.0
8809,8810,80-14-086135,White,M,25.0
8810,8811,80-16-062573,Black,M,25.0
8811,8812,80-16-062573,Black,M,25.0
8812,8813,80-16-062573,Black,M,25.0
8813,8814,80-15-102419,Black,M,24.0
8814,8815,80-17-014921,Black,M,24.0
8815,8816,80-13-030619,Black,M,19.0
8816,8817,80-16-088467,Black,M,41.0
8817,8818,80-16-088467,Black,M,41.0
8818,8819,80-10-097841,White,M,40.0
8819,8820,80-10-097841,White,M,40.0
8820,8821,80-11-014004,White,M,26.0
8821,8822,80-11-014004,White,M,26.0
8822,8823,80-14-045376,Black,M,23.0
8823,8824,80-11-009278,White,M,24.0
8824,8825,80-13-085472,White,M,52.0
8825,8826,80-16-106855,Black,M,26.0
8826,8827,80-12-006854,Hispanic,M,55.0
8827,8828,80-15-095468,Black,M,24.0
8828,8829,80-15-015451,Black,M,18.0
8829,8830,80-11-059318,Black,M,18.0
8830,8831,80-15-013468,White,M,58.0
8831,8832,80-11-031716,Black,M,21.0
8832,8833,80-11-031716,Black,M,21.0
8833,8834,80-11-031716,Black,M,21.0
8834,8835,80-11-031716,Black,M,21.0
8835,8836,80-13-041099,Hispanic,M,24.0
8836,8837,80-16-053391,Black,M,18.0
8837,8838,80-11-105746,White,M,47.0
8838,8839,80-16-108085,White,M,27.0
8839,8840,80-11-072246,Black,M,26.0
8840,8841,80-11-043207,Black,M,47.0
8841,8842,80-13-006338,White,M,38.0
8842,8843,80-16-002657,Black,M,33.0
8843,8844,80-14-070438,White,M,30.0
8844,8845,80-15-065953,Black,M,43.0
8845,8846,80-10-003897,Hispanic,M,38.0
8846,8847,80-15-014542,White,M,35.0
8847,8848,80-16-010056,Black,F,25.0
8848,8849,80-14-074624,Black,M,19.0
8849,8850,80-14-082491,White,M,27.0
8850,8851,80-12-056133,White,M,27.0
8851,8852,80-12-016425,White,M,51.0
8852,8853,80-10-057633,Black,M,32.0
8853,8854,80-15-094015,Black,M,16.0
8854,8855,80-10-094147,White,M,29.0
8855,8856,80-10-095293,Black,M,25.0
8856,8857,80-10-095293,Black,M,25.0
8857,8858,80-10-035773,White,M,27.0
8858,8859,80-10-035773,White,M,27.0
8859,8860,80-10-033014,Black,M,34.0
8860,8861,80-12-084556,Black,M,27.0
8861,8862,80-13-020906,American Indian,M,47.0
8862,8863,80-11-054754,White,F,28.0
8863,8864,80-13-026118,Black,M,16.0
8864,8865,80-13-004233,Black,M,28.0
8865,8866,80-13-004233,Black,M,28.0
8866,8867,80-16-101135,Black,M,23.0
8867,8868,80-16-101135,Black,M,23.0
8868,8869,80-16-101135,Black,M,23.0
8869,8870,80-16-101135,Black,M,23.0
8870,8871,80-15-011849,Black,M,19.0
8871,8872,80-15-011849,Black,M,19.0
8872,8873,80-14-096036,White,F,24.0
8873,8874,80-16-006610,Black,M,22.0
8874,8875,80-12-044709,White,M,53.0
8875,8876,80-15-067189,Black,F,37.0
8876,8877,80-15-067189,Black,F,37.0
8877,8878,80-11-050553,Black,M,45.0
8878,8879,80-11-050553,Black,M,45.0
8879,8880,80-17-011652,Black,M,18.0
8880,8881,80-14-012251,Black,M,18.0
8881,8882,80-14-017328,White,M,46.0
8882,8883,80-14-078254,Black,M,19.0
8883,8884,80-10-095191,White,M,21.0
8884,8885,80-10-065579,Hispanic,M,40.0
8885,8886,80-10-065579,Hispanic,M,40.0
8886,8887,80-10-065579,Hispanic,M,40.0
8887,8888,80-10-065579,Hispanic,M,40.0
8888,8889,80-16-077944,Hispanic,M,18.0
8889,8890,80-12-071357,White,F,28.0
8890,8891,80-12-071357,White,F,28.0
8891,8892,80-12-071357,White,F,30.0
8892,8893,80-10-053789,White,M,17.0
8893,8894,80-12-060824,Black,M,33.0
8894,8895,80-11-005051,Black,M,41.0
8895,8896,80-11-005506,White,M,45.0
8896,8897,80-16-005613,Black,M,20.0
8897,8898,80-11-058327,White,M,
8898,8899,80-16-053031,White,M,23.0
8899,8900,80-11-038939,White,M,33.0
8900,8901,80-16-034626,White,M,19.0
8901,8902,80-14-029088,Black,M,18.0
8902,8903,80-15-075920,Black,M,19.0
8903,8904,80-15-075920,Black,M,19.0
8904,8905,80-15-075920,Black,M,19.0
8905,8906,80-15-052417,Black,M,21.0
8906,8907,80-12-017755,Black,M,18.0
8907,8908,80-15-094015,Black,M,16.0
8908,8909,80-10-033498,Black,M,29.0
8909,8910,80-10-065841,White,M,18.0
8910,8911,80-12-038619,White,M,42.0
8911,8912,80-13-005746,White,M,17.0
8912,8913,80-17-004392,Black,M,29.0
8913,8914,80-13-082642,White,M,26.0
8914,8915,80-15-060064,Black,M,25.0
8915,8916,80-14-036549,Black,M,23.0
8916,8917,80-12-056858,White,M,21.0
8917,8918,80-12-069145,White,F,16.0
8918,8919,80-12-052658,White,M,19.0
8919,8920,80-13-010324,White,M,20.0
8920,8921,80-14-040232,Black,M,26.0
8921,8922,80-14-040232,Black,M,26.0
8922,8923,80-14-040232,Black,M,26.0
8923,8924,80-10-025084,Unknown,U,
8924,8925,80-13-012977,Black,M,31.0
8925,8926,80-12-033681,Black,M,28.0
8926,8927,80-10-028073,Black,M,18.0
8927,8928,80-11-072246,Black,M,26.0
8928,8929,80-11-072246,Black,M,26.0
8929,8930,80-11-084927,White,M,27.0
8930,8931,80-15-099661,White,M,
8931,8932,80-10-102113,Black,M,22.0
8932,8933,80-15-103148,Black,M,50.0
8933,8934,80-15-029767,Black,M,21.0
8934,8935,80-15-045940,Black,M,30.0
8935,8936,80-15-045307,Black,M,18.0
8936,8937,80-15-045307,Black,M,18.0
8937,8938,80-11-043784,White,M,53.0
8938,8939,80-11-043784,White,M,53.0
8939,8940,80-14-072329,Black,M,16.0
8940,8941,80-16-044648,Black,M,27.0
8941,8942,80-15-057247,White,M,25.0
8942,8943,80-15-057247,White,M,25.0
8943,8944,80-10-028073,Black,M,18.0
8944,8945,80-10-033445,Black,M,55.0
8945,8946,80-12-080492,Black,M,25.0
8946,8947,80-12-037895,Black,M,22.0
8947,8948,80-15-081667,Black,M,41.0
8948,8949,80-15-000036,White,M,34.0
8949,8950,80-12-066955,White,M,34.0
8950,8951,80-12-066955,White,M,34.0
8951,8952,80-10-042048,White,M,52.0
8952,8953,80-15-064415,White,M,41.0
8953,8954,80-17-012039,White,F,23.0
8954,8955,80-16-034626,White,M,19.0
8955,8956,80-11-003427,White,M,48.0
8956,8957,80-14-091918,Black,M,17.0
8957,8958,80-13-085468,Black,M,19.0
8958,8959,80-14-040036,White,F,22.0
8959,8960,80-14-040036,White,F,22.0
8960,8961,80-14-001648,Black,M,19.0
8961,8962,80-16-097340,Black,F,17.0
8962,8963,80-11-058327,White,M,
8963,8964,80-10-065841,White,M,18.0
8964,8965,80-12-070739,Black,M,32.0
8965,8966,80-15-101101,Black,M,21.0
8966,8967,80-15-092098,Black,M,21.0
8967,8968,80-15-092098,Black,M,21.0
8968,8969,80-15-040450,Black,M,18.0
8969,8970,80-15-040450,Black,M,18.0
8970,8971,80-15-040450,Black,M,18.0
8971,8972,80-15-040450,Black,M,18.0
8972,8973,80-17-007159,White,M,56.0
8973,8974,80-17-007159,White,M,56.0
8974,8975,80-15-072079,Black,M,37.0
8975,8976,80-11-059333,Black,M,54.0
8976,8977,80-10-032573,White,M,19.0
8977,8978,80-10-033503,White,F,24.0
8978,8979,80-10-102113,Black,M,22.0
8979,8980,80-11-069661,Black,M,15.0
8980,8981,80-10-065579,Hispanic,M,40.0
8981,8982,80-10-065579,Hispanic,M,40.0
8982,8983,80-10-065579,Hispanic,M,40.0
8983,8984,80-10-065579,Hispanic,M,40.0
8984,8985,80-11-001187,Black,M,21.0
8985,8986,80-11-001187,Black,M,21.0
8986,8987,80-10-037494,Unknown,U,
8987,8988,80-13-056056,Black,M,34.0
8988,8989,80-10-037942,Black,M,
8989,8990,80-16-081907,White,M,26.0
8990,8991,80-11-049707,Hispanic,M,19.0
8991,8992,80-11-104850,White,M,16.0
8992,8993,80-16-017012,Black,M,25.0
8993,8994,80-15-072079,Black,M,37.0
8994,8995,80-11-103268,White,M,20.0
8995,8996,80-14-090973,Black,M,18.0
8996,8997,80-10-072649,White,M,36.0
8997,8998,80-15-072079,Black,M,37.0
8998,8999,80-15-072079,Black,M,37.0
8999,9000,80-16-078977,Black,M,23.0
9000,9001,80-15-037468,Black,M,62.0
9001,9002,80-10-094253,White,M,24.0
9002,9003,80-13-038226,Black,M,21.0
9003,9004,80-13-002158,Black,M,20.0
9004,9005,80-14-034196,Black,M,26.0
9005,9006,80-16-045659,White,M,35.0
9006,9007,80-10-093503,Black,M,27.0
9007,9008,80-10-089472,White,M,18.0
9008,9009,80-10-089472,White,M,18.0
9009,9010,80-15-056160,Black,M,20.0
9010,9011,80-13-093741,Black,M,48.0
9011,9012,80-14-067589,White,M,57.0
9012,9013,80-13-081687,Black,M,21.0
9013,9014,80-11-037314,Black,M,33.0
9014,9015,80-11-012256,Black,F,28.0
9015,9016,80-16-091613,Black,M,19.0
9016,9017,80-16-091613,Black,M,19.0
9017,9018,80-11-014701,Black,M,42.0
9018,9019,80-11-076872,Black,M,19.0
9019,9020,80-15-103038,White,M,23.0
9020,9021,80-15-103038,White,M,23.0
9021,9022,80-10-062285,Black,M,25.0
9022,9023,80-10-068605,White,M,43.0
9023,9024,80-14-056109,White,M,18.0
9024,9025,80-12-081891,White,F,
9025,9026,80-13-026118,Black,M,16.0
9026,9027,80-15-082723,Black,M,27.0
9027,9028,80-15-082723,Black,M,27.0
9028,9029,80-15-045307,Black,M,16.0
9029,9030,80-16-059331,White,M,30.0
9030,9031,80-12-036440,Black,M,20.0
9031,9032,80-15-103038,White,M,23.0
9032,9033,80-10-101869,Black,M,34.0
9033,9034,80-10-093315,Black,M,30.0
9034,9035,80-11-090863,Black,M,20.0
9035,9036,80-15-087478,Black,M,29.0
9036,9037,80-17-012039,White,F,23.0
9037,9038,80-14-012247,Black,M,17.0
9038,9039,80-10-045877,Black,F,36.0
9039,9040,80-11-029936,White,M,
9040,9041,80-11-029936,White,M,
9041,9042,80-15-085852,White,M,39.0
9042,9043,80-10-055235,Black,M,51.0
9043,9044,80-12-079344,Black,M,43.0
9044,9045,80-16-076559,White,F,23.0
9045,9046,80-16-076559,White,F,24.0
9046,9047,80-16-076559,White,F,24.0
9047,9048,80-15-090810,Black,M,25.0
9048,9049,80-10-027192,Black,M,28.0
9049,9050,80-11-043883,Black,F,18.0
9050,9051,80-11-043883,Black,F,18.0
9051,9052,80-16-028974,Black,M,22.0
9052,9053,80-12-081694,White,M,18.0
9053,9054,80-10-000185,White,M,27.0
9054,9055,80-10-000185,White,M,27.0
9055,9056,80-12-081992,White,M,43.0
9056,9057,80-11-073104,Black,M,18.0
9057,9058,80-17-011777,White,M,57.0
9058,9059,80-10-073498,White,M,21.0
9059,9060,80-12-035590,White,M,21.0
9060,9061,80-16-097340,Black,F,17.0
9061,9062,80-14-090973,Black,M,18.0
9062,9063,80-14-090973,Black,M,18.0
9063,9064,80-11-003387,Black,M,36.0
9064,9065,80-14-065100,Black,M,18.0
9065,9066,80-15-090540,White,M,41.0
9066,9067,80-11-006491,Black,M,18.0
9067,9068,80-15-059405,Black,M,30.0
9068,9069,80-14-007957,Black,M,17.0
9069,9070,80-13-097458,Black,M,21.0
9070,9071,80-12-027862,Black,M,17.0
9071,9072,80-16-110073,White,M,39.0
9072,9073,80-12-066970,Black,M,36.0
9073,9074,80-10-012336,White,M,44.0
9074,9075,80-10-055235,Black,M,51.0
9075,9076,80-10-055235,Black,M,51.0
9076,9077,80-10-055235,Black,M,51.0
9077,9078,80-10-055235,Black,M,51.0
9078,9079,80-10-058047,Unknown,U,
9079,9080,80-10-058047,Unknown,U,
9080,9081,80-10-076792,Black,M,20.0
9081,9082,80-12-005253,White,M,23.0
9082,9083,80-12-005253,White,M,23.0
9083,9084,80-10-062703,Black,M,17.0
9084,9085,80-16-085196,White,M,20.0
9085,9086,80-16-011754,White,M,39.0
9086,9087,80-11-037314,Black,M,33.0
9087,9088,80-10-043129,Black,M,28.0
9088,9089,80-10-043129,Black,M,28.0
9089,9090,80-10-043129,Black,M,28.0
9090,9091,80-16-031029,Black,M,21.0
9091,9092,80-16-027097,Black,M,20.0
9092,9093,80-15-067064,White,F,50.0
9093,9094,80-11-080823,White,M,18.0
9094,9095,80-11-082845,White,M,33.0
9095,9096,80-11-082845,White,M,33.0
9096,9097,80-11-082845,White,M,33.0
9097,9098,80-16-108681,Black,M,28.0
9098,9099,80-13-060854,Black,M,19.0
9099,9100,80-15-066323,Black,M,24.0
9100,9101,80-15-066323,Black,M,24.0
9101,9102,80-10-077245,Black,M,20.0
9102,9103,80-10-039284,Black,M,27.0
9103,9104,80-10-039284,Black,M,27.0
9104,9105,80-11-102498,Black,M,19.0
9105,9106,80-11-102498,Black,M,19.0
9106,9107,80-16-035253,White,M,24.0
9107,9108,80-14-039398,White,M,22.0
9108,9109,80-11-043207,Black,M,45.0
9109,9110,80-15-104111,Black,M,20.0
9110,9111,80-13-059865,Hispanic,M,26.0
9111,9112,80-10-073498,White,M,21.0
9112,9113,80-14-023607,Black,M,22.0
9113,9114,80-13-099137,Black,M,36.0
9114,9115,80-13-081413,White,M,22.0
9115,9116,80-13-081413,White,M,22.0
9116,9117,80-10-053268,Black,M,18.0
9117,9118,80-11-091354,White,M,55.0
9118,9119,80-11-020604,Black,M,
9119,9120,80-11-023925,Black,M,43.0
9120,9121,80-11-018778,White,M,35.0
9121,9122,80-13-055788,Black,M,20.0
9122,9123,80-15-021486,Black,M,24.0
9123,9124,80-10-033739,Black,M,17.0
9124,9125,80-10-006776,Hispanic,M,55.0
9125,9126,80-10-007880,Hispanic,M,
9126,9127,80-15-057273,Black,M,31.0
9127,9128,80-14-003246,White,M,50.0
9128,9129,80-14-003246,White,M,50.0
9129,9130,80-10-097211,White,M,22.0
9130,9131,80-13-013513,White,M,28.0
9131,9132,80-12-007223,Black,M,29.0
9132,9133,80-12-007223,Black,M,29.0
9133,9134,80-10-009655,Black,M,28.0
9134,9135,80-10-091417,Black,M,31.0
9135,9136,80-10-091432,Black,M,31.0
9136,9137,80-10-081133,White,M,48.0
9137,9138,80-13-018361,White,M,32.0
9138,9139,80-13-018361,White,M,32.0
9139,9140,80-14-077674,White,M,21.0
9140,9141,80-12-008669,White,M,47.0
9141,9142,80-12-008669,White,M,47.0
9142,9143,80-11-022918,White,M,21.0
9143,9144,80-14-036601,Black,M,22.0
9144,9145,80-16-001242,Black,M,21.0
9145,9146,80-16-001242,Black,M,21.0
9146,9147,80-14-003527,Black,M,45.0
9147,9148,80-14-003527,Black,M,45.0
9148,9149,80-15-098129,Black,M,21.0
9149,9150,80-15-098129,Black,M,21.0
9150,9151,80-16-063276,Black,M,22.0
9151,9152,80-16-070031,Black,M,17.0
9152,9153,80-16-070031,Black,M,17.0
9153,9154,80-10-015747,Black,M,18.0
9154,9155,80-10-093336,Black,M,
9155,9156,80-13-003802,Black,M,22.0
9156,9157,80-13-003802,Black,M,22.0
9157,9158,80-13-003802,Black,M,22.0
9158,9159,80-13-003802,Black,M,22.0
9159,9160,80-15-096923,Black,M,22.0
9160,9161,80-10-035974,White,M,43.0
9161,9162,80-10-035974,White,M,43.0
9162,9163,80-14-056336,White,M,22.0
9163,9164,80-12-007223,Black,M,29.0
9164,9165,80-12-028800,Black,M,25.0
9165,9166,80-10-077771,White,M,26.0
9166,9167,80-16-027479,White,M,29.0
9167,9168,80-10-027019,White,M,53.0
9168,9169,80-15-017541,Black,M,15.0
9169,9170,80-15-017541,Black,M,15.0
9170,9171,80-10-057395,Black,M,20.0
9171,9172,80-10-057395,Black,M,20.0
9172,9173,80-10-057395,Black,M,20.0
9173,9174,80-11-086972,White,M,23.0
9174,9175,80-10-101349,White,M,18.0
9175,9176,80-10-101349,White,M,18.0
9176,9177,80-10-101607,White,M,36.0
9177,9178,80-14-019680,Black,M,52.0
9178,9179,80-14-006264,Black,M,33.0
9179,9180,80-10-091150,Black,M,26.0
9180,9181,80-10-091150,Black,M,26.0
9181,9182,80-15-093734,Black,M,40.0
9182,9183,80-15-093734,Black,M,40.0
9183,9184,80-15-093734,Black,M,40.0
9184,9185,80-10-094382,White,M,30.0
9185,9186,80-10-094382,White,M,30.0
9186,9187,80-10-028727,Black,M,37.0
9187,9188,80-16-106571,White,M,25.0
9188,9189,80-16-106571,White,M,25.0
9189,9190,80-16-106571,White,M,25.0
9190,9191,80-16-106571,White,M,25.0
9191,9192,80-16-106571,White,M,25.0
9192,9193,80-16-106571,White,M,25.0
9193,9194,80-16-106571,White,M,25.0
9194,9195,80-16-106571,White,M,25.0
9195,9196,80-16-106571,White,M,25.0
9196,9197,80-16-106571,White,M,25.0
9197,9198,80-16-106571,White,M,25.0
9198,9199,80-16-106571,White,M,25.0
9199,9200,80-12-087084,Black,M,25.0
9200,9201,80-10-022179,White,M,14.0
9201,9202,80-12-059100,White,F,21.0
9202,9203,80-15-091521,White,F,27.0
9203,9204,80-16-063276,Black,M,22.0
9204,9205,80-11-021335,Black,M,19.0
9205,9206,80-12-042974,Black,M,16.0
9206,9207,80-12-035864,Black,M,57.0
9207,9208,80-12-035864,Black,M,57.0
9208,9209,80-16-065950,White,M,38.0
9209,9210,80-16-065950,White,M,38.0
9210,9211,80-16-065950,White,M,38.0
9211,9212,80-16-065950,White,M,38.0
9212,9213,80-15-077180,Black,M,34.0
9213,9214,80-15-015463,Black,M,32.0
9214,9215,80-14-045819,White,M,43.0
9215,9216,80-15-077142,White,M,25.0
9216,9217,80-14-024706,Black,M,35.0
9217,9218,80-11-038891,Black,M,18.0
9218,9219,80-13-080475,White,F,30.0
9219,9220,80-12-094436,Black,M,15.0
9220,9221,80-13-097187,White,M,30.0
9221,9222,80-14-031430,Black,M,18.0
9222,9223,80-14-031430,Black,M,18.0
9223,9224,80-16-045246,Black,M,23.0
9224,9225,80-14-028118,Black,M,87.0
9225,9226,80-16-052942,White,M,35.0
9226,9227,80-15-080511,Black,M,34.0
9227,9228,80-11-036949,Black,M,
9228,9229,80-16-046711,White,M,29.0
9229,9230,80-13-061189,White,M,31.0
9230,9231,80-14-072992,Black,M,33.0
9231,9232,80-14-072992,Black,M,33.0
9232,9233,80-10-081936,Black,M,16.0
9233,9234,80-14-055897,Black,M,20.0
9234,9235,80-12-064884,White,F,59.0
9235,9236,80-12-064884,White,F,59.0
9236,9237,80-12-064884,White,F,59.0
9237,9238,80-12-064884,White,F,59.0
9238,9239,80-14-052612,Black,M,20.0
9239,9240,80-14-052612,Black,M,20.0
9240,9241,80-14-052612,Black,M,20.0
9241,9242,80-14-052612,Black,M,20.0
9242,9243,80-14-052612,Black,M,20.0
9243,9244,80-14-052612,Black,M,20.0
9244,9245,80-12-066280,White,M,41.0
9245,9246,80-12-096734,White,F,34.0
9246,9247,80-14-044897,Unknown,U,63.0
9247,9248,80-15-040551,Black,M,24.0
9248,9249,80-15-040551,Black,M,24.0
9249,9250,80-10-003188,Black,M,19.0
9250,9251,80-15-040551,Black,M,24.0
9251,9252,80-15-008347,Black,M,16.0
9252,9253,80-15-040551,Black,M,24.0
9253,9254,80-11-025554,Black,M,29.0
9254,9255,80-11-025637,Black,M,55.0
9255,9256,80-14-055261,Black,M,30.0
9256,9257,80-14-055261,Black,M,30.0
9257,9258,80-14-055261,Black,M,30.0
9258,9259,80-17-007537,Black,M,19.0
9259,9260,80-15-105259,Black,M,13.0
9260,9261,80-15-063706,Black,M,23.0
9261,9262,80-15-083592,White,F,51.0
9262,9263,80-15-083592,White,F,51.0
9263,9264,80-15-083592,White,F,51.0
9264,9265,80-12-066280,White,M,41.0
9265,9266,80-12-073083,White,M,63.0
9266,9267,80-17-007159,White,M,56.0
9267,9268,80-17-007159,White,M,56.0
9268,9269,80-17-007159,White,M,56.0
9269,9270,80-16-022418,White,M,15.0
9270,9271,80-16-022418,White,M,15.0
9271,9272,80-16-027463,Black,M,23.0
9272,9273,80-14-059134,Black,M,19.0
9273,9274,80-14-047055,White,F,20.0
9274,9275,80-14-047055,White,F,20.0
9275,9276,80-14-047055,White,F,20.0
9276,9277,80-12-086767,Middle Eastern,M,19.0
9277,9278,80-12-059203,Black,M,14.0
9278,9279,80-13-088192,White,M,21.0
9279,9280,80-12-097427,Black,M,45.0
9280,9281,80-10-065921,White,M,29.0
9281,9282,80-16-085052,White,M,19.0
9282,9283,80-14-047691,Black,M,56.0
9283,9284,80-13-000972,Hispanic,M,21.0
9284,9285,80-13-000972,Hispanic,M,21.0
9285,9286,80-16-093896,White,M,50.0
9286,9287,80-16-093896,White,M,50.0
9287,9288,80-13-057060,Black,M,18.0
9288,9289,80-13-057060,Black,M,18.0
9289,9290,80-13-057060,Black,M,18.0
9290,9291,80-13-011106,Black,M,17.0
9291,9292,80-15-104428,Black,M,16.0
9292,9293,80-12-026768,Black,M,30.0
9293,9294,80-13-018034,Black,M,
9294,9295,80-13-018034,Black,M,
9295,9296,80-16-002893,Black,M,22.0
9296,9297,80-16-047031,Black,M,21.0
9297,9298,80-14-084727,Black,M,21.0
9298,9299,80-13-052759,White,M,18.0
9299,9300,80-14-099930,White,M,
9300,9301,80-15-005810,Black,M,52.0
9301,9302,80-16-080298,White,F,25.0
9302,9303,80-15-015448,White,M,
9303,9304,80-16-002945,White,M,53.0
9304,9305,80-16-021757,Black,M,30.0
9305,9306,80-13-089547,Black,F,36.0
9306,9307,80-13-089547,Black,F,36.0
9307,9308,80-13-089547,Black,F,36.0
9308,9309,80-17-007104,White,F,19.0
9309,9310,80-16-014070,Black,M,39.0
9310,9311,80-16-054802,White,M,21.0
9311,9312,80-16-054802,White,M,21.0
9312,9313,80-16-025233,White,M,18.0
9313,9314,80-13-016049,White,F,38.0
9314,9315,80-16-006396,Black,M,14.0
9315,9316,80-16-035998,Black,M,56.0
9316,9317,80-15-053552,Black,M,21.0
9317,9318,80-15-053698,Black,M,15.0
9318,9319,80-16-079281,White,M,20.0
9319,9320,80-16-079281,White,M,20.0
9320,9321,80-10-073846,Black,M,23.0
9321,9322,80-16-010807,Black,F,30.0
9322,9323,80-15-018920,Black,M,23.0
9323,9324,80-15-020973,Black,M,18.0
9324,9325,80-14-017056,Black,M,21.0
9325,9326,80-16-026418,Black,F,19.0
9326,9327,80-16-092951,White,M,48.0
9327,9328,80-16-092951,White,M,48.0
9328,9329,80-16-089881,White,M,65.0
9329,9330,80-16-089881,White,M,65.0
9330,9331,80-16-089881,White,M,65.0
9331,9332,80-16-089881,White,M,65.0
9332,9333,80-16-089881,White,M,65.0
9333,9334,80-16-089881,White,M,65.0
9334,9335,80-14-052572,Black,M,38.0
9335,9336,80-14-052572,Black,M,38.0
9336,9337,80-14-052572,Black,M,38.0
9337,9338,80-15-034191,White,M,34.0
9338,9339,80-15-076032,White,M,70.0
9339,9340,80-15-076032,White,M,70.0
9340,9341,80-15-076032,White,M,70.0
9341,9342,80-15-076032,White,M,70.0
9342,9343,80-15-076032,White,M,70.0
9343,9344,80-15-076032,White,M,70.0
9344,9345,80-16-012301,Black,M,26.0
9345,9346,80-17-005084,Black,M,19.0
9346,9347,80-13-045095,Black,M,30.0
9347,9348,80-17-001685,White,F,42.0
9348,9349,80-15-105028,Black,M,28.0
9349,9350,80-15-105028,Black,M,28.0
9350,9351,80-11-031979,White,M,19.0
9351,9352,80-11-048304,Black,M,
9352,9353,80-15-003510,White,M,55.0
9353,9354,80-10-085420,Hispanic,M,27.0
9354,9355,80-15-008347,Black,M,16.0
9355,9356,80-10-085420,Hispanic,M,27.0
9356,9357,80-10-085420,Hispanic,M,27.0
9357,9358,80-15-055326,White,M,17.0
9358,9359,80-16-002945,White,M,53.0
9359,9360,80-15-034191,White,M,34.0
9360,9361,80-17-008478,Black,M,18.0
9361,9362,80-15-025178,White,F,55.0
9362,9363,80-14-100647,White,M,33.0
9363,9364,80-16-001539,Black,M,13.0
9364,9365,80-15-028402,Black,M,21.0
9365,9366,80-14-065093,White,M,45.0
9366,9367,80-15-037750,White,M,46.0
9367,9368,80-15-048929,White,F,45.0
9368,9369,80-16-085290,Null,U,
9369,9370,80-10-020027,White,M,22.0
9370,9371,80-14-080035,Black,M,15.0
9371,9372,80-14-080035,Black,M,15.0
9372,9373,80-17-002061,White,M,22.0
9373,9374,80-17-002061,White,M,22.0
9374,9375,80-14-032353,White,M,17.0
9375,9376,80-12-018361,Hispanic,M,55.0
9376,9377,80-12-018361,Hispanic,M,55.0
9377,9378,80-12-018361,Hispanic,M,55.0
9378,9379,80-15-063110,Black,M,29.0
9379,9380,80-15-084530,Black,M,21.0
9380,9381,80-16-037159,Black,M,
9381,9382,80-13-073409,White,M,18.0
9382,9383,80-16-051157,Hispanic,M,19.0
9383,9384,80-16-050201,White,M,21.0
9384,9385,80-16-050201,White,M,21.0
9385,9386,80-16-050201,White,M,21.0
9386,9387,80-13-078765,White,M,51.0
9387,9388,80-16-059290,Black,M,15.0
9388,9389,80-12-029186,Black,F,21.0
9389,9390,80-14-021827,White,M,25.0
9390,9391,80-14-025870,Black,M,
9391,9392,80-14-040846,Black,M,20.0
9392,9393,80-17-008918,Black,M,43.0
9393,9394,80-17-008918,Black,M,43.0
9394,9395,80-17-008352,White,M,
9395,9396,80-11-004841,Null,,
9396,9397,80-11-004841,Null,,
9397,9398,80-11-004841,Null,,
9398,9399,80-11-022828,Null,,
9399,9400,80-11-022828,Null,,
9400,9401,80-11-022828,Null,,
9401,9402,80-11-057146,Null,,
9402,9403,80-11-057146,Null,,
9403,9404,80-11-057146,Null,,
9404,9405,80-16-079850,White,F,39.0
9405,9406,80-15-008861,White,F,34.0
9406,9407,80-12-096734,White,F,34.0
9407,9408,80-13-000972,Hispanic,M,21.0
9408,9409,80-13-000972,Hispanic,M,21.0
9409,9410,80-16-090504,Black,M,19.0
9410,9411,80-14-097863,Black,M,18.0
9411,9412,80-14-094647,White,M,20.0
9412,9413,80-14-094647,White,M,20.0
9413,9414,80-16-094224,Black,M,14.0
9414,9415,80-10-043079,American Indian,M,25.0
9415,9416,80-15-082436,Black,M,22.0
9416,9417,80-15-082436,Black,M,22.0
9417,9418,80-11-068493,White,M,43.0
9418,9419,80-15-009877,Black,M,21.0
9419,9420,80-16-012943,White,M,22.0
9420,9421,80-11-058327,White,M,
9421,9422,80-11-058327,White,M,
9422,9423,80-12-093486,Black,M,23.0
9423,9424,80-12-093486,Black,M,23.0
9424,9425,80-12-093486,Black,M,23.0
9425,9426,80-11-060761,White,M,60.0
9426,9427,80-11-063447,Black,M,32.0
9427,9428,80-10-075759,White,M,56.0
9428,9429,80-15-011938,Black,M,24.0
9429,9430,80-15-011938,Black,M,24.0
9430,9431,80-11-071335,White,M,37.0
9431,9432,80-10-017325,White,M,23.0
9432,9433,80-10-017325,White,M,23.0
9433,9434,80-16-041146,Black,F,23.0
9434,9435,80-15-067064,White,F,50.0
9435,9436,80-10-083927,Black,M,39.0
9436,9437,80-11-080789,Black,M,20.0
9437,9438,80-11-080789,Black,M,20.0
9438,9439,80-11-080789,Black,M,20.0
9439,9440,80-11-084637,Unknown,U,
9440,9441,80-13-096210,White,M,19.0
9441,9442,80-15-095572,Black,M,19.0
9442,9443,80-11-069551,Black,M,
9443,9444,80-16-009006,Black,M,25.0
9444,9445,80-16-002893,Black,M,22.0
9445,9446,80-16-105872,Black,M,20.0
9446,9447,80-11-078242,White,M,27.0
9447,9448,80-12-049355,White,M,67.0
9448,9449,80-15-015477,White,M,37.0
9449,9450,80-13-030405,Black,M,18.0
9450,9451,80-13-052759,White,M,18.0
9451,9452,80-13-094160,Black,M,40.0
9452,9453,80-13-094160,Black,M,40.0
9453,9454,80-15-046242,Black,M,20.0
9454,9455,80-11-028617,Black,M,37.0
9455,9456,80-13-044533,Black,M,20.0
9456,9457,80-14-036279,Black,M,32.0
9457,9458,80-13-051041,White,M,67.0
9458,9459,80-12-028932,Black,M,28.0
9459,9460,80-12-028932,Black,M,30.0
9460,9461,80-11-021323,Black,M,26.0
9461,9462,80-11-021323,Black,M,26.0
9462,9463,80-10-083927,Black,M,39.0
9463,9464,80-14-008493,Black,M,19.0
9464,9465,80-14-008493,Black,M,19.0
9465,9466,80-14-008493,Black,M,19.0
9466,9467,80-15-064065,Black,M,20.0
9467,9468,80-17-006187,Asian,M,21.0
9468,9469,80-15-066596,Black,M,21.0
9469,9470,80-15-008975,White,M,28.0
9470,9471,80-12-030347,Black,M,19.0
9471,9472,80-12-030347,Black,M,19.0
9472,9473,80-17-004002,White,M,31.0
9473,9474,80-13-067435,White,M,36.0
9474,9475,80-10-093336,Black,M,
9475,9476,80-12-003161,White,M,49.0
9476,9477,80-12-090816,Black,M,16.0
9477,9478,80-12-090816,Black,M,16.0
9478,9479,80-12-090816,Black,M,16.0
9479,9480,80-14-014425,White,M,18.0
9480,9481,80-10-035773,White,M,27.0
9481,9482,80-16-065971,Black,M,74.0
9482,9483,80-16-065971,Black,M,74.0
9483,9484,80-16-065971,Black,M,74.0
9484,9485,80-16-065971,Black,M,74.0
9485,9486,80-16-065971,Black,M,74.0
9486,9487,80-16-065971,Black,M,74.0
9487,9488,80-16-039969,Black,M,46.0
9488,9489,80-13-020906,American Indian,M,47.0
9489,9490,80-12-006545,Unknown,U,
9490,9491,80-13-083640,Black,M,25.0
9491,9492,80-15-091521,White,F,27.0
9492,9493,80-13-051041,White,M,67.0
9493,9494,80-13-037834,White,M,69.0
9494,9495,80-11-085100,Null,,27.0
9495,9496,80-10-086485,Black,M,18.0
9496,9497,80-10-086485,Black,M,18.0
9497,9498,80-15-071763,White,F,28.0
9498,9499,80-16-085140,White,M,16.0
9499,9500,80-14-053524,White,M,20.0
9500,9501,80-11-009455,Black,M,26.0
9501,9502,80-16-070031,Black,M,17.0
9502,9503,80-15-091657,White,M,35.0
9503,9504,80-14-074997,Black,M,16.0
9504,9505,80-16-079445,Black,F,21.0
9505,9506,80-16-104147,Black,M,18.0
9506,9507,80-16-104147,Black,M,18.0
9507,9508,80-16-104147,Black,M,18.0
9508,9509,80-16-104147,Black,M,18.0
9509,9510,80-11-097257,Black,M,58.0
9510,9511,80-13-063306,White,F,50.0
9511,9512,80-13-047193,Black,M,16.0
9512,9513,80-11-000424,Hispanic,M,25.0
9513,9514,80-15-106145,Black,M,17.0
9514,9515,80-10-022179,White,M,14.0
9515,9516,80-12-013947,Black,M,20.0
9516,9517,80-15-082694,White,M,32.0
9517,9518,80-15-087786,White,M,23.0
9518,9519,80-15-087786,White,M,23.0
9519,9520,80-15-087786,White,M,23.0
9520,9521,80-15-087786,White,M,23.0
9521,9522,80-15-087786,White,M,23.0
9522,9523,80-15-087786,White,M,23.0
9523,9524,80-14-012654,Null,,
9524,9525,80-12-035864,Black,M,57.0
9525,9526,80-10-049244,White,M,19.0
9526,9527,80-14-025870,Black,M,
9527,9528,80-14-038577,White,M,32.0
9528,9529,80-14-038577,White,M,32.0
9529,9530,80-12-047060,White,M,32.0
9530,9531,80-13-091074,White,M,38.0
9531,9532,80-10-076900,Black,M,24.0
9532,9533,80-13-048194,Black,M,24.0
9533,9534,80-12-083120,Black,F,30.0
9534,9535,80-11-007253,Black,M,35.0
9535,9536,80-14-093539,White,M,38.0
9536,9537,80-14-100414,White,M,60.0
9537,9538,80-12-092586,Black,M,12.0
9538,9539,80-15-005810,Black,M,52.0
9539,9540,80-11-076104,Black,M,14.0
9540,9541,80-11-076104,Black,M,14.0
9541,9542,80-11-076104,Black,M,14.0
9542,9543,80-15-054504,Black,M,
9543,9544,80-16-106077,Black,M,15.0
9544,9545,80-16-009004,Black,F,27.0
9545,9546,80-14-044897,Unknown,U,63.0
9546,9547,80-15-071221,Black,M,17.0
9547,9548,80-15-086695,Black,M,17.0
9548,9549,80-15-080438,Black,M,21.0
9549,9550,80-14-085085,Black,M,20.0
9550,9551,80-15-057204,White,M,21.0
9551,9552,80-15-105958,Black,M,22.0
9552,9553,80-14-099930,White,M,
9553,9554,80-16-057657,Black,M,23.0
9554,9555,80-15-059404,Black,M,32.0
9555,9556,80-16-064835,Black,M,22.0
9556,9557,80-11-079830,White,M,55.0
9557,9558,80-12-032467,Black,M,20.0
9558,9559,80-13-039458,Black,M,
9559,9560,80-13-039458,Black,M,
9560,9561,80-13-039458,Black,M,
9561,9562,80-10-089449,Black,M,18.0
9562,9563,80-13-055993,Black,M,18.0
9563,9564,80-12-024381,Black,M,30.0
9564,9565,80-15-062513,Black,M,18.0
9565,9566,80-13-051041,White,M,67.0
9566,9567,80-13-051041,White,M,67.0
9567,9568,80-13-051041,White,M,67.0
9568,9569,80-13-051041,White,M,67.0
9569,9570,80-13-051041,White,M,67.0
9570,9571,80-13-051041,White,M,67.0
9571,9572,80-13-051041,White,M,67.0
9572,9573,80-13-051041,White,M,67.0
9573,9574,80-13-052721,White,M,37.0
9574,9575,80-13-052721,White,M,37.0
9575,9576,80-13-052721,White,M,37.0
9576,9577,80-14-030234,Black,M,56.0
9577,9578,80-14-030234,Black,M,56.0
9578,9579,80-14-030234,Black,M,56.0
9579,9580,80-12-000787,White,M,31.0
9580,9581,80-15-055326,White,M,17.0
9581,9582,80-14-058865,Hispanic,M,29.0
9582,9583,80-13-053765,Null,,
9583,9584,80-13-063306,White,F,50.0
9584,9585,80-15-043775,Black,M,18.0
9585,9586,80-15-043775,Black,M,18.0
9586,9587,80-15-040908,White,M,38.0
9587,9588,80-13-096921,White,M,18.0
9588,9589,80-15-059006,White,M,45.0
9589,9590,80-15-018920,Black,M,23.0
9590,9591,80-16-065899,White,M,18.0
9591,9592,80-16-065899,White,M,18.0
9592,9593,80-16-065899,White,M,18.0
9593,9594,80-16-065899,White,M,18.0
9594,9595,80-15-059006,White,M,45.0
9595,9596,80-14-023410,Black,M,34.0
9596,9597,80-14-074997,Black,M,16.0
9597,9598,80-16-079445,Black,F,21.0
9598,9599,80-14-064569,White,M,28.0
9599,9600,80-14-064569,White,M,28.0
9600,9601,80-12-001048,Null,,
9601,9602,80-12-001048,Null,,
9602,9603,80-12-010962,Null,,
9603,9604,80-16-089558,Black,M,15.0
9604,9605,80-11-096066,White,M,51.0
9605,9606,80-12-015400,Black,M,23.0
9606,9607,80-12-015400,Black,M,23.0
9607,9608,80-11-015293,White,M,29.0
9608,9609,80-14-075549,Black,F,33.0
9609,9610,80-16-088152,White,M,37.0
9610,9611,80-16-087983,White,F,38.0
9611,9612,80-13-089547,Black,F,36.0
9612,9613,80-13-033111,Black,M,21.0
9613,9614,80-15-055841,Black,M,14.0
9614,9615,80-12-093067,Black,M,25.0
9615,9616,80-11-038501,White,M,40.0
9616,9617,80-11-039260,Black,M,34.0
9617,9618,80-11-017753,White,M,51.0
9618,9619,80-11-051789,Asian,M,36.0
9619,9620,80-12-006914,Black,M,31.0
9620,9621,80-12-006914,Black,M,31.0
9621,9622,80-11-027462,Black,M,37.0
9622,9623,80-11-025678,Black,M,34.0
9623,9624,80-15-072251,White,F,28.0
9624,9625,80-15-097089,Black,F,13.0
9625,9626,80-11-054877,White,M,25.0
9626,9627,80-17-001685,White,F,42.0
9627,9628,80-11-009159,White,F,23.0
9628,9629,80-11-009159,White,F,23.0
9629,9630,80-11-009159,White,F,23.0
9630,9631,80-11-009159,White,F,23.0
9631,9632,80-11-009159,White,F,23.0
9632,9633,80-12-066877,Null,,
9633,9634,80-15-031951,Null,,
9634,9635,80-16-069522,Null,,
9635,9636,80-17-003393,White,M,28.0
9636,9637,80-13-063973,Null,,
9637,9638,80-11-009159,White,F,23.0
9638,9639,80-11-035915,Black,M,23.0
9639,9640,80-11-035915,Black,M,28.0
9640,9641,80-12-016425,White,M,51.0
9641,9642,80-12-016425,White,M,51.0
9642,9643,80-12-016425,White,M,51.0
9643,9644,80-11-102162,Black,M,32.0
9644,9645,80-17-001685,White,F,42.0
9645,9646,80-11-072246,Black,M,37.0
9646,9647,80-11-072246,Black,M,37.0
9647,9648,80-11-072246,Black,M,37.0
9648,9649,80-12-095635,Black,M,25.0
9649,9650,80-12-095635,Black,M,27.0
9650,9651,80-12-002375,Black,M,20.0
9651,9652,80-12-015578,White,M,38.0
9652,9653,80-11-036788,White,M,30.0
9653,9654,80-11-001626,Black,M,32.0
9654,9655,80-11-029145,White,M,60.0
9655,9656,80-11-029145,White,M,60.0
9656,9657,80-11-029145,White,M,60.0
9657,9658,80-12-079679,Null,,
9658,9659,80-13-002131,Null,,
9659,9660,80-13-015796,Null,,
9660,9661,80-13-015796,Null,,
9661,9662,80-13-030557,Null,,
9662,9663,80-13-030557,Null,,
9663,9664,80-13-053491,Null,,
9664,9665,80-13-058252,Null,,
9665,9666,80-13-061944,Null,,
9666,9667,80-13-067688,Null,,
9667,9668,80-13-073606,Null,,
9668,9669,80-13-081413,Null,,
9669,9670,80-13-081413,Null,,
9670,9671,80-14-002460,Null,,
9671,9672,80-14-020379,Null,,
9672,9673,80-14-010978,Null,,
9673,9674,80-10-004893,Null,,
9674,9675,80-10-009274,Null,,
9675,9676,80-10-019577,Null,,
9676,9677,80-10-032887,Null,,
9677,9678,80-10-032887,Null,,
9678,9679,80-10-032887,Null,,
9679,9680,80-10-032887,Null,,
9680,9681,80-10-032887,Null,,
9681,9682,80-10-032887,Null,,
9682,9683,80-11-029161,Null,,
9683,9684,80-11-029161,Null,,
9684,9685,80-11-029161,Null,,
9685,9686,80-11-025417,Null,,
9686,9687,80-11-092371,Null,,
9687,9688,80-11-092362,Null,,
9688,9689,80-14-058782,Null,,
9689,9690,80-14-058782,Null,,
9690,9691,80-11-046064,White,M,42.0
9691,9692,80-14-058782,Null,,
9692,9693,80-14-058782,Null,,
9693,9694,80-14-058782,Null,,
9694,9695,80-14-058782,Null,,
9695,9696,80-14-057502,Null,,
9696,9697,80-14-067064,Null,,
9697,9698,80-14-078406,Null,,
9698,9699,80-14-080866,Null,,
9699,9700,80-14-083372,Null,,
9700,9701,80-15-004574,Null,,
9701,9702,80-15-017564,Null,,
9702,9703,80-15-013263,Null,,
9703,9704,80-15-021823,Null,,
9704,9705,80-15-032741,Null,,
9705,9706,80-15-029153,Null,,
9706,9707,80-15-029153,Null,,
9707,9708,80-13-056258,Null,,
9708,9709,80-17-003393,White,M,28.0
9709,9710,80-16-071076,Null,,
9710,9711,80-16-087777,Null,,
9711,9712,80-15-035713,Null,,
9712,9713,80-16-097991,Null,,
9713,9714,80-17-001924,Null,,
9714,9715,80-17-001924,Null,,
9715,9716,80-17-001924,Null,,
9716,9717,80-15-063003,White,F,33.0
9717,9718,80-15-066594,Black,M,21.0
9718,9719,80-15-072139,White,M,42.0
9719,9720,80-15-034092,Black,M,23.0
9720,9721,80-15-085233,Black,M,17.0
9721,9722,80-15-092364,Black,M,25.0
9722,9723,80-15-092364,Black,M,25.0
9723,9724,80-16-054028,White,M,18.0
9724,9725,80-11-058729,White,M,39.0
9725,9726,80-12-016189,Black,M,48.0
9726,9727,80-12-017223,Black,M,38.0
9727,9728,80-12-017223,Black,M,38.0
9728,9729,80-11-080804,White,M,31.0
9729,9730,80-11-084891,Unknown,M,
9730,9731,80-10-062985,White,M,32.0
9731,9732,80-13-067925,Null,,
9732,9733,80-12-009451,Black,M,20.0
9733,9734,80-12-002719,Black,M,16.0
9734,9735,80-11-035525,White,F,47.0
9735,9736,80-11-087108,Unknown,U,
9736,9737,80-11-105008,White,M,34.0
9737,9738,80-11-105008,White,M,34.0
9738,9739,80-11-085665,Black,F,28.0
9739,9740,80-11-010728,White,M,28.0
9740,9741,80-16-080298,White,F,25.0
9741,9742,80-16-009534,Middle Eastern,M,26.0
9742,9743,80-16-021744,White,M,41.0
9743,9744,80-17-006371,Null,M,29.0
9744,9745,80-16-057006,White,F,34.0
9745,9746,80-14-065974,Black,M,23.0
9746,9747,80-16-082276,White,F,44.0
9747,9748,80-17-009975,Black,M,31.0
9748,9749,80-15-054504,Black,M,
9749,9750,80-17-001924,Null,,
9750,9751,80-11-004758,Black,M,45.0
9751,9752,80-16-029958,Black,M,58.0
9752,9753,80-17-001924,Null,,
9753,9754,80-16-111257,Null,,
9754,9755,80-17-005013,Null,,
9755,9756,80-12-014647,Null,,
9756,9757,80-12-014637,Null,,
9757,9758,80-12-014637,Null,,
9758,9759,80-12-014637,Null,,
9759,9760,80-12-016989,Null,,
9760,9761,80-12-035589,Null,,
9761,9762,80-12-035589,Null,,
9762,9763,80-12-064275,Null,,
9763,9764,80-11-004758,Black,M,45.0
9764,9765,80-11-004758,Black,M,45.0
9765,9766,80-11-004758,Black,M,45.0
9766,9767,80-16-006878,Black,M,25.0
9767,9768,80-16-086885,White,M,31.0
9768,9769,80-12-037440,Black,M,27.0
9769,9770,80-12-037440,Black,M,27.0
9770,9771,80-12-037440,Black,M,27.0
9771,9772,80-16-106321,Black,M,31.0
9772,9773,80-12-073922,Black,M,24.0
9773,9774,80-12-073922,Black,M,24.0
9774,9775,80-13-071823,Black,M,24.0
9775,9776,80-14-039013,Black,M,30.0
9776,9777,80-10-060964,White,M,65.0
9777,9778,80-15-006115,Black,M,32.0
9778,9779,80-16-076418,White,M,53.0
9779,9780,80-16-076418,White,M,53.0
9780,9781,80-16-076418,White,M,53.0
9781,9782,80-16-076418,White,M,53.0
9782,9783,80-16-076418,White,M,53.0
9783,9784,80-16-076418,White,M,53.0
9784,9785,80-15-026517,Black,M,17.0
9785,9786,80-12-060795,Black,M,21.0
9786,9787,80-16-046104,White,M,23.0
9787,9788,80-12-063147,Black,F,27.0
9788,9789,80-13-092163,Black,M,28.0
9789,9790,80-10-002355,Black,M,21.0
9790,9791,80-13-037463,Black,M,33.0
9791,9792,80-12-071413,White,M,36.0
9792,9793,80-12-071413,White,M,36.0
9793,9794,80-16-019251,Black,M,28.0
9794,9795,80-16-019251,Black,M,28.0
9795,9796,80-16-027356,Black,M,37.0
9796,9797,80-10-017399,Black,M,32.0
9797,9798,80-12-087180,Black,M,31.0
9798,9799,80-12-087180,Black,M,31.0
9799,9800,80-11-072055,Black,M,26.0
9800,9801,80-10-072668,White,M,29.0
9801,9802,80-10-072668,White,M,29.0
9802,9803,80-11-082614,Black,M,21.0
9803,9804,80-16-102405,Black,M,30.0
9804,9805,80-11-037612,Black,M,29.0
9805,9806,80-16-080284,White,M,61.0
9806,9807,80-15-092348,Black,M,28.0
9807,9808,80-15-092348,Black,M,28.0
9808,9809,80-11-040053,White,M,26.0
9809,9810,80-11-040053,White,M,26.0
9810,9811,80-11-040053,White,M,26.0
9811,9812,80-15-035713,Null,,
9812,9813,80-10-062985,White,M,32.0
9813,9814,80-13-076360,Null,,
9814,9815,80-15-035713,Null,,
9815,9816,80-13-081413,Null,,
9816,9817,80-15-043775,Null,,
9817,9818,80-10-062985,White,M,32.0
9818,9819,80-13-081413,Null,,
9819,9820,80-15-041185,Null,,
9820,9821,80-13-047281,Black,M,19.0
9821,9822,80-13-089933,Null,,
9822,9823,80-15-041185,Null,,
9823,9824,80-12-094577,White,M,37.0
9824,9825,80-14-022691,Null,,
9825,9826,80-15-041185,Null,,
9826,9827,80-15-041185,Null,,
9827,9828,80-15-043775,Null,,
9828,9829,80-15-045183,Null,,
9829,9830,80-15-064082,Null,,
9830,9831,80-15-080383,Null,,
9831,9832,80-15-082755,Null,,
9832,9833,80-16-002945,Null,,
9833,9834,80-16-002945,Null,,
9834,9835,80-16-022582,Null,,
9835,9836,80-16-038208,Null,,
9836,9837,80-16-057649,Null,,
9837,9838,80-16-057649,Null,,
9838,9839,80-16-067497,Null,,
9839,9840,80-16-077377,Null,,
9840,9841,80-16-080224,Null,,
9841,9842,80-16-080224,Null,,
9842,9843,80-11-037612,Black,M,29.0
9843,9844,80-16-083237,Null,,
9844,9845,80-16-092852,Null,,
9845,9846,80-16-098691,Null,,
9846,9847,80-16-103484,Null,,
9847,9848,80-17-000041,Null,,
9848,9849,80-17-000289,Null,,
9849,9850,80-17-001924,Null,,
9850,9851,80-17-001924,Null,,
9851,9852,80-17-001924,Null,,
9852,9853,80-17-001924,Null,,
9853,9854,80-17-001924,Null,,
9854,9855,80-17-013463,Null,,
9855,9856,80-12-057766,Null,,
9856,9857,80-12-061383,Null,,
9857,9858,80-12-070768,Null,,
9858,9859,80-12-089437,Null,,
9859,9860,80-13-009873,Null,,
9860,9861,80-13-017727,Null,,
9861,9862,80-13-028652,Null,,
9862,9863,80-13-063973,Null,,
9863,9864,80-13-063973,Null,,
9864,9865,80-13-063973,Null,,
9865,9866,80-13-063973,Null,,
9866,9867,80-13-063973,Null,,
9867,9868,80-13-063973,Null,,
9868,9869,80-13-063973,Null,,
9869,9870,80-16-070110,White,M,61.0
9870,9871,80-14-028646,Null,,
9871,9872,80-16-070110,White,M,61.0
9872,9873,80-11-088342,Black,M,17.0
9873,9874,80-10-032344,Null,,
9874,9875,80-12-071163,Black,M,83.0
9875,9876,80-11-030268,White,F,38.0
9876,9877,80-12-022576,Black,M,52.0
9877,9878,80-11-030268,White,F,38.0
9878,9879,80-12-022576,Black,M,52.0
9879,9880,80-12-101888,Hispanic,M,42.0
9880,9881,80-14-010909,White,M,40.0
9881,9882,80-14-020423,Black,M,25.0
9882,9883,80-14-020423,Black,M,25.0
9883,9884,80-14-020423,Black,M,25.0
9884,9885,80-14-020423,Black,M,25.0
9885,9886,80-14-020423,Black,M,25.0
9886,9887,80-14-020423,Black,M,25.0
9887,9888,80-14-020423,Black,M,25.0
9888,9889,80-14-020423,Black,M,25.0
9889,9890,80-14-020423,Black,M,25.0
9890,9891,80-14-020423,Black,M,25.0
9891,9892,80-14-020423,Black,M,25.0
9892,9893,80-14-020423,Black,M,25.0
9893,9894,80-16-035871,White,M,24.0
9894,9895,80-16-023455,Black,M,29.0
9895,9896,80-17-003909,White,M,27.0
9896,9897,80-10-080758,Black,M,23.0
9897,9898,80-11-091416,Black,M,23.0
9898,9899,80-10-064774,Black,M,39.0
9899,9900,80-11-032811,White,M,44.0
9900,9901,80-13-048130,Black,M,77.0
9901,9902,80-10-029304,White,M,46.0
9902,9903,80-10-029304,White,M,46.0
9903,9904,80-12-087512,Black,M,33.0
9904,9905,80-15-105381,Black,M,29.0
9905,9906,80-15-105381,Black,M,29.0
9906,9907,80-12-027354,Black,M,26.0
9907,9908,80-12-027354,Black,M,26.0
9908,9909,80-11-037612,Black,M,29.0
9909,9910,80-16-094376,White,M,37.0
9910,9911,80-16-094376,White,M,37.0
9911,9912,80-16-094376,White,M,37.0
9912,9913,80-16-094376,White,M,37.0
9913,9914,80-16-030442,White,M,40.0
9914,9915,80-16-030442,White,M,40.0
9915,9916,80-16-030442,White,M,40.0
9916,9917,80-16-030442,White,M,40.0
9917,9918,80-16-071331,Black,M,45.0
9918,9919,80-10-050291,Black,M,24.0
9919,9920,80-12-066846,Black,M,22.0
9920,9921,80-12-066846,Black,M,22.0
9921,9922,80-12-066846,Black,M,22.0
9922,9923,80-12-002816,Black,M,25.0
9923,9924,80-12-002816,Black,M,25.0
9924,9925,80-16-026654,Black,M,51.0
9925,9926,80-11-094995,White,M,24.0
9926,9927,80-13-067699,Black,M,26.0
9927,9928,80-16-106594,Black,M,53.0
9928,9929,80-16-106594,Black,M,53.0
9929,9930,80-16-106594,Black,M,53.0
9930,9931,80-17-008852,White,M,38.0
9931,9932,80-13-045271,White,M,58.0
9932,9933,80-13-045271,White,M,58.0
9933,9934,80-13-045271,White,M,58.0
9934,9935,80-13-045271,White,M,58.0
9935,9936,80-13-045271,White,M,58.0
9936,9937,80-13-045271,White,M,58.0
9937,9938,80-13-045271,White,M,58.0
9938,9939,80-13-045271,White,M,58.0
9939,9940,80-13-045271,White,M,58.0
9940,9941,80-13-045271,White,M,58.0
9941,9942,80-13-045271,White,M,58.0
9942,9943,80-13-045271,White,M,58.0
9943,9944,80-13-045271,White,M,58.0
9944,9945,80-13-045271,White,M,58.0
9945,9946,80-13-045271,White,M,58.0
9946,9947,80-13-045271,White,M,58.0
9947,9948,80-14-045134,White,M,59.0
9948,9949,80-14-045134,White,M,59.0
9949,9950,80-14-045134,White,M,59.0
9950,9951,80-14-045134,White,M,59.0
9951,9952,80-11-075000,Black,M,16.0
9952,9953,80-12-031587,Black,M,24.0
9953,9954,80-17-010376,Black,M,33.0
9954,9955,80-12-000915,Black,M,72.0
9955,9956,80-12-039603,Black,M,20.0
9956,9957,80-11-086972,White,M,23.0
9957,9958,80-11-001187,Black,M,21.0
9958,9959,80-11-001187,Black,M,21.0
9959,9960,80-17-009719,Black,M,22.0
9960,9961,80-11-015240,Black,M,20.0
9961,9962,80-16-047225,White,M,33.0
9962,9963,80-11-031716,Black,M,21.0
9963,9964,80-11-031716,Black,M,21.0
9964,9965,80-11-035525,White,F,47.0
9965,9966,80-17-009429,Black,M,24.0
9966,9967,80-16-022889,Null,,
9967,9968,80-16-022889,Null,,
9968,9969,80-16-022889,Null,,
9969,9970,80-16-024956,Null,,
9970,9971,80-16-022889,Null,,
9971,9972,80-16-022889,Null,,
9972,9973,80-16-022889,Null,,
9973,9974,80-16-040865,Null,,
9974,9975,80-16-048667,Null,,
9975,9976,80-16-048667,Null,,
9976,9977,80-16-048667,Null,,
9977,9978,80-16-049553,Null,,
9978,9979,80-16-050573,Null,,
9979,9980,80-11-035525,White,F,47.0
9980,9981,80-11-084927,White,M,27.0
9981,9982,80-16-066892,White,F,
9982,9983,80-11-037855,White,M,39.0
9983,9984,80-12-006127,Black,M,17.0
9984,9985,80-12-006127,Black,M,17.0
9985,9986,80-12-006127,Black,M,17.0
9986,9987,80-11-058327,White,M,
9987,9988,80-11-058327,White,M,
9988,9989,80-11-069822,Black,F,19.0
9989,9990,80-11-069822,Black,F,19.0
9990,9991,80-11-069822,Black,F,19.0
9991,9992,80-15-106145,Black,M,17.0
9992,9993,80-11-084298,Black,M,23.0
9993,9994,80-11-082845,White,M,33.0
9994,9995,80-11-082845,White,M,33.0
9995,9996,80-11-082845,White,M,33.0
9996,9997,80-17-004284,Black,M,18.0
9997,9998,80-11-096066,White,M,51.0
9998,9999,80-11-018053,Black,M,24.0
9999,10000,80-16-064091,Null,,
10000,10001,80-13-071687,Black,M,35.0
10001,10002,80-13-071687,Black,M,35.0
10002,10003,80-13-033704,Black,M,65.0
10003,10004,80-16-100133,Black,M,29.0
10004,10005,80-16-103041,White,M,32.0
10005,10006,80-16-103041,White,M,32.0
10006,10007,80-16-103041,White,M,32.0
10007,10008,80-16-022358,Black,M,25.0
10008,10009,80-16-103041,White,M,32.0
10009,10010,80-16-103041,White,M,32.0
10010,10011,80-16-103041,White,M,32.0
10011,10012,80-16-103041,White,M,32.0
10012,10013,80-16-103041,White,M,32.0
10013,10014,80-16-103041,White,M,32.0
10014,10015,80-16-032629,Black,M,25.0
10015,10016,80-16-046679,Black,M,30.0
10016,10017,80-15-101863,Hispanic,M,25.0
10017,10018,80-16-026763,Black,M,35.0
10018,10019,80-11-070259,Black,M,24.0
10019,10020,80-11-070259,Black,M,24.0
10020,10021,80-13-030617,White,M,28.0
10021,10022,80-12-078917,Black,M,23.0
10022,10023,80-12-026770,Black,M,33.0
10023,10024,80-16-089537,Black,M,23.0
10024,10025,80-10-032882,Black,M,21.0
10025,10026,80-10-032882,Black,M,21.0
10026,10027,80-10-017395,Black,M,27.0
10027,10028,80-15-044596,Black,M,29.0
10028,10029,80-16-054571,Black,M,35.0
10029,10030,80-15-024206,Black,M,25.0
10030,10031,80-15-024206,Black,M,25.0
10031,10032,80-11-090434,White,M,40.0
10032,10033,80-11-040922,White,M,38.0
10033,10034,80-13-028305,Black,M,42.0
10034,10035,80-10-089178,Black,M,19.0
10035,10036,80-10-034578,Black,M,18.0
10036,10037,80-12-093091,White,M,24.0
10037,10038,80-12-093091,White,M,26.0
10038,10039,80-12-093091,White,M,24.0
10039,10040,80-12-093091,White,M,26.0
10040,10041,80-15-059990,Black,M,31.0
10041,10042,80-12-082214,White,F,54.0
10042,10043,80-16-061093,Black,M,40.0
10043,10044,80-12-094658,Black,M,20.0
10044,10045,80-13-090458,Black,M,24.0
10045,10046,80-16-047665,White,M,69.0
10046,10047,80-11-078711,Black,M,28.0
10047,10048,80-12-020749,Black,M,25.0
10048,10049,80-14-076732,Black,M,32.0
10049,10050,80-14-069357,White,M,26.0
10050,10051,80-13-004808,White,F,27.0
10051,10052,80-13-081269,White,M,20.0
10052,10053,80-16-001064,Black,M,23.0
10053,10054,80-13-004808,White,F,27.0
10054,10055,80-16-043266,Black,M,32.0
10055,10056,80-16-001796,Black,F,26.0
10056,10057,80-13-029298,White,M,37.0
10057,10058,80-16-025315,Black,F,44.0
10058,10059,80-10-041315,Black,M,20.0
10059,10060,80-15-009557,Black,M,29.0
10060,10061,80-11-087804,Black,M,41.0
10061,10062,80-16-001796,Black,F,26.0
10062,10063,80-11-037974,White,M,60.0
10063,10064,80-12-057145,White,M,37.0
10064,10065,80-12-057145,White,M,37.0
10065,10066,80-15-056493,Hispanic,M,33.0
10066,10067,80-10-004252,White,M,19.0
10067,10068,80-10-018122,White,M,23.0
10068,10069,80-13-029298,White,M,37.0
10069,10070,80-15-057625,White,M,40.0
10070,10071,80-11-011992,Black,M,33.0
10071,10072,80-11-042097,Black,M,29.0
10072,10073,80-13-023498,Black,M,21.0
10073,10074,80-10-014876,White,M,25.0
10074,10075,80-11-037974,White,M,60.0
10075,10076,80-12-094667,White,M,41.0
10076,10077,80-12-052363,Black,M,20.0
10077,10078,80-10-013663,Black,M,36.0
10078,10079,80-17-001170,Black,M,26.0
10079,10080,80-17-009930,Black,M,30.0
10080,10081,80-13-029298,White,M,37.0
10081,10082,80-12-101236,White,M,23.0
10082,10083,80-12-006784,White,M,30.0
10083,10084,80-10-045085,Black,M,34.0
10084,10085,80-13-022961,White,M,46.0
10085,10086,80-17-001170,Black,M,26.0
10086,10087,80-12-052363,Black,M,20.0
10087,10088,80-15-054957,Black,M,22.0
10088,10089,80-10-013663,Black,M,36.0
10089,10090,80-17-013177,Black,M,51.0
10090,10091,80-13-069123,White,M,50.0
10091,10092,80-16-100527,White,M,19.0
10092,10093,80-14-008001,Black,M,25.0
10093,10094,80-12-052363,Black,M,20.0
10094,10095,80-12-028094,Hispanic,M,24.0
10095,10096,80-16-022392,Black,M,36.0
10096,10097,80-12-081578,Black,M,24.0
10097,10098,80-11-009159,White,F,23.0
10098,10099,80-16-010177,Black,M,21.0
10099,10100,80-14-008001,Black,M,25.0
10100,10101,80-12-074716,Black,M,20.0
10101,10102,80-16-056688,White,M,37.0
10102,10103,80-11-009159,White,F,23.0
10103,10104,80-11-097978,Black,M,24.0
10104,10105,80-16-044200,Black,M,46.0
10105,10106,80-15-034466,Black,M,31.0
10106,10107,80-11-079031,White,M,40.0
10107,10108,80-16-086946,Black,M,19.0
10108,10109,80-11-009159,White,F,23.0
10109,10110,80-11-088948,Black,M,17.0
10110,10111,80-16-044200,Black,M,46.0
10111,10112,80-11-097978,Black,M,24.0
10112,10113,80-15-007101,Black,M,38.0
10113,10114,80-13-052178,White,M,32.0
10114,10115,80-15-060014,Black,M,23.0
10115,10116,80-16-036881,Black,M,45.0
10116,10117,80-13-005139,Black,M,38.0
10117,10118,80-13-005139,Black,M,38.0
10118,10119,80-17-009699,Black,M,41.0
10119,10120,80-13-055779,Black,M,17.0
10120,10121,80-14-095236,Black,F,26.0
10121,10122,80-16-106571,White,M,25.0
10122,10123,80-16-106571,White,M,25.0
10123,10124,80-16-106571,White,M,25.0
10124,10125,80-16-106571,White,M,25.0
10125,10126,80-16-106571,White,M,25.0
10126,10127,80-16-106571,White,M,25.0
10127,10128,80-15-051938,Black,M,24.0
10128,10129,80-13-032279,Black,M,21.0
10129,10130,80-11-014693,Hispanic,M,22.0
10130,10131,80-10-019640,Black,M,23.0
10131,10132,80-15-064929,Black,M,21.0
10132,10133,80-13-045219,Black,M,28.0
10133,10134,80-09-094864,Black,M,
10134,10135,80-16-056688,White,M,37.0
10135,10136,80-15-047474,Black,M,24.0
10136,10137,80-15-085123,Black,M,24.0
10137,10138,80-10-019640,Black,M,23.0
10138,10139,80-15-021832,White,M,28.0
10139,10140,80-15-021832,White,M,28.0
10140,10141,80-15-021832,White,M,28.0
10141,10142,80-17-013485,Black,M,33.0
10142,10143,80-12-006928,White,M,44.0
10143,10144,80-16-087087,Black,M,19.0
10144,10145,80-14-022574,Black,M,20.0
10145,10146,80-15-036229,Black,M,42.0
10146,10147,80-14-094346,White,M,24.0
10147,10148,80-14-094346,White,M,24.0
10148,10149,80-14-094346,White,M,24.0
10149,10150,80-14-094346,White,M,24.0
10150,10151,80-15-085540,Black,M,20.0
10151,10152,80-15-085540,Black,M,20.0
10152,10153,80-15-085540,Black,M,20.0
10153,10154,80-15-085540,Black,M,20.0
10154,10155,80-15-085540,Black,M,20.0
10155,10156,80-11-061898,White,F,51.0
10156,10157,80-13-052517,White,M,61.0
10157,10158,80-11-099467,Black,M,35.0
10158,10159,80-10-069903,Black,M,41.0
10159,10160,80-16-027798,Black,M,47.0
10160,10161,80-10-062473,Black,F,18.0
10161,10162,80-11-027178,Black,M,20.0
10162,10163,80-10-081305,Black,M,23.0
10163,10164,80-10-081305,Black,M,23.0
10164,10165,80-17-002739,White,M,51.0
10165,10166,80-17-002739,White,M,51.0
10166,10167,80-16-092713,White,M,51.0
10167,10168,80-11-003679,Black,M,38.0
10168,10169,80-10-008651,White,M,53.0
10169,10170,80-17-002739,White,M,51.0
10170,10171,80-16-042295,Black,M,33.0
10171,10172,80-15-036319,Black,M,24.0
10172,10173,80-12-038053,Black,M,21.0
10173,10174,80-14-071500,Black,M,38.0
10174,10175,80-17-002739,White,M,51.0
10175,10176,80-16-028476,Black,M,35.0
10176,10177,80-15-036319,Black,M,24.0
10177,10178,80-15-036319,Black,M,24.0
10178,10179,80-13-098879,Black,M,27.0
10179,10180,80-16-076413,White,F,34.0
10180,10181,80-14-006624,White,M,27.0
10181,10182,80-14-006624,White,M,27.0
10182,10183,80-14-006624,White,M,27.0
10183,10184,80-13-072141,White,M,20.0
10184,10185,80-13-000005,Black,M,25.0
10185,10186,80-16-021189,White,M,32.0
10186,10187,80-17-000067,Black,M,25.0
10187,10188,80-16-021189,White,M,32.0
10188,10189,80-10-045085,Black,M,34.0
10189,10190,80-13-016534,Black,M,48.0
10190,10191,80-11-040053,White,M,26.0
10191,10192,80-14-019150,White,M,29.0
10192,10193,80-14-019150,White,M,29.0
10193,10194,80-12-082806,White,F,23.0
10194,10195,80-12-022532,White,M,24.0
10195,10196,80-14-069118,Black,M,24.0
10196,10197,80-14-069118,Black,M,24.0
10197,10198,80-14-069118,Black,M,24.0
10198,10199,80-11-040053,White,M,26.0
10199,10200,80-13-030631,White,M,35.0
10200,10201,80-13-030631,White,M,35.0
10201,10202,80-14-073530,Black,M,42.0
10202,10203,80-11-099467,Black,M,35.0
10203,10204,80-11-099467,Black,M,35.0
10204,10205,80-13-077671,Black,M,51.0
10205,10206,80-16-092713,White,M,51.0
10206,10207,80-16-015980,White,M,29.0
10207,10208,80-12-081096,White,M,58.0
10208,10209,80-12-081096,White,M,58.0
10209,10210,80-12-081096,White,M,58.0
10210,10211,80-12-065212,Black,M,26.0
10211,10212,80-11-003679,Black,M,38.0
10212,10213,80-11-016134,Black,M,59.0
10213,10214,80-13-036140,Black,F,22.0
10214,10215,80-13-036140,Black,F,22.0
10215,10216,80-16-028476,Black,M,35.0
10216,10217,80-13-038432,Black,M,19.0
10217,10218,80-14-044482,Black,M,21.0
10218,10219,80-14-044482,Black,M,21.0
10219,10220,80-10-009875,Black,M,19.0
10220,10221,80-12-075564,Black,M,22.0
10221,10222,80-16-035662,Black,M,42.0
10222,10223,80-10-075058,White,M,46.0
10223,10224,80-10-075058,White,M,46.0
10224,10225,80-13-088210,White,M,39.0
10225,10226,80-13-088210,White,M,39.0
10226,10227,80-15-065643,White,M,47.0
10227,10228,80-12-098120,Black,M,48.0
10228,10229,80-11-014253,Black,M,30.0
10229,10230,80-11-014253,Black,M,30.0
10230,10231,80-11-014253,Black,M,30.0
10231,10232,80-11-014253,Black,M,30.0
10232,10233,80-12-068583,Black,M,42.0
10233,10234,80-13-039833,Black,M,20.0
10234,10235,80-12-096607,White,M,19.0
10235,10236,80-13-028305,Black,M,42.0
10236,10237,80-11-082261,White,F,28.0
10237,10238,80-12-084236,White,M,56.0
10238,10239,80-13-005460,Black,M,24.0
10239,10240,80-13-090162,Black,M,32.0
10240,10241,80-16-039321,Black,M,60.0
10241,10242,80-15-057625,White,M,40.0
10242,10243,80-11-084277,White,M,43.0
10243,10244,80-10-054183,White,M,17.0
10244,10245,80-11-075887,White,M,59.0
10245,10246,80-10-029000,Black,M,19.0
10246,10247,80-16-111287,White,M,26.0
10247,10248,80-11-080376,Black,M,25.0
10248,10249,80-15-098113,Black,M,53.0
10249,10250,80-08-047627,Black,M,25.0
10250,10251,80-10-083785,Black,F,48.0
10251,10252,80-10-083785,Black,F,48.0
10252,10253,80-13-090046,Black,M,26.0
10253,10254,80-15-095576,Black,M,19.0
10254,10255,80-16-035638,Black,M,30.0
10255,10256,80-16-091185,Black,M,24.0
10256,10257,80-14-022365,Black,M,38.0
10257,10258,80-16-038931,White,M,
10258,10259,80-17-003780,White,M,25.0
10259,10260,80-12-058746,White,M,30.0
10260,10261,80-12-058746,White,M,30.0
10261,10262,80-16-035812,Black,M,27.0
10262,10263,80-12-065172,Black,M,35.0
10263,10264,80-16-059153,White,M,20.0
10264,10265,80-17-005161,Black,F,42.0
10265,10266,80-17-005161,Black,F,42.0
10266,10267,80-17-005161,Black,F,42.0
10267,10268,80-12-006216,White,M,47.0
10268,10269,80-13-044175,White,M,38.0
10269,10270,80-15-094054,Black,M,36.0
10270,10271,80-13-022961,White,M,46.0
10271,10272,80-13-033236,White,M,55.0
10272,10273,80-16-097351,Black,M,37.0
10273,10274,80-16-097351,Black,M,37.0
10274,10275,80-16-102088,Black,M,35.0
10275,10276,80-16-102088,Black,M,35.0
10276,10277,80-16-016786,Black,M,17.0
10277,10278,80-16-016786,Black,M,17.0
10278,10279,80-16-016786,Black,M,17.0
10279,10280,80-13-051266,Null,,
10280,10281,80-13-051266,Null,,
10281,10282,80-13-051266,Null,,
10282,10283,80-13-051266,Null,,
10283,10284,80-16-063906,White,M,55.0
10284,10285,80-15-102794,Black,M,30.0
10285,10286,80-14-042065,White,M,20.0
10286,10287,80-13-089238,White,M,57.0
10287,10288,80-13-010929,Black,M,25.0
10288,10289,80-16-055508,Black,M,45.0
10289,10290,80-17-004031,White,F,35.0
10290,10291,80-17-004031,White,F,35.0
10291,10292,80-17-004031,White,F,35.0
10292,10293,80-16-024575,White,M,60.0
10293,10294,80-16-039321,Black,M,60.0
10294,10295,80-13-009265,White,M,36.0
10295,10296,80-13-009265,White,M,36.0
10296,10297,80-15-065953,Black,M,43.0
10297,10298,80-15-048677,Black,M,51.0
10298,10299,80-15-048677,Black,M,51.0
10299,10300,80-10-029313,Black,M,34.0
10300,10301,80-12-078921,Black,M,25.0
10301,10302,80-13-039457,Black,M,41.0
10302,10303,80-15-055289,Black,M,19.0
10303,10304,80-10-009069,White,M,
10304,10305,80-17-009087,Black,M,20.0
10305,10306,80-11-008744,Black,M,33.0
10306,10307,80-15-025308,Black,M,18.0
10307,10308,80-13-061925,Black,M,25.0
10308,10309,80-13-093292,Black,M,46.0
10309,10310,80-16-095162,Black,F,31.0
10310,10311,80-15-014398,White,M,28.0
10311,10312,80-10-025860,Black,M,31.0
10312,10313,80-10-025860,Black,M,31.0
10313,10314,80-10-025860,Black,M,31.0
10314,10315,80-10-029271,Black,M,18.0
10315,10316,80-13-012972,White,M,43.0
10316,10317,80-14-027600,White,M,39.0
10317,10318,80-13-099963,Black,M,19.0
10318,10319,80-15-021832,White,M,28.0
10319,10320,80-12-057822,White,M,27.0
10320,10321,80-16-091958,Black,M,23.0
10321,10322,80-13-016102,White,M,21.0
10322,10323,80-14-008985,White,M,30.0
10323,10324,80-16-091958,Black,M,23.0
10324,10325,80-10-037074,White,M,45.0
10325,10326,80-17-009059,White,M,40.0
10326,10327,80-17-009059,White,M,40.0
10327,10328,80-16-031161,White,M,26.0
10328,10329,80-16-031161,White,M,26.0
10329,10330,80-12-080771,Black,M,19.0
10330,10331,80-11-019212,Black,M,40.0
10331,10332,80-13-042790,Black,F,60.0
10332,10333,80-13-089238,White,M,57.0
10333,10334,80-11-002617,White,F,54.0
10334,10335,80-15-005744,White,M,29.0
10335,10336,80-11-090434,White,M,40.0
10336,10337,80-10-020884,White,M,27.0
10337,10338,80-10-020884,White,M,27.0
10338,10339,80-10-020884,White,M,27.0
10339,10340,80-10-098845,White,M,45.0
10340,10341,80-15-003249,White,M,53.0
10341,10342,80-17-014412,Black,M,28.0
10342,10343,80-16-029983,White,M,33.0
10343,10344,80-14-022149,Black,M,48.0
10344,10345,80-14-022149,Black,M,48.0
10345,10346,80-14-022149,Black,M,48.0
10346,10347,80-14-022149,Black,M,48.0
10347,10348,80-14-051223,White,M,22.0
10348,10349,80-13-097523,White,M,57.0
10349,10350,80-11-061242,White,M,62.0
10350,10351,80-10-041249,White,M,50.0
10351,10352,80-11-000160,Black,M,20.0
10352,10353,80-16-015061,Black,M,21.0
10353,10354,80-10-034907,Black,M,30.0
10354,10355,80-14-025645,Black,M,17.0
10355,10356,80-14-025645,Black,M,17.0
10356,10357,80-14-021494,Black,M,29.0
10357,10358,80-11-037974,White,M,60.0
10358,10359,80-12-055756,Black,M,30.0
10359,10360,80-14-016007,White,M,47.0
10360,10361,80-16-067899,Black,M,24.0
10361,10362,80-16-101956,White,M,53.0
10362,10363,80-14-039392,Black,M,36.0
10363,10364,80-16-022358,Black,M,25.0
10364,10365,80-16-022358,Black,M,25.0
10365,10366,80-16-022358,Black,M,25.0
10366,10367,80-13-016102,White,M,21.0
10367,10368,80-10-054792,White,M,27.0
10368,10369,80-09-094864,Black,M,
10369,10370,80-16-095747,Black,M,18.0
10370,10371,80-16-041943,Black,F,33.0
10371,10372,80-10-003326,Black,F,41.0
10372,10373,80-17-001450,Black,M,26.0
10373,10374,80-14-037604,Black,M,29.0
10374,10375,80-10-035420,Black,M,14.0
10375,10376,80-10-007059,Hispanic,M,40.0
10376,10377,80-10-009069,White,M,
10377,10378,80-14-021529,Black,M,29.0
10378,10379,80-14-021529,Black,M,29.0
10379,10380,80-15-004359,Black,M,30.0
10380,10381,80-15-056942,White,M,21.0
10381,10382,80-16-049500,Black,M,18.0
10382,10383,80-12-070739,Black,M,32.0
10383,10384,80-10-032504,White,M,52.0
10384,10385,80-10-014908,Black,M,20.0
10385,10386,80-10-061295,White,M,18.0
10386,10387,80-16-097991,Black,M,62.0
10387,10388,80-10-071276,White,M,30.0
10388,10389,80-11-009977,White,M,34.0
10389,10390,80-10-018122,Black,M,
10390,10391,80-17-008497,Black,M,26.0
10391,10392,80-17-008497,Black,M,26.0
10392,10393,80-10-083363,Black,M,16.0
10393,10394,80-14-012104,Black,F,31.0
10394,10395,80-10-075400,Black,M,44.0
10395,10396,80-13-006244,Black,M,19.0
10396,10397,80-14-015404,Black,M,27.0
10397,10398,80-13-018126,Black,M,17.0
10398,10399,80-13-081413,White,M,22.0
10399,10400,80-13-081413,White,M,22.0
10400,10401,80-17-008795,Black,M,20.0
10401,10402,80-13-094984,Black,M,44.0
10402,10403,80-15-078630,Black,M,42.0
10403,10404,80-16-047022,Black,M,28.0
10404,10405,80-16-095346,Black,M,23.0
10405,10406,80-15-039750,White,M,15.0
10406,10407,80-13-097187,White,M,30.0
10407,10408,80-13-097061,Black,M,15.0
10408,10409,80-13-097061,Black,M,15.0
10409,10410,80-12-028727,White,M,44.0
10410,10411,80-14-028118,Black,M,87.0
10411,10412,80-12-078018,White,M,37.0
10412,10413,80-14-028118,Black,M,87.0
10413,10414,80-13-099962,Black,M,17.0
10414,10415,80-15-080511,Black,M,34.0
10415,10416,80-16-016830,Black,M,15.0
10416,10417,80-12-072298,Black,M,18.0
10417,10418,80-15-092608,Black,M,36.0
10418,10419,80-16-091902,Black,M,28.0
10419,10420,80-11-089851,Black,M,13.0
10420,10421,80-16-103672,Black,M,20.0
10421,10422,80-12-076508,Black,M,17.0
10422,10423,80-14-049968,White,M,23.0
10423,10424,80-13-035933,Black,M,17.0
10424,10425,80-13-012913,Black,M,21.0
10425,10426,80-15-008466,Black,M,34.0
10426,10427,80-14-017222,White,M,53.0
10427,10428,80-11-087074,Black,M,37.0
10428,10429,80-12-078415,White,M,62.0
10429,10430,80-15-092606,Black,M,30.0
10430,10431,80-12-099436,Black,M,20.0
10431,10432,80-16-014106,White,M,44.0
10432,10433,80-16-072606,Black,M,16.0
10433,10434,80-16-072606,Black,M,16.0
10434,10435,80-16-072606,Black,M,16.0
10435,10436,80-14-047941,Black,M,18.0
10436,10437,80-14-089114,Black,F,21.0
10437,10438,80-15-001618,White,M,35.0
10438,10439,80-15-001618,White,M,35.0
10439,10440,80-15-001618,White,M,35.0
10440,10441,80-15-005810,Black,M,52.0
10441,10442,80-13-089547,Black,F,36.0
10442,10443,80-13-089547,Black,F,36.0
10443,10444,80-13-089547,Black,F,36.0
10444,10445,80-13-089547,Black,F,36.0
10445,10446,80-13-063278,Black,M,49.0
10446,10447,80-12-102463,White,F,37.0
10447,10448,80-15-072456,Black,M,31.0
10448,10449,80-16-065377,Black,M,20.0
10449,10450,80-14-050855,Black,M,21.0
10450,10451,80-16-065377,Black,M,19.0
10451,10452,80-16-065377,Black,M,20.0
10452,10453,80-16-090089,Black,M,22.0
10453,10454,80-14-050855,Black,M,21.0
10454,10455,80-10-068452,Black,M,20.0
10455,10456,80-10-092190,Unknown,U,
10456,10457,80-13-081413,White,M,22.0
10457,10458,80-12-038574,White,M,31.0
10458,10459,80-16-110196,Black,M,25.0
10459,10460,80-13-023770,Hispanic,M,22.0
10460,10461,80-16-095046,Black,M,
10461,10462,80-16-040303,White,M,16.0
10462,10463,80-16-002740,White,M,37.0
10463,10464,80-15-022231,Black,M,24.0
10464,10465,80-13-059911,Black,M,20.0
10465,10466,80-16-015601,Black,M,19.0
10466,10467,80-12-102290,Black,M,16.0
10467,10468,80-17-009901,Black,M,22.0
10468,10469,80-11-035621,White,M,40.0
10469,10470,80-12-102290,Black,M,16.0
10470,10471,80-16-039590,Black,M,28.0
10471,10472,80-17-005893,Black,F,28.0
10472,10473,80-10-053891,Black,M,32.0
10473,10474,80-16-104147,Black,M,18.0
10474,10475,80-16-090504,Black,M,19.0
10475,10476,80-11-102384,Black,M,17.0
10476,10477,80-10-077082,Black,M,21.0
10477,10478,80-16-098547,Black,M,21.0
10478,10479,80-17-008918,Black,M,43.0
10479,10480,80-10-066869,Black,M,36.0
10480,10481,80-16-104147,Black,M,18.0
10481,10482,80-15-060963,Black,M,22.0
10482,10483,80-17-008660,Unknown,M,38.0
10483,10484,80-13-081413,White,M,22.0
10484,10485,80-16-104147,Black,M,18.0
10485,10486,80-14-011222,Hispanic,M,45.0
10486,10487,80-16-011372,White,M,28.0
10487,10488,80-14-011942,Black,M,22.0
10488,10489,80-14-085086,Black,M,19.0
10489,10490,80-13-057060,Black,M,18.0
10490,10491,80-13-057060,Black,M,18.0
10491,10492,80-13-057060,Black,M,18.0
10492,10493,80-16-098446,Hispanic,M,27.0
10493,10494,80-16-098446,Hispanic,M,27.0
10494,10495,80-12-090565,Black,M,32.0
10495,10496,80-16-012943,White,M,22.0
10496,10497,80-14-036852,White,M,20.0
10497,10498,80-15-036515,Black,M,16.0
10498,10499,80-15-036515,Black,M,16.0
10499,10500,80-16-093866,White,M,26.0
10500,10501,80-12-003816,Black,M,55.0
10501,10502,80-16-099192,Middle Eastern,M,18.0
10502,10503,80-13-084178,White,M,42.0
10503,10504,80-15-103038,White,M,23.0
10504,10505,80-17-008918,Black,M,43.0
10505,10506,80-12-033657,White,M,43.0
10506,10507,80-15-004562,Black,M,20.0
10507,10508,80-14-001545,Black,M,21.0
10508,10509,80-14-001545,Black,M,21.0
10509,10510,80-13-035352,Hispanic,M,22.0
10510,10511,80-12-065491,White,M,26.0
10511,10512,80-15-015477,White,M,37.0
10512,10513,80-16-033267,White,M,22.0
10513,10514,80-16-047463,Black,M,17.0
10514,10515,80-13-045367,Black,M,11.0
10515,10516,80-14-027029,White,M,35.0
10516,10517,80-14-027029,White,M,35.0
10517,10518,80-14-027029,White,M,35.0
10518,10519,80-14-027029,White,M,35.0
10519,10520,80-13-052721,White,M,37.0
10520,10521,80-13-052721,White,M,37.0
10521,10522,80-13-052721,White,M,37.0
10522,10523,80-17-008660,Unknown,M,38.0
10523,10524,80-13-059911,Black,M,20.0
10524,10525,80-10-043365,Black,M,30.0
10525,10526,80-15-094324,Black,M,16.0
10526,10527,80-14-019899,Black,M,17.0
10527,10528,80-17-001054,Black,M,20.0
10528,10529,80-13-074330,Black,F,49.0
10529,10530,80-14-083372,White,M,38.0
10530,10531,80-17-009006,Black,M,17.0
10531,10532,80-17-009006,Black,M,17.0
10532,10533,80-17-008918,Black,M,43.0
10533,10534,80-17-008918,Black,M,43.0
10534,10535,80-17-010769,White,F,23.0
10535,10536,80-17-010769,White,F,23.0
10536,10537,80-17-013601,Black,M,23.0
10537,10538,80-17-013601,Black,M,23.0
10538,10539,80-10-045172,Null,,
10539,10540,80-10-074826,Null,,
10540,10541,80-10-074826,Null,,
10541,10542,80-11-053308,Null,,
10542,10543,80-11-045742,Null,,
10543,10544,80-11-052306,Null,,
10544,10545,80-11-085329,Null,,
10545,10546,80-11-085329,Null,,
10546,10547,80-16-047328,Black,M,25.0
10547,10548,80-17-006196,Black,M,29.0
10548,10549,80-11-067300,White,M,44.0
10549,10550,80-16-084861,Black,M,13.0
10550,10551,80-16-073600,Black,M,31.0
10551,10552,80-10-050291,Black,M,24.0
10552,10553,80-11-099097,Black,M,37.0
10553,10554,80-12-045548,Black,M,23.0
10554,10555,80-14-021529,Black,M,29.0
10555,10556,80-10-039583,American Indian,M,30.0
10556,10557,80-10-039583,American Indian,M,30.0
10557,10558,80-16-073600,Black,M,31.0
10558,10559,80-10-076022,Black,M,32.0
10559,10560,80-16-074776,Black,M,24.0
10560,10561,80-10-079244,Black,M,16.0
10561,10562,80-11-032231,Black,M,18.0
10562,10563,80-11-032231,Black,M,18.0
10563,10564,80-16-071853,White,F,35.0
10564,10565,80-11-093257,Black,M,17.0
10565,10566,80-16-083480,White,F,52.0
10566,10567,80-11-038501,White,M,40.0
10567,10568,80-16-083590,Unknown,M,47.0
10568,10569,80-16-086189,White,M,15.0
10569,10570,80-11-021968,White,M,39.0
10570,10571,80-12-052958,Black,M,45.0
10571,10572,80-11-055937,Black,M,30.0
10572,10573,80-10-068452,Black,M,20.0
10573,10574,80-12-018889,White,M,30.0
10574,10575,80-16-104147,Black,M,18.0
10575,10576,80-17-008660,Unknown,M,38.0
10576,10577,80-13-081413,White,M,22.0
10577,10578,80-11-097257,Black,M,58.0
10578,10579,80-13-024185,White,M,34.0
10579,10580,80-13-035966,White,M,23.0
10580,10581,80-17-002988,Black,M,23.0
10581,10582,80-14-029717,Black,M,22.0
10582,10583,80-16-047463,Black,M,17.0
10583,10584,80-15-070972,Black,M,24.0
10584,10585,80-16-041641,White,M,34.0
10585,10586,80-15-094064,Black,M,19.0
10586,10587,80-16-097509,Black,M,17.0
10587,10588,80-13-064835,Black,M,18.0
10588,10589,80-16-053662,Black,M,21.0
10589,10590,80-16-053662,Black,M,21.0
10590,10591,80-16-053662,Black,M,21.0
10591,10592,80-16-053662,Black,M,21.0
10592,10593,80-13-093537,White,M,22.0
10593,10594,80-14-075543,White,M,46.0
10594,10595,80-11-053011,Black,M,17.0
10595,10596,80-16-026418,Black,F,19.0
10596,10597,80-16-089881,White,M,65.0
10597,10598,80-16-089881,White,M,65.0
10598,10599,80-16-030614,White,M,25.0
10599,10600,80-11-086391,Black,M,16.0
10600,10601,80-16-030614,White,M,25.0
10601,10602,80-16-074782,Black,M,23.0
10602,10603,80-13-007996,White,F,28.0
10603,10604,80-13-007996,White,F,28.0
10604,10605,80-14-038909,Black,M,
10605,10606,80-14-015952,White,M,23.0
10606,10607,80-16-050201,White,M,21.0
10607,10608,80-16-050201,White,M,21.0
10608,10609,80-16-050201,White,M,21.0
10609,10610,80-16-067928,Black,M,19.0
10610,10611,80-16-067928,Black,M,19.0
10611,10612,80-16-050892,Black,M,20.0
10612,10613,80-15-009014,Black,M,25.0
10613,10614,80-16-074776,Black,M,24.0
10614,10615,80-16-074776,Black,M,24.0
10615,10616,80-17-006070,Black,M,41.0
10616,10617,80-16-065377,Black,M,19.0
10617,10618,80-15-027725,Black,M,20.0
10618,10619,80-11-048655,Black,M,31.0
10619,10620,80-17-005736,White,M,51.0
10620,10621,80-14-100324,Black,M,17.0
10621,10622,80-14-100324,Black,M,17.0
10622,10623,80-13-099951,Black,M,23.0
10623,10624,80-10-070581,White,F,59.0
10624,10625,80-15-072791,White,M,21.0
10625,10626,80-13-078995,Black,M,22.0
10626,10627,80-16-108435,Black,M,28.0
10627,10628,80-12-091039,Black,M,21.0
10628,10629,80-12-091039,Black,M,21.0
10629,10630,80-12-048183,Black,M,15.0
10630,10631,80-12-045160,Black,M,16.0
10631,10632,80-12-084527,Black,M,63.0
10632,10633,80-11-021413,White,M,48.0
10633,10634,80-12-084527,Black,M,63.0
10634,10635,80-11-029936,White,M,
10635,10636,80-11-021413,White,M,48.0
10636,10637,80-11-029936,White,M,
10637,10638,80-13-081413,White,M,22.0
10638,10639,80-11-021413,White,M,48.0
10639,10640,80-11-021413,White,M,48.0
10640,10641,80-11-067698,Black,M,40.0
10641,10642,80-11-008858,White,M,55.0
10642,10643,80-10-044969,White,M,23.0
10643,10644,80-11-103111,Black,M,26.0
10644,10645,80-11-103111,Black,M,26.0
10645,10646,80-11-103111,Black,M,26.0
10646,10647,80-11-103111,Black,M,26.0
10647,10648,80-08-097721,Black,M,45.0
10648,10649,80-08-097721,Black,M,45.0
10649,10650,80-08-097721,Black,M,45.0
10650,10651,80-10-059860,Black,M,20.0
10651,10652,80-12-006893,Black,M,33.0
10652,10653,80-12-007937,White,M,46.0
10653,10654,80-17-000477,White,M,50.0
10654,10655,80-11-021662,Black,M,27.0
10655,10656,80-11-021662,Black,M,27.0
10656,10657,80-11-021662,Black,M,27.0
10657,10658,80-17-004756,White,M,40.0
10658,10659,80-10-065752,Black,M,23.0
10659,10660,80-11-102384,Black,M,17.0
10660,10661,80-11-020037,Black,M,24.0
10661,10662,80-11-020037,Black,M,24.0
10662,10663,80-11-014240,White,M,22.0
10663,10664,80-11-014240,White,M,22.0
10664,10665,80-12-017625,White,M,51.0
10665,10666,80-11-100775,Black,M,18.0
10666,10667,80-12-023700,Black,M,48.0
10667,10668,80-12-051533,Black,M,19.0
10668,10669,80-12-019263,Black,F,26.0
10669,10670,80-10-050222,Null,M,23.0
10670,10671,80-11-005845,White,M,26.0
10671,10672,80-11-017716,White,M,29.0
10672,10673,80-11-084277,White,M,43.0
10673,10674,80-11-021323,Black,M,26.0
10674,10675,80-11-031946,Black,M,29.0
10675,10676,80-10-091150,Black,M,26.0
10676,10677,80-10-091150,Black,M,26.0
10677,10678,80-10-097409,Black,M,18.0
10678,10679,80-11-029936,White,M,
10679,10680,80-11-029936,White,M,
10680,10681,80-10-070581,White,F,59.0
10681,10682,80-16-088226,Black,M,25.0
10682,10683,80-16-088226,Black,M,25.0
10683,10684,80-17-003186,White,M,33.0
10684,10685,80-16-011372,White,M,28.0
10685,10686,80-16-011372,White,M,28.0
10686,10687,80-10-044520,Black,M,36.0
10687,10688,80-13-048565,Black,M,20.0
10688,10689,80-13-024349,Black,M,15.0
10689,10690,80-13-025951,Black,M,22.0
10690,10691,80-14-065264,White,M,52.0
10691,10692,80-10-083294,White,M,46.0
10692,10693,80-10-000185,White,M,27.0
10693,10694,80-10-000185,White,M,27.0
10694,10695,80-16-080473,Black,M,19.0
10695,10696,80-14-093625,White,M,26.0
10696,10697,80-15-041238,Black,M,24.0
10697,10698,80-10-083294,White,M,46.0
10698,10699,80-16-097340,Black,F,17.0
10699,10700,80-17-013445,Black,M,38.0
10700,10701,80-16-046545,White,M,29.0
10701,10702,80-13-010931,Black,M,24.0
10702,10703,80-11-070443,Black,M,
10703,10704,80-11-070443,Black,M,
10704,10705,80-16-014537,Black,M,21.0
10705,10706,80-13-087277,Black,M,17.0
10706,10707,80-14-071609,Black,M,21.0
10707,10708,80-15-067064,White,F,50.0
10708,10709,80-10-041866,Black,F,12.0
10709,10710,80-11-074943,Unknown,M,31.0
10710,10711,80-11-021323,Black,M,26.0
10711,10712,80-11-074943,Unknown,M,31.0
10712,10713,80-11-074943,Unknown,M,31.0
10713,10714,80-13-024349,Black,M,15.0
10714,10715,80-13-024349,Black,M,15.0
10715,10716,80-12-057822,White,M,27.0
10716,10717,80-14-065264,White,M,52.0
10717,10718,80-10-037079,Black,M,21.0
10718,10719,80-14-029280,Black,F,24.0
10719,10720,80-10-083294,White,M,46.0
10720,10721,80-10-083294,White,M,46.0
10721,10722,80-16-024760,Black,M,18.0
10722,10723,80-11-065990,Black,M,20.0
10723,10724,80-13-052817,Black,M,19.0
10724,10725,80-13-055282,Black,M,27.0
10725,10726,80-10-093312,Black,M,34.0
10726,10727,80-10-093312,Black,M,34.0
10727,10728,80-11-101153,Black,M,57.0
10728,10729,80-16-063564,Black,M,19.0
10729,10730,80-16-063564,Black,M,19.0
10730,10731,80-10-035773,White,M,27.0
10731,10732,80-10-035773,White,M,27.0
10732,10733,80-10-035773,White,M,27.0
10733,10734,80-12-029612,White,M,26.0
10734,10735,80-12-084556,Black,M,27.0
10735,10736,80-13-055805,Black,F,33.0
10736,10737,80-13-055805,Black,F,33.0
10737,10738,80-13-055805,Black,F,33.0
10738,10739,80-13-077848,Black,M,32.0
10739,10740,80-13-077848,Black,M,32.0
10740,10741,80-15-079986,Black,F,25.0
10741,10742,80-11-036193,White,M,26.0
10742,10743,80-11-036193,White,M,26.0
10743,10744,80-11-036193,White,M,26.0
10744,10745,80-16-101135,Black,M,23.0
10745,10746,80-16-101135,Black,M,23.0
10746,10747,80-16-101135,Black,M,23.0
10747,10748,80-16-101135,Black,M,23.0
10748,10749,80-11-000424,Hispanic,M,25.0
10749,10750,80-10-010980,Black,M,24.0
10750,10751,80-15-104429,Black,M,18.0
10751,10752,80-16-036876,Black,M,24.0
10752,10753,80-11-005506,White,M,45.0
10753,10754,80-15-048638,Black,M,27.0
10754,10755,80-11-039764,Null,,
10755,10756,80-11-039764,Null,,
10756,10757,80-16-031868,Black,M,66.0
10757,10758,80-11-091354,White,M,55.0
10758,10759,80-17-012997,Black,M,19.0
10759,10760,80-12-102668,Black,F,23.0
10760,10761,80-15-087954,Black,M,22.0
10761,10762,80-11-101788,Black,M,39.0
10762,10763,80-11-101788,Black,M,39.0
10763,10764,80-13-067435,White,M,36.0
10764,10765,80-12-036545,White,M,36.0
10765,10766,80-12-036545,White,M,36.0
10766,10767,80-12-036545,White,M,36.0
10767,10768,80-13-042000,Black,M,18.0
10768,10769,80-13-009545,Black,M,26.0
10769,10770,80-15-025165,Black,M,18.0
10770,10771,80-15-104429,Black,M,18.0
10771,10772,80-15-062083,White,M,22.0
10772,10773,80-16-016830,Black,M,15.0
10773,10774,80-16-016830,Black,M,15.0
10774,10775,80-12-034895,Black,M,17.0
10775,10776,80-13-085791,Black,M,22.0
10776,10777,80-17-008545,Black,M,33.0
10777,10778,80-15-062157,Black,M,26.0
10778,10779,80-16-037159,Black,M,18.0
10779,10780,80-14-062951,Hispanic,M,19.0
10780,10781,80-14-062951,Hispanic,M,19.0
10781,10782,80-14-062951,Hispanic,M,19.0
10782,10783,80-14-062951,Hispanic,M,19.0
10783,10784,80-14-062951,Hispanic,M,19.0
10784,10785,80-16-059063,Black,M,22.0
10785,10786,80-17-007485,White,M,22.0
10786,10787,80-12-072298,Black,M,18.0
10787,10788,80-16-105424,Black,M,19.0
10788,10789,80-12-023997,White,F,30.0
10789,10790,80-17-007159,White,M,56.0
10790,10791,80-17-007159,White,M,56.0
10791,10792,80-17-007159,White,M,56.0
10792,10793,80-16-036584,Unknown,M,26.0
10793,10794,80-17-007236,White,M,27.0
10794,10795,80-17-007236,White,M,27.0
10795,10796,80-17-007236,White,M,27.0
10796,10797,80-16-036584,Unknown,M,26.0
10797,10798,80-13-076499,White,M,45.0
10798,10799,80-14-086749,Hispanic,M,17.0
10799,10800,80-14-086749,Hispanic,M,17.0
10800,10801,80-11-061212,Null,,
10801,10802,80-16-050399,Null,,
10802,10803,80-15-011094,Null,,
10803,10804,80-11-072419,Null,,
10804,10805,80-10-096404,Null,,
10805,10806,80-11-064683,Null,,
10806,10807,80-11-099453,Null,,
10807,10808,80-12-008691,Null,,
10808,10809,80-12-036248,Null,,
10809,10810,80-12-039148,Null,,
10810,10811,80-12-041085,Null,,
10811,10812,80-12-054341,Null,,
10812,10813,80-12-056070,Null,,
10813,10814,80-12-056070,Null,,
10814,10815,80-12-056070,Null,,
10815,10816,80-12-063483,Null,,
10816,10817,80-11-091917,Null,,
10817,10818,80-12-078580,Null,,
10818,10819,80-13-002107,Null,,
10819,10820,80-11-103800,Null,,
10820,10821,80-11-103755,Null,,
10821,10822,80-12-001750,Null,,
10822,10823,80-12-004755,Null,,
10823,10824,80-12-021626,Null,,
10824,10825,80-12-028792,Null,,
10825,10826,80-12-028158,Null,,
10826,10827,80-12-046141,Null,,
10827,10828,80-12-056629,Null,,
10828,10829,80-12-059186,Null,,
10829,10830,80-11-006045,Null,,
10830,10831,80-11-083709,Null,,
10831,10832,80-12-060740,Null,,
10832,10833,80-12-096473,Null,,
10833,10834,80-16-036014,Null,,
10834,10835,80-16-109803,Null,,
10835,10836,80-12-102855,Null,,
10836,10837,80-12-102932,Null,,
10837,10838,80-13-018389,Null,,
10838,10839,80-13-025605,Null,,
10839,10840,80-13-028702,Null,,
10840,10841,80-12-083531,Null,,
10841,10842,80-12-090728,Null,,
10842,10843,80-13-060697,Null,,
10843,10844,80-13-064052,Null,,
10844,10845,80-13-048865,Null,,
10845,10846,80-13-050763,Null,,
10846,10847,80-13-079733,Null,,
10847,10848,80-13-083264,Null,,
10848,10849,80-13-088696,Null,,
10849,10850,80-13-027311,Null,,
10850,10851,80-13-030049,Null,,
10851,10852,80-13-034286,Null,,
10852,10853,80-13-060697,Null,,
10853,10854,80-12-061478,Null,,
10854,10855,80-10-072597,White,M,46.0
10855,10856,80-12-061478,Null,,
10856,10857,80-17-010334,Null,,
10857,10858,80-16-105435,Null,,
10858,10859,80-12-061478,Null,,
10859,10860,80-16-060509,Null,,
10860,10861,80-12-061478,Null,,
10861,10862,80-14-085625,Null,,
10862,10863,80-10-072597,White,M,46.0
10863,10864,80-15-073041,Null,,
10864,10865,80-16-061541,Null,,
10865,10866,80-17-000578,Null,,
10866,10867,80-11-085950,Null,,
10867,10868,80-14-093070,Null,,
10868,10869,80-10-089139,Black,M,35.0
10869,10870,80-11-035574,Black,M,21.0
10870,10871,80-11-007359,White,M,30.0
10871,10872,80-10-054998,Black,F,18.0
10872,10873,80-11-046922,Black,M,53.0
10873,10874,80-10-049961,White,M,31.0
10874,10875,80-11-098269,Black,M,25.0
10875,10876,80-10-052280,Black,M,33.0
10876,10877,80-10-057695,Black,M,17.0
10877,10878,80-10-063381,Black,M,23.0
10878,10879,80-10-094040,Unknown,U,
10879,10880,80-11-009023,White,M,21.0
10880,10881,80-11-014452,White,M,21.0
10881,10882,80-10-060279,White,M,36.0
10882,10883,80-11-097162,Black,M,34.0
10883,10884,80-11-083591,Black,M,43.0
10884,10885,80-12-043270,Black,M,62.0
10885,10886,80-10-072597,White,M,46.0
10886,10887,80-11-026368,White,M,22.0
10887,10888,80-12-037539,Black,M,
10888,10889,80-10-010759,Null,,
10889,10890,80-10-003031,Null,,
10890,10891,80-10-005966,Null,,
10891,10892,80-10-016518,Null,,
10892,10893,80-10-003857,Null,,
10893,10894,80-10-035366,Null,,
10894,10895,80-10-037631,Null,,
10895,10896,80-10-023835,Null,,
10896,10897,80-10-027630,Null,,
10897,10898,80-10-064377,Null,,
10898,10899,80-10-066575,Null,,
10899,10900,80-10-097992,Null,,
10900,10901,80-11-015553,Null,,
10901,10902,80-11-022672,Null,,
10902,10903,80-11-027618,Null,,
10903,10904,80-10-060330,Null,,
10904,10905,80-10-055632,Null,,
10905,10906,80-10-056655,Null,,
10906,10907,80-10-071981,Null,,
10907,10908,80-10-095443,Null,,
10908,10909,80-11-015290,Null,,
10909,10910,80-11-052395,Null,,
10910,10911,80-11-056906,Null,,
10911,10912,80-11-063990,Null,,
10912,10913,80-10-005640,Null,,
10913,10914,80-10-045857,Null,,
10914,10915,80-11-035668,Null,,
10915,10916,80-11-045385,Null,,
10916,10917,80-11-080779,White,M,28.0
10917,10918,80-15-100930,Null,,
10918,10919,80-15-012809,Null,,
10919,10920,80-11-085950,Null,,
10920,10921,80-16-063789,Null,,
10921,10922,80-15-101935,Null,,
10922,10923,80-14-050329,Null,,
10923,10924,80-12-039148,Null,,
10924,10925,80-11-080779,White,M,30.0
10925,10926,80-15-003737,Null,,
10926,10927,80-12-042801,White,M,67.0
10927,10928,80-16-055222,Null,,
10928,10929,80-16-069432,Null,,
10929,10930,80-10-080128,White,M,23.0
10930,10931,80-15-064628,Null,,
10931,10932,80-16-018134,Null,,
10932,10933,80-15-061994,Null,,
10933,10934,80-16-075974,Null,,
10934,10935,80-13-052542,Null,,
10935,10936,80-10-080128,White,M,23.0
10936,10937,80-15-059123,Null,,
10937,10938,80-16-017573,Null,,
10938,10939,80-16-078441,Null,,
10939,10940,80-16-100601,Null,,
10940,10941,80-12-043348,Null,,
10941,10942,80-11-003736,Black,M,37.0
10942,10943,80-15-066378,Null,,
10943,10944,80-16-027602,Null,,
10944,10945,80-15-078336,Null,,
10945,10946,80-16-107055,Null,,
10946,10947,80-17-002802,Null,,
10947,10948,80-10-005885,Null,,
10948,10949,80-10-009120,Null,,
10949,10950,80-10-023830,Null,,
10950,10951,80-10-068049,Null,,
10951,10952,80-11-061936,Null,,
10952,10953,80-10-064377,Null,,
10953,10954,80-10-100184,Null,,
10954,10955,80-11-000263,Null,,
10955,10956,80-11-035432,Null,,
10956,10957,80-11-074023,Null,,
10957,10958,80-11-040861,Null,,
10958,10959,80-11-049704,Null,,
10959,10960,80-12-093463,Null,,
10960,10961,80-13-011063,Null,,
10961,10962,80-13-030963,Null,,
10962,10963,80-13-051554,Null,,
10963,10964,80-13-062767,Null,,
10964,10965,80-13-071475,Null,,
10965,10966,80-13-071475,Null,,
10966,10967,80-13-092696,Null,,
10967,10968,80-12-062895,Null,,
10968,10969,80-12-069554,Null,,
10969,10970,80-12-087467,Null,,
10970,10971,80-12-101205,Null,,
10971,10972,80-13-009797,Null,,
10972,10973,80-13-029834,Null,,
10973,10974,80-13-045214,Null,,
10974,10975,80-13-045214,Null,,
10975,10976,80-13-044938,Null,,
10976,10977,80-13-056095,Null,,
10977,10978,80-13-060697,Null,,
10978,10979,80-14-078586,Null,,
10979,10980,80-14-078586,Null,,
10980,10981,80-14-090014,Null,,
10981,10982,80-14-099942,Null,,
10982,10983,80-16-087063,Null,,
10983,10984,80-12-060629,Null,,
10984,10985,80-13-057974,Null,,
10985,10986,80-16-065183,Null,,
10986,10987,80-16-028906,Null,,
10987,10988,80-16-076468,Null,,
10988,10989,80-16-036196,Null,,
10989,10990,80-16-057701,Null,,
10990,10991,80-16-100601,Null,,
10991,10992,80-16-027602,Null,,
10992,10993,80-16-105242,Null,,
10993,10994,80-14-001290,Null,,
10994,10995,80-14-017886,Null,,
10995,10996,80-14-045498,Null,,
10996,10997,80-14-060597,Null,,
10997,10998,80-14-081333,Null,,
10998,10999,80-14-081333,Null,,
10999,11000,80-14-099942,Null,,
11000,11001,80-15-010890,Null,,
11001,11002,80-12-034029,Null,,
11002,11003,80-16-098923,Null,,
11003,11004,80-12-087467,Null,,
11004,11005,80-15-000226,Null,,
11005,11006,80-12-087948,Null,,
11006,11007,80-15-066517,Null,,
11007,11008,80-15-085953,Null,,
11008,11009,80-15-000226,Null,,
11009,11010,80-15-000226,Null,,
11010,11011,80-14-034298,Null,,
11011,11012,80-16-025052,Null,,
11012,11013,80-15-024444,Null,,
11013,11014,80-15-051443,Null,,
11014,11015,80-15-007312,Null,,
11015,11016,80-16-004172,Null,,
11016,11017,80-16-004172,Null,,
11017,11018,80-16-004172,Null,,
11018,11019,80-15-044526,Null,,
11019,11020,80-17-005978,Null,,
11020,11021,80-17-012897,Null,,
11021,11022,80-16-063937,Null,,
11022,11023,80-14-032826,Null,,
11023,11024,80-14-024655,Null,,
11024,11025,80-14-041818,Null,,
11025,11026,80-14-033534,Null,,
11026,11027,80-14-068706,Null,,
11027,11028,80-14-070427,Null,,
11028,11029,80-14-078586,Null,,
11029,11030,80-15-081916,Null,,
11030,11031,80-14-093070,Null,,
11031,11032,80-14-093070,Null,,
11032,11033,80-14-093070,Null,,
11033,11034,80-15-002002,Null,,
11034,11035,80-15-007623,Null,,
11035,11036,80-15-010975,Null,,
11036,11037,80-15-012495,Null,,
11037,11038,80-12-043348,Null,,
11038,11039,80-15-010059,Null,,
11039,11040,80-15-045458,Null,,
11040,11041,80-15-055920,Null,,
11041,11042,80-15-068318,Null,,
11042,11043,80-15-102257,Null,,
11043,11044,80-16-013434,Null,,
11044,11045,80-16-017812,Null,,
11045,11046,80-16-025726,Null,,
11046,11047,80-16-039691,Null,,
11047,11048,80-12-015611,Black,M,24.0
11048,11049,80-12-097879,Null,,
11049,11050,80-13-014765,Null,,
11050,11051,80-13-056097,Null,,
11051,11052,80-13-059907,Null,,
11052,11053,80-13-095620,Null,,
11053,11054,80-13-099623,Null,,
11054,11055,80-10-003857,Null,,
11055,11056,80-10-009943,Null,,
11056,11057,80-10-026980,Null,,
11057,11058,80-10-049909,Null,,
11058,11059,80-10-056655,Null,,
11059,11060,80-10-064377,Null,,
11060,11061,80-10-098887,Null,,
11061,11062,80-11-000670,Null,,
11062,11063,80-10-100883,Null,,
11063,11064,80-11-033871,Null,,
11064,11065,80-11-051021,Null,,
11065,11066,80-12-010354,Null,,
11066,11067,80-12-023656,Null,,
11067,11068,80-12-024452,Null,,
11068,11069,80-12-021157,Null,,
11069,11070,80-12-038894,Null,,
11070,11071,80-12-089112,Null,,
11071,11072,80-13-010502,Null,,
11072,11073,80-13-041086,Null,,
11073,11074,80-14-038560,Null,,
11074,11075,80-15-092846,Null,,
11075,11076,80-10-089026,Black,M,25.0
11076,11077,80-12-043348,Null,,
11077,11078,80-12-043348,Null,,
11078,11079,80-12-043348,Null,,
11079,11080,80-12-043348,Null,,
11080,11081,80-12-043348,Null,,
11081,11082,80-13-052542,Null,,
11082,11083,80-12-039180,Null,,
11083,11084,80-12-039180,Null,,
11084,11085,80-12-071366,Null,,
11085,11086,80-12-071366,Null,,
11086,11087,80-15-096884,Null,,
11087,11088,80-12-081680,Null,,
11088,11089,80-15-079050,Null,,
11089,11090,80-11-014004,White,M,26.0
11090,11091,80-14-026126,Null,,
11091,11092,80-15-085953,Null,,
11092,11093,80-11-014004,White,M,26.0
11093,11094,80-14-025817,Null,,
11094,11095,80-15-103208,Null,,
11095,11096,80-11-061824,White,M,37.0
11096,11097,80-14-033469,Null,,
11097,11098,80-16-028070,Null,,
11098,11099,80-14-011378,Null,,
11099,11100,80-12-000664,White,M,44.0
11100,11101,80-14-058197,Null,,
11101,11102,80-15-024444,Null,,
11102,11103,80-13-073994,Null,,
11103,11104,80-15-013997,Null,,
11104,11105,80-14-002074,Null,,
11105,11106,80-15-013997,Null,,
11106,11107,80-14-019965,Null,,
11107,11108,80-15-050969,Null,,
11108,11109,80-14-019133,Null,,
11109,11110,80-15-055920,Null,,
11110,11111,80-13-078545,Null,,
11111,11112,80-15-041755,Null,,
11112,11113,80-13-080783,Null,,
11113,11114,80-16-013946,Null,,
11114,11115,80-13-082462,Null,,
11115,11116,80-16-023546,Null,,
11116,11117,80-13-085288,Null,,
11117,11118,80-16-023546,Null,,
11118,11119,80-13-088545,Null,,
11119,11120,80-16-023546,Null,,
11120,11121,80-12-062164,Null,,
11121,11122,80-16-023546,Null,,
11122,11123,80-14-078586,Null,,
11123,11124,80-16-023546,Null,,
11124,11125,80-14-078586,Null,,
11125,11126,80-16-023546,Null,,
11126,11127,80-14-088839,Null,,
11127,11128,80-16-032330,Null,,
11128,11129,80-16-036014,Null,,
11129,11130,80-16-036390,Null,,
11130,11131,80-16-059767,Null,,
11131,11132,80-16-074486,Null,,
11132,11133,80-16-074486,Null,,
11133,11134,80-16-093550,Null,,
11134,11135,80-16-087679,Null,,
11135,11136,80-16-099304,Null,,
11136,11137,80-15-082108,Null,,
11137,11138,80-15-091380,Null,,
11138,11139,80-15-091617,Null,,
11139,11140,80-15-100930,Null,,
11140,11141,80-16-003455,Null,,
11141,11142,80-16-001770,Null,,
11142,11143,80-16-005179,Null,,
11143,11144,80-15-077109,Null,,
11144,11145,80-15-094543,Null,,
11145,11146,80-15-102257,Null,,
11146,11147,80-15-101162,Null,,
11147,11148,80-16-006065,Null,,
11148,11149,80-16-008407,Null,,
11149,11150,80-16-010502,Null,,
11150,11151,80-10-040980,Black,M,18.0
11151,11152,80-10-058047,Unknown,U,
11152,11153,80-10-058047,Unknown,U,
11153,11154,80-14-093070,Null,,
11154,11155,80-10-068605,White,M,43.0
11155,11156,80-15-011993,Null,,
11156,11157,80-12-001556,White,M,20.0
11157,11158,80-10-073341,Black,M,19.0
11158,11159,80-11-021968,White,M,39.0
11159,11160,80-10-102584,Black,M,38.0
11160,11161,80-10-091417,Black,M,31.0
11161,11162,80-11-035621,White,M,40.0
11162,11163,80-10-094147,White,M,29.0
11163,11164,80-11-003387,Black,M,36.0
11164,11165,80-11-012189,White,M,26.0
11165,11166,80-11-010393,Black,M,24.0
11166,11167,80-12-033657,White,M,43.0
11167,11168,80-11-014452,White,M,21.0
11168,11169,80-10-049678,Black,M,31.0
11169,11170,80-10-060279,White,M,36.0
11170,11171,80-11-029936,White,M,
11171,11172,80-11-029936,White,M,
11172,11173,80-11-072246,Black,M,26.0
11173,11174,80-11-072246,Black,M,26.0
11174,11175,80-11-072246,Black,M,26.0
11175,11176,80-11-038281,Unknown,U,38.0
11176,11177,80-11-065714,Black,M,18.0
11177,11178,80-11-058327,White,M,
11178,11179,80-11-058327,White,M,
11179,11180,80-11-082845,White,M,33.0
11180,11181,80-11-082845,White,M,33.0
11181,11182,80-11-082845,White,M,33.0
11182,11183,80-12-008669,White,M,47.0
11183,11184,80-12-008669,White,M,47.0
11184,11185,80-08-097721,Black,M,45.0
11185,11186,80-11-073992,Black,M,32.0
11186,11187,80-12-037539,Black,M,
11187,11188,80-12-037539,Black,M,
11188,11189,80-12-024324,Black,M,24.0
11189,11190,80-16-024798,Black,M,25.0
11190,11191,80-12-090838,Null,,
11191,11192,80-15-022390,Null,,
11192,11193,80-15-028676,Null,,
11193,11194,80-14-033534,Null,,
11194,11195,80-14-010915,Null,,
11195,11196,80-14-068433,Null,,
11196,11197,80-13-092696,Null,,
11197,11198,80-14-084873,Null,,
11198,11199,80-15-013997,Null,,
11199,11200,80-15-013997,Null,,
11200,11201,80-14-060609,Null,,
11201,11202,80-17-012897,Null,,
11202,11203,80-11-012085,Null,,15.0
11203,11204,80-14-100649,Null,,
11204,11205,80-14-019152,Null,,
11205,11206,80-12-057823,Null,,
11206,11207,80-14-050329,Null,,
11207,11208,80-12-081680,Null,,
11208,11209,80-16-002235,Null,,
11209,11210,80-13-012932,Null,,
11210,11211,80-15-013997,Null,,
11211,11212,80-15-075433,Null,,
11212,11213,80-15-024444,Null,,
11213,11214,80-15-024444,Null,,
11214,11215,80-15-013997,Null,,
11215,11216,80-15-023732,Null,,
11216,11217,80-15-079926,Null,,
11217,11218,80-11-035432,Null,,
11218,11219,80-15-038269,Null,,
11219,11220,80-16-083385,Null,,
11220,11221,80-15-001070,Null,,
11221,11222,80-15-041711,Null,,
11222,11223,80-14-001290,Null,,
11223,11224,80-16-079462,Null,,
11224,11225,80-11-051102,Null,,
11225,11226,80-15-035052,Null,,
11226,11227,80-17-014321,Null,,
11227,11228,80-15-033669,Null,,
11228,11229,80-15-065169,Null,,
11229,11230,80-15-018463,Null,,
11230,11231,80-14-061568,Null,,
11231,11232,80-11-104492,Null,,
11232,11233,80-16-087063,Null,,
11233,11234,80-15-052635,Null,,
11234,11235,80-16-096634,Null,,
11235,11236,80-15-000226,Null,,
11236,11237,80-15-000226,Null,,
11237,11238,80-11-052248,Null,,
11238,11239,80-10-039678,Null,,
11239,11240,80-10-089740,Null,,
11240,11241,80-11-060418,Null,,
11241,11242,80-11-007836,Null,,
11242,11243,80-11-065723,Null,,
11243,11244,80-11-080844,Null,,
11244,11245,80-11-046047,Null,,
11245,11246,80-11-040257,Null,,
11246,11247,80-11-051102,Null,,
11247,11248,80-17-014494,Null,,
11248,11249,80-11-088086,Null,,
11249,11250,80-11-100025,Null,,
11250,11251,80-16-006622,Null,,
11251,11252,80-12-081680,Null,,
11252,11253,80-12-028158,Null,,
11253,11254,80-12-086033,Null,,
11254,11255,80-13-013342,Null,,
11255,11256,80-13-028138,Null,,
11256,11257,80-13-055988,Null,,
11257,11258,80-13-084063,Null,,
11258,11259,80-13-092121,Null,,
11259,11260,80-13-093022,Null,,
11260,11261,80-14-022990,Null,,
11261,11262,80-14-041480,Null,,
11262,11263,80-14-061284,Null,,
11263,11264,80-14-076637,Null,,
11264,11265,80-13-059376,Null,,
11265,11266,80-13-012932,Null,,
11266,11267,80-15-049417,Null,,
11267,11268,80-11-088462,Null,,
11268,11269,80-16-089626,Null,,
11269,11270,80-14-007111,Null,,
11270,11271,80-16-004172,Null,,
11271,11272,80-15-051133,Null,,
11272,11273,80-16-034469,Null,,
11273,11274,80-10-047612,Null,,
11274,11275,80-14-077696,Null,,
11275,11276,80-15-065487,Null,,
11276,11277,80-17-008744,Null,,
11277,11278,80-10-058642,Null,,
11278,11279,80-16-055222,Null,,
11279,11280,80-16-004172,Null,,
11280,11281,80-15-093569,Null,,
11281,11282,80-11-099224,Null,,
11282,11283,80-11-039055,Null,,
11283,11284,80-10-079957,Null,,
11284,11285,80-16-004663,Null,,
11285,11286,80-15-100930,Null,,
11286,11287,80-12-010497,Null,,
11287,11288,80-11-001550,Null,,
11288,11289,80-16-022239,Null,,
11289,11290,80-16-005711,Null,,
11290,11291,80-12-102855,Null,,
11291,11292,80-12-049610,Null,,
11292,11293,80-11-035192,Null,,
11293,11294,80-16-025654,Null,,
11294,11295,80-16-033609,Null,,
11295,11296,80-16-042290,Null,,
11296,11297,80-16-048737,Null,,
11297,11298,80-16-062658,Null,,
11298,11299,80-16-078885,Null,,
11299,11300,80-14-041370,Null,,
11300,11301,80-14-078586,Null,,
11301,11302,80-14-078586,Null,,
11302,11303,80-16-032601,Null,,
11303,11304,80-16-097749,Null,,
11304,11305,80-15-032330,Null,,
11305,11306,80-15-033117,Null,,
11306,11307,80-15-035974,Null,,
11307,11308,80-15-091746,Null,,
11308,11309,80-10-004757,Null,,
11309,11310,80-10-009120,Null,,
11310,11311,80-10-015324,Null,,
11311,11312,80-10-070309,Null,,
11312,11313,80-10-079387,Null,,
11313,11314,80-11-010943,Null,,
11314,11315,80-11-017224,Null,,
11315,11316,80-11-051102,Null,,
11316,11317,80-11-075504,Null,,
11317,11318,80-11-068174,Null,,
11318,11319,80-16-019315,Null,,
11319,11320,80-16-025654,Null,,
11320,11321,80-16-042612,Null,,
11321,11322,80-16-061498,Null,,
11322,11323,80-16-065740,Null,,
11323,11324,80-16-081572,Null,,
11324,11325,80-16-095059,Null,,
11325,11326,80-16-109803,Null,,
11326,11327,80-16-110157,Null,,
11327,11328,80-17-006522,Null,,
11328,11329,80-17-014321,Null,,
11329,11330,80-14-027853,Null,,
11330,11331,80-14-041880,Null,,
11331,11332,80-14-047999,Null,,
11332,11333,80-14-060597,Null,,
11333,11334,80-14-065133,Null,,
11334,11335,80-14-075138,Null,,
11335,11336,80-15-002415,Null,,
11336,11337,80-16-005836,Null,,
11337,11338,80-12-072979,Null,,
11338,11339,80-13-009232,Null,,
11339,11340,80-11-051558,Null,,
11340,11341,80-12-088248,Null,,
11341,11342,80-13-060697,Null,,
11342,11343,80-16-005711,Null,,
11343,11344,80-15-040019,Null,,
11344,11345,80-12-040374,Null,,
11345,11346,80-11-072387,Null,,
11346,11347,80-13-020577,Null,,
11347,11348,80-12-080531,Null,,
11348,11349,80-16-006622,Null,,
11349,11350,80-15-055920,Null,,
11350,11351,80-13-066765,Null,,
11351,11352,80-13-020577,Null,,
11352,11353,80-12-092574,Null,,
11353,11354,80-16-025654,Null,,
11354,11355,80-15-082108,Null,,
11355,11356,80-13-064355,Null,,
11356,11357,80-13-020577,Null,,
11357,11358,80-13-020537,Null,,
11358,11359,80-16-030047,Null,,
11359,11360,80-16-030378,Null,,
11360,11361,80-16-036014,Null,,
11361,11362,80-16-036390,Null,,
11362,11363,80-16-040759,Null,,
11363,11364,80-16-052688,Null,,
11364,11365,80-16-078157,Null,,
11365,11366,80-17-006938,Null,,
11366,11367,80-14-016660,Null,,
11367,11368,80-14-029450,Null,,
11368,11369,80-14-045481,Null,,
11369,11370,80-15-012495,Null,,
11370,11371,80-15-026455,Null,,
11371,11372,80-15-081875,Null,,
11372,11373,80-15-085058,Null,,
11373,11374,80-15-099390,Null,,
11374,11375,80-15-100930,Null,,
11375,11376,80-14-077480,Null,,
11376,11377,80-14-061568,Null,,
11377,11378,80-16-096579,Null,,
11378,11379,80-14-021347,Null,,
11379,11380,80-14-066188,Null,,
11380,11381,80-16-096634,Null,,
11381,11382,80-16-096634,Null,,
11382,11383,80-15-077073,Null,,
11383,11384,80-10-029473,Null,,
11384,11385,80-15-073634,Null,,
11385,11386,80-15-091617,Null,,
11386,11387,80-15-098989,Null,,
11387,11388,80-16-005711,Null,,
11388,11389,80-16-059114,Null,,
11389,11390,80-10-004471,Null,,
11390,11391,80-06-008380,Null,,
11391,11392,80-10-016518,Null,,
11392,11393,80-10-064377,Null,,
11393,11394,80-10-045534,Null,,
11394,11395,80-11-005851,Null,,
11395,11396,80-11-076697,Null,,
11396,11397,80-13-052542,Null,,
11397,11398,80-13-085001,Null,,
11398,11399,80-13-056318,Null,,
11399,11400,80-13-024104,Null,,
11400,11401,80-12-003825,Null,,
11401,11402,80-12-003911,Null,,
11402,11403,80-12-058485,Null,,
11403,11404,80-12-060081,Null,,
11404,11405,80-13-055478,Null,,
11405,11406,80-13-078545,Null,,
11406,11407,80-16-027602,Null,,
11407,11408,80-16-027602,Null,,
11408,11409,80-10-045857,Null,,
11409,11410,80-10-005814,Null,,
11410,11411,80-14-060609,Null,,
11411,11412,80-14-060609,Null,,
11412,11413,80-16-019537,Null,,
11413,11414,80-16-028906,Null,,
11414,11415,80-16-028906,Null,,
11415,11416,80-16-004172,Null,,
11416,11417,80-11-044955,Null,,19.0
11417,11418,80-14-077696,Null,,
11418,11419,80-15-059375,Null,,
11419,11420,80-16-087063,Null,,
11420,11421,80-15-012877,Null,,
11421,11422,80-16-055222,Null,,
11422,11423,80-16-002235,Null,,
11423,11424,80-15-061994,Null,,
11424,11425,80-15-100930,Null,,
11425,11426,80-16-009070,Null,,
11426,11427,80-16-006599,Null,,
11427,11428,80-16-023546,Null,,
11428,11429,80-16-023546,Null,,
11429,11430,80-16-006599,Null,,
11430,11431,80-16-007366,Null,,
11431,11432,80-16-023752,Null,,
11432,11433,80-16-034664,Null,,
11433,11434,80-16-043437,Null,,
11434,11435,80-16-053936,Null,,
11435,11436,80-16-053936,Null,,
11436,11437,80-16-053936,Null,,
11437,11438,80-16-089504,Null,,
11438,11439,80-16-095558,Null,,
11439,11440,80-14-035514,Null,,
11440,11441,80-14-081075,Null,,
11441,11442,80-14-092776,Null,,
11442,11443,80-15-005871,Null,,
11443,11444,80-15-013997,Null,,
11444,11445,80-15-013997,Null,,
11445,11446,80-13-065393,Null,,
11446,11447,80-13-074342,Null,,
11447,11448,80-16-017812,Null,,
11448,11449,80-10-009120,Null,,
11449,11450,80-13-095620,Null,,
11450,11451,80-15-063074,Null,,
11451,11452,80-10-010108,Null,,
11452,11453,80-14-001576,Null,,
11453,11454,80-16-098923,Null,,
11454,11455,80-10-023835,Null,,
11455,11456,80-14-016660,Null,,
11456,11457,80-14-060597,Null,,
11457,11458,80-15-019543,Null,,
11458,11459,80-15-012809,Null,,
11459,11460,80-15-023214,Null,,
11460,11461,80-15-046638,Null,,
11461,11462,80-15-066378,Null,,
11462,11463,80-15-073634,Null,,
11463,11464,80-15-075097,Null,,
11464,11465,80-15-077583,Null,,
11465,11466,80-15-091617,Null,,
11466,11467,80-16-022239,Null,,
11467,11468,80-16-015987,Null,,
11468,11469,80-16-021044,Null,,
11469,11470,80-16-023546,Null,,
11470,11471,80-16-023546,Null,,
11471,11472,80-16-023546,Null,,
11472,11473,80-16-036014,Null,,
11473,11474,80-16-039691,Null,,
11474,11475,80-16-085125,Null,,
11475,11476,80-17-005762,Null,,
11476,11477,80-12-048137,Null,,
11477,11478,80-12-089617,Null,,
11478,11479,80-12-084244,Null,,
11479,11480,80-13-024022,Null,,
11480,11481,80-13-063182,Null,,
11481,11482,80-13-071475,Null,,
11482,11483,80-13-071475,Null,,
11483,11484,80-13-074342,Null,,
11484,11485,80-13-084429,Null,,
11485,11486,80-13-091694,Null,,
11486,11487,80-13-098437,Null,,
11487,11488,80-13-094741,Null,,
11488,11489,80-14-010413,Null,,
11489,11490,80-17-009944,Null,,
11490,11491,80-14-011232,Null,,
11491,11492,80-12-043348,Null,,
11492,11493,80-14-044739,Null,,
11493,11494,80-14-052198,Null,,
11494,11495,80-14-044963,Null,,
11495,11496,80-15-041377,Null,,
11496,11497,80-14-040586,Null,,
11497,11498,80-10-027630,Null,,
11498,11499,80-16-023546,Null,,
11499,11500,80-10-064377,Null,,
11500,11501,80-16-036014,Null,,
11501,11502,80-10-064377,Null,,
11502,11503,80-16-052838,Null,,
11503,11504,80-10-071073,Null,,
11504,11505,80-16-052838,Null,,
11505,11506,80-10-092127,Null,,
11506,11507,80-16-091788,Null,,
11507,11508,80-11-008215,Null,,
11508,11509,80-10-031489,Null,,
11509,11510,80-10-097306,Null,,
11510,11511,80-10-054764,Null,,
11511,11512,80-10-098243,Null,,
11512,11513,80-11-051102,Null,,
11513,11514,80-11-045160,Null,,
11514,11515,80-11-051175,Null,,
11515,11516,80-11-014181,Null,,
11516,11517,80-11-066940,Null,,
11517,11518,80-11-098325,Null,,
11518,11519,80-12-003522,Null,,
11519,11520,80-12-007414,Null,,
11520,11521,80-12-007630,Null,,
11521,11522,80-12-006890,Null,,
11522,11523,80-12-016727,Null,,
11523,11524,80-16-004663,Null,,
11524,11525,80-16-051603,Null,,
11525,11526,80-16-065111,Null,,
11526,11527,80-16-069773,Null,,
11527,11528,80-16-100601,Null,,
11528,11529,80-16-100601,Null,,
11529,11530,80-17-010650,Null,,
11530,11531,80-14-064513,Null,,
11531,11532,80-14-078586,Null,,
11532,11533,80-15-010583,Null,,
11533,11534,80-15-024160,Null,,
11534,11535,80-15-030430,Null,,
11535,11536,80-15-034559,Null,,
11536,11537,80-15-035035,Null,,
11537,11538,80-16-060743,Null,,
11538,11539,80-16-078441,Null,,
11539,11540,80-13-060216,Null,,
11540,11541,80-11-084407,Null,,
11541,11542,80-12-028158,Null,,
11542,11543,80-14-060597,Null,,
11543,11544,80-14-068706,Null,,
11544,11545,80-14-098564,Null,,
11545,11546,80-15-013997,Null,,
11546,11547,80-15-013997,Null,,
11547,11548,80-10-019790,Null,,
11548,11549,80-15-021008,Null,,
11549,11550,80-15-043285,Null,,
11550,11551,80-15-073560,Null,,
11551,11552,80-10-023880,Null,,
11552,11553,80-12-092574,Null,,
11553,11554,80-16-084483,Null,,
11554,11555,80-17-009944,Null,,
11555,11556,80-15-025506,Null,,
11556,11557,80-16-075417,Null,,
11557,11558,80-15-077073,Null,,
11558,11559,80-16-065183,Null,,
11559,11560,80-16-028906,Null,,
11560,11561,80-13-020577,Null,,
11561,11562,80-13-020577,Null,,
11562,11563,80-13-020577,Null,,
11563,11564,80-10-024069,Null,,
11564,11565,80-16-004172,Null,,
11565,11566,80-14-050329,Null,,
11566,11567,80-12-081680,Null,,
11567,11568,80-13-020577,Null,,
11568,11569,80-13-020577,Null,,
11569,11570,80-13-020577,Null,,
11570,11571,80-16-096579,Null,,
11571,11572,80-16-087063,Null,,
11572,11573,80-14-021347,Null,,
11573,11574,80-16-045714,Null,,
11574,11575,80-16-045714,Null,,
11575,11576,80-12-028158,Null,,
11576,11577,80-14-061568,Null,,
11577,11578,80-14-077696,Null,,
11578,11579,80-15-052635,Null,,
11579,11580,80-16-096634,Null,,
11580,11581,80-15-035121,Null,,
11581,11582,80-15-045699,Null,,
11582,11583,80-15-070854,Null,,
11583,11584,80-16-007341,Null,,
11584,11585,80-16-025026,Null,,
11585,11586,80-10-026291,Null,,
11586,11587,80-10-035503,Null,,
11587,11588,80-10-029379,Null,,
11588,11589,80-10-041505,Null,,
11589,11590,80-10-057247,Null,,
11590,11591,80-10-058932,Null,,
11591,11592,80-11-013740,Null,,
11592,11593,80-11-051558,Null,,
11593,11594,80-11-005829,Null,,
11594,11595,80-11-090930,Null,,
11595,11596,80-11-102430,Null,,
11596,11597,80-16-037923,Null,,
11597,11598,80-16-052435,Null,,
11598,11599,80-10-023880,Null,,
11599,11600,80-16-084734,Null,,
11600,11601,80-12-094084,Null,,
11601,11602,80-13-059907,Null,,
11602,11603,80-10-006394,Null,,
11603,11604,80-10-060830,Null,,
11604,11605,80-10-091159,Null,,
11605,11606,80-11-046987,Null,,
11606,11607,80-11-048530,Null,,
11607,11608,80-11-018573,Null,,
11608,11609,80-11-035653,Null,,
11609,11610,80-11-080821,Null,,
11610,11611,80-12-002964,Null,,
11611,11612,80-14-085230,Null,,
11612,11613,80-14-085756,Null,,
11613,11614,80-15-000699,Null,,
11614,11615,80-15-018057,Null,,
11615,11616,80-15-018477,Null,,
11616,11617,80-15-018155,Null,,
11617,11618,80-15-041696,Null,,
11618,11619,80-15-058581,Null,,
11619,11620,80-15-106114,Null,,
11620,11621,80-16-010512,Null,,
11621,11622,80-16-022239,Null,,
11622,11623,80-16-038906,Null,,
11623,11624,80-16-071605,Null,,
11624,11625,80-16-094860,Null,,
11625,11626,80-17-001680,Null,,
11626,11627,80-12-057432,Null,,
11627,11628,80-12-061868,Null,,
11628,11629,80-12-086329,Null,,
11629,11630,80-13-000456,Null,,
11630,11631,80-13-006632,Null,,
11631,11632,80-13-069481,Null,,
11632,11633,80-13-067346,Null,,
11633,11634,80-13-086782,Null,,
11634,11635,80-14-005963,Null,,
11635,11636,80-14-014207,Null,,
11636,11637,80-14-016929,Null,,
11637,11638,80-14-039477,Null,,
11638,11639,80-14-046240,Null,,
11639,11640,80-10-001125,Null,,
11640,11641,80-10-005640,Null,,
11641,11642,80-10-009120,Null,,
11642,11643,80-10-011560,Null,,
11643,11644,80-10-011560,Null,,
11644,11645,80-12-099834,Null,,
11645,11646,80-12-099834,Null,,
11646,11647,80-10-029473,Null,,
11647,11648,80-12-057823,Null,,
11648,11649,80-10-005489,Null,,
11649,11650,80-16-098864,Null,,
11650,11651,80-12-050368,Null,,
11651,11652,80-16-078441,Null,,
11652,11653,80-17-009944,Null,,
11653,11654,80-14-065081,Null,,
11654,11655,80-13-052542,Null,,
11655,11656,80-15-024384,Null,,
11656,11657,80-12-039180,Null,,
11657,11658,80-12-039180,Null,,
11658,11659,80-15-079926,Null,,
11659,11660,80-16-087063,Null,,
11660,11661,80-10-009120,Null,,
11661,11662,80-15-096212,Null,,
11662,11663,80-16-096634,Null,,
11663,11664,80-10-037631,Null,,
11664,11665,80-10-039117,Null,,
11665,11666,80-11-088086,Null,,
11666,11667,80-12-002008,Null,,
11667,11668,80-12-043174,Null,,
11668,11669,80-10-045857,Null,,
11669,11670,80-11-064683,Null,,
11670,11671,80-12-054290,Null,,9.0
11671,11672,80-14-011378,Null,,
11672,11673,80-14-030657,Null,,
11673,11674,80-10-023835,Null,,
11674,11675,80-10-030541,Null,,
11675,11676,80-10-064377,Null,,
11676,11677,80-10-069740,Null,,
11677,11678,80-10-079987,Null,,
11678,11679,80-10-081157,Null,,
11679,11680,80-10-049909,Null,,
11680,11681,80-10-064377,Null,,
11681,11682,80-11-005851,Null,,
11682,11683,80-16-027602,Null,,
11683,11684,80-16-017812,Null,,
11684,11685,80-14-060609,Null,,
11685,11686,80-12-060629,Null,,
11686,11687,80-10-079957,Null,,
11687,11688,80-11-064683,Null,,
11688,11689,80-13-024949,Null,,
11689,11690,80-13-024949,Null,,
11690,11691,80-16-028906,Null,,
11691,11692,80-13-092696,Null,,
11692,11693,80-11-060426,Null,,
11693,11694,80-12-061478,Null,,
11694,11695,80-12-061478,Null,,
11695,11696,80-16-078441,Null,,
11696,11697,80-10-040276,Null,,
11697,11698,80-16-055222,Null,,
11698,11699,80-11-064683,Null,,
11699,11700,80-14-059266,Null,,
11700,11701,80-15-000226,Null,,
11701,11702,80-14-100649,Null,,
11702,11703,80-16-031047,Null,,
11703,11704,80-12-039180,Null,,
11704,11705,80-12-039180,Null,,
11705,11706,80-12-043348,Null,,
11706,11707,80-12-043348,Null,,
11707,11708,80-15-080468,Null,,
11708,11709,80-13-052542,Null,,
11709,11710,80-13-052542,Null,,
11710,11711,80-16-004172,Null,,
11711,11712,80-15-079926,Null,,
11712,11713,80-12-039180,Null,,
11713,11714,80-12-039180,Null,,
11714,11715,80-12-081680,Null,,
11715,11716,80-16-087063,Null,,
11716,11717,80-14-077696,Null,,
11717,11718,80-14-081026,Null,,
11718,11719,80-15-052635,Null,,
11719,11720,80-16-027602,Null,,
11720,11721,80-11-007836,Null,,
11721,11722,80-11-074782,Null,,
11722,11723,80-10-002211,Null,,
11723,11724,80-10-002211,Null,,
11724,11725,80-12-012211,Null,,
11725,11726,80-16-019315,Null,,
11726,11727,80-16-021337,Null,,
11727,11728,80-16-042290,Null,,
11728,11729,80-16-047447,Null,,
11729,11730,80-16-054601,Null,,
11730,11731,80-16-068382,Null,,
11731,11732,80-16-088700,Null,,
11732,11733,80-15-067085,Null,,
11733,11734,80-11-013893,Null,,61.0
11734,11735,80-16-069813,Null,,
11735,11736,80-16-111380,Null,,
11736,11737,80-17-015302,Null,,
11737,11738,80-12-014313,Null,,
11738,11739,80-12-046699,Null,,
11739,11740,80-12-072903,Null,,
11740,11741,80-12-086899,Null,,
11741,11742,80-12-084148,Null,,
