rfr_id,INCIDENT_NUMBER,UCR_CATEGORY
0,80-10-011494,Wpns Law Violation
1,80-10-011506,Narcotics
2,80-10-011506,Narcotics
3,80-10-011506,Narcotics
4,80-10-011506,Narcotics
5,80-10-013628,Wpns Law Violation
6,80-10-014366,Wpns Law Violation
7,80-10-015443,Theft Other
8,80-10-015699,Wpns Law Violation
9,80-10-015699,Wpns Law Violation
10,80-10-016246,Accidental Shooting
11,80-10-002355,Aggravated Assault
12,80-09-099274,Aggravated Assault
13,80-10-000954,Robbery
14,80-10-001042,Aggravated Assault
15,80-10-000411,Simple Assault
16,80-10-003832,Shoplifting
17,80-10-004252,Narcotics
18,80-10-006645,Wpns Law Violation
19,80-10-006927,Narcotics
20,80-10-012336,Aggravated Assault
21,80-10-012336,Aggravated Assault
22,80-10-014735,Aggravated Assault
23,80-10-014735,Aggravated Assault
24,80-10-017395,Counterfeiting
25,80-10-018911,Wpns Law Violation
26,80-10-019619,Robbery
27,80-10-020340,Narcotics
28,80-10-004252,Narcotics
29,80-10-005255,Narcotics
30,80-10-005845,Narcotics
31,80-10-006576,Narcotics
32,80-10-007110,Injured Person Report
33,80-10-007387,Wpns Law Violation
34,80-10-008651,Wpns Law Violation
35,80-10-009511,Narcotics
36,80-10-022645,Aggravated Assault
37,80-10-023614,Wpns Law Violation
38,80-10-025084,Narcotics
39,80-10-025754,Wpns Law Violation
40,80-10-025923,Narcotics
41,80-10-027333,Simple Assault
42,80-10-028200,Wpns Law Violation
43,80-10-020340,Narcotics
44,80-10-020340,Narcotics
45,80-10-035879,Stolen Property
46,80-10-036071,Wpns Law Violation
47,80-10-037247,Wpns Law Violation
48,80-10-037247,Wpns Law Violation
49,80-10-038863,Aggravated Assault
50,80-10-098860,Narcotics
51,80-10-098860,Narcotics
52,80-10-082757,Wpns Law Violation
53,80-11-058966,Narcotics
54,80-11-058966,Narcotics
55,80-11-058966,Narcotics
56,80-11-058966,Narcotics
57,80-10-073596,Accidental Shooting
58,80-11-027205,Narcotics
59,80-11-027205,Narcotics
60,80-10-080743,Narcotics
61,80-10-091150,Narcotics
62,80-10-091150,Narcotics
63,80-10-095523,Burglary
64,80-10-097010,Aggravated Assault
65,80-10-097010,Aggravated Assault
66,80-10-083366,All Other Offenses
67,80-10-099672,Aggravated Assault
68,80-10-080128,Narcotics
69,80-10-080128,Narcotics
70,80-11-050929,Narcotics
71,80-11-050929,Narcotics
72,80-11-013595,Wpns Law Violation
73,80-11-013595,Wpns Law Violation
74,80-10-082797,Accidental Shooting
75,80-10-097022,Aggravated Assault
76,80-10-087402,Wpns Law Violation
77,80-11-027470,Narcotics
78,80-11-027470,Narcotics
79,80-11-057130,Narcotics
80,80-11-057130,Narcotics
81,80-11-064924,Narcotics
82,80-11-029194,Wpns Law Violation
83,80-11-000740,Narcotics
84,80-11-000740,Narcotics
85,80-11-000740,Narcotics
86,80-11-000740,Narcotics
87,80-11-000740,Narcotics
88,80-11-000740,Narcotics
89,80-11-000740,Narcotics
90,80-11-000740,Narcotics
91,80-11-000740,Narcotics
92,80-11-000740,Narcotics
93,80-11-044875,Wpns Law Violation
94,80-10-058715,Narcotics
95,80-10-058715,Narcotics
96,80-10-058715,Narcotics
97,80-11-016096,Narcotics
98,80-10-074787,Wpns Law Violation
99,80-10-074787,Wpns Law Violation
100,80-10-029145,Narcotics
101,80-10-029145,Narcotics
102,80-10-029145,Narcotics
103,80-10-029145,Narcotics
104,80-10-029145,Narcotics
105,80-10-039952,Narcotics
106,80-10-041479,Wpns Law Violation
107,80-10-046639,Robbery
108,80-10-046639,Robbery
109,80-10-045484,Wpns Law Violation
110,80-10-044497,Robbery
111,80-10-044497,Robbery
112,80-10-044497,Robbery
113,80-10-060964,Aggravated Assault
114,80-10-061099,Aggravated Assault
115,80-10-061099,Aggravated Assault
116,80-10-061099,Aggravated Assault
117,80-10-061402,Intimidation
118,80-10-061402,Intimidation
119,80-10-061402,Intimidation
120,80-10-062111,Wpns Law Violation
121,80-10-062703,Wpns Law Violation
122,80-10-032573,Narcotics
123,80-10-032573,Narcotics
124,80-10-032569,Narcotics
125,80-10-032593,Robbery
126,80-10-032593,Robbery
127,80-10-032882,Wpns Law Violation
128,80-10-032882,Wpns Law Violation
129,80-10-033188,Stolen Property
130,80-10-034907,Aggravated Assault
131,80-10-050291,Wpns Law Violation
132,80-10-050322,Wpns Law Violation
133,80-10-050959,Wpns Law Violation
134,80-10-052905,Aggravated Assault
135,80-10-054097,Aggravated Assault
136,80-10-054097,Aggravated Assault
137,80-10-057395,Narcotics
138,80-10-057395,Narcotics
139,80-10-057395,Narcotics
140,80-10-058047,Narcotics
141,80-10-058047,Narcotics
142,80-10-043129,Narcotics
143,80-10-043129,Narcotics
144,80-10-043129,Narcotics
145,80-10-043286,Wpns Law Violation
146,80-10-044338,Aggravated Assault
147,80-10-045942,Aggravated Assault
148,80-10-047305,Narcotics
149,80-10-047293,Stolen Property
150,80-11-098860,Stolen Property
151,80-11-012781,Aggravated Assault
152,80-11-021353,Narcotics
153,80-10-093009,Stolen Property
154,80-10-093009,Stolen Property
155,80-10-078760,Burglary
156,80-11-000006,Intimidation
157,80-11-001031,Narcotics
158,80-11-020149,Narcotics
159,80-11-020149,Narcotics
160,80-10-069874,Wpns Law Violation
161,80-11-069885,Wpns Law Violation
162,80-11-069885,Wpns Law Violation
163,80-11-037335,Narcotics
164,80-11-069727,Narcotics
165,80-10-062415,Narcotics
166,80-10-077229,Narcotics
167,80-10-077229,Narcotics
168,80-10-077229,Narcotics
169,80-11-065013,Wpns Law Violation
170,80-11-025590,Narcotics
171,80-11-025590,Narcotics
172,80-11-094279,Wpns Law Violation
173,80-11-044073,Wpns Law Violation
174,80-11-044543,Wpns Law Violation
175,80-11-023785,Wpns Law Violation
176,80-11-023785,Wpns Law Violation
177,80-10-085326,Wpns Law Violation
178,80-11-015610,Wpns Law Violation
179,80-10-102878,Intimidation
180,80-11-097647,Wpns Law Violation
181,80-10-098845,Wpns Law Violation
182,80-10-098845,Wpns Law Violation
183,80-11-044761,Wpns Law Violation
184,80-11-039723,Wpns Law Violation
185,80-11-036585,Aggravated Assault
186,80-10-076602,Narcotics
187,80-10-076602,Narcotics
188,80-10-076602,Narcotics
189,80-11-042977,Wpns Law Violation
190,80-11-033335,Wpns Law Violation
191,80-11-000740,Narcotics
192,80-11-000740,Narcotics
193,80-11-000740,Narcotics
194,80-11-000740,Narcotics
195,80-11-000740,Narcotics
196,80-11-000740,Narcotics
197,80-11-000740,Narcotics
198,80-11-039159,Aggravated Assault
199,80-11-039159,Aggravated Assault
200,80-11-045742,Aggravated Assault
201,80-11-065146,Robbery
202,80-10-062415,Narcotics
203,80-11-072036,Vandalism
204,80-11-068389,Aggravated Assault
205,80-11-021353,Narcotics
206,80-11-021353,Narcotics
207,80-11-045994,Wpns Law Violation
208,80-11-045994,Wpns Law Violation
209,80-10-096913,Narcotics
210,80-10-096913,Narcotics
211,80-10-070222,Wpns Law Violation
212,80-11-063891,All Other Offenses
213,80-11-059925,Robbery
214,80-10-072963,Wpns Law Violation
215,80-11-001602,Wpns Law Violation
216,80-11-016806,Intimidation
217,80-11-070984,Narcotics
218,80-10-080462,Narcotics
219,80-11-069596,Wpns Law Violation
220,80-11-069596,Wpns Law Violation
221,80-11-001921,Counterfeiting
222,80-11-001267,Wpns Law Violation
223,80-11-063970,Narcotics
224,80-11-063970,Narcotics
225,80-10-076022,Intimidation
226,80-11-023785,Wpns Law Violation
227,80-11-023785,Wpns Law Violation
228,80-10-098155,Wpns Law Violation
229,80-11-060211,Narcotics
230,80-11-060211,Narcotics
231,80-11-000740,Narcotics
232,80-11-000740,Narcotics
233,80-11-000740,Narcotics
234,80-11-073362,Wpns Law Violation
235,80-10-088466,Family Offenses
236,80-10-073182,Stolen Property
237,80-11-048655,Robbery
238,80-10-074787,Wpns Law Violation
239,80-11-016883,Aggravated Assault
240,80-10-077628,Aggravated Assault
241,80-11-027462,Wpns Law Violation
242,80-10-087737,Counterfeiting
243,80-11-019349,Aggravated Assault
244,80-11-019349,Aggravated Assault
245,80-11-019349,Aggravated Assault
246,80-11-019349,Aggravated Assault
247,80-10-098157,Aggravated Assault
248,80-10-098157,Aggravated Assault
249,80-10-083250,Wpns Law Violation
250,80-11-040427,Aggravated Assault
251,80-11-034598,Wpns Law Violation
252,80-10-062445,Wpns Law Violation
253,80-10-063888,Narcotics
254,80-10-063888,Narcotics
255,80-10-063888,Narcotics
256,80-10-064119,Aggravated Assault
257,80-10-065162,Aggravated Assault
258,80-10-065579,Narcotics
259,80-10-065579,Narcotics
260,80-10-065579,Narcotics
261,80-10-065579,Narcotics
262,80-10-089791,Theft Other
263,80-10-093602,Wpns Law Violation
264,80-10-097876,Accidental Shooting
265,80-11-013469,Wpns Law Violation
266,80-11-015623,Wpns Law Violation
267,80-11-015826,Aggravated Assault
268,80-10-062703,Wpns Law Violation
269,80-10-064449,Wpns Law Violation
270,80-10-067740,Family Offenses
271,80-10-068641,Narcotics
272,80-10-068641,Narcotics
273,80-10-052770,Aggravated Assault
274,80-10-055541,Wpns Law Violation
275,80-10-079964,Aggravated Assault
276,80-10-079964,Aggravated Assault
277,80-10-079964,Aggravated Assault
278,80-10-083504,Wpns Law Violation
279,80-10-083504,Wpns Law Violation
280,80-10-084054,Aggravated Assault
281,80-10-050884,Burglary
282,80-10-050884,Burglary
283,80-11-011057,Aggravated Assault
284,80-11-011057,Aggravated Assault
285,80-11-011057,Aggravated Assault
286,80-11-011057,Aggravated Assault
287,80-11-011057,Aggravated Assault
288,80-11-011057,Aggravated Assault
289,80-11-021323,Wpns Law Violation
290,80-11-021323,Wpns Law Violation
291,80-11-025417,All Other Offenses
292,80-11-029150,Wpns Law Violation
293,80-11-037399,Aggravated Assault
294,80-11-037399,Aggravated Assault
295,80-11-054226,Accidental Shooting
296,80-11-070601,Narcotics
297,80-11-070601,Narcotics
298,80-11-070601,Narcotics
299,80-11-077879,Wpns Law Violation
300,80-11-021413,Aggravated Assault
301,80-11-021413,Aggravated Assault
302,80-11-021413,Aggravated Assault
303,80-11-021413,Aggravated Assault
304,80-11-021413,Aggravated Assault
305,80-11-021413,Aggravated Assault
306,80-11-021413,Aggravated Assault
307,80-11-021413,Aggravated Assault
308,80-11-049023,Wpns Law Violation
309,80-11-056278,Aggravated Assault
310,80-10-097022,Aggravated Assault
311,80-10-097022,Aggravated Assault
312,80-11-029145,Aggravated Assault
313,80-11-029145,Aggravated Assault
314,80-11-029145,Aggravated Assault
315,80-11-093438,Aggravated Assault
316,80-11-044870,Narcotics
317,80-11-015444,Narcotics
318,80-10-057715,Robbery
319,80-11-038098,Wpns Law Violation
320,80-10-094551,Aggravated Assault
321,80-10-055988,Intimidation
322,80-10-055988,Intimidation
323,80-10-058796,Aggravated Assault
324,80-11-069866,Narcotics
325,80-11-069866,Narcotics
326,80-11-063818,Wpns Law Violation
327,80-10-071276,Aggravated Assault
328,80-10-078729,Wpns Law Violation
329,80-11-074943,Narcotics
330,80-11-074943,Narcotics
331,80-11-074943,Narcotics
332,80-10-081814,Aggravated Assault
333,80-10-081814,Aggravated Assault
334,80-10-084921,Aggravated Assault
335,80-11-025674,Narcotics
336,80-11-016235,Wpns Law Violation
337,80-10-094147,Aggravated Assault
338,80-10-094147,Aggravated Assault
339,80-11-069793,Wpns Law Violation
340,80-11-056305,Narcotics
341,80-11-056305,Narcotics
342,80-11-056305,Narcotics
343,80-11-029936,Narcotics
344,80-11-029936,Narcotics
345,80-11-029936,Narcotics
346,80-11-029936,Narcotics
347,80-11-034590,Aggravated Assault
348,80-11-072246,Narcotics
349,80-11-072246,Narcotics
350,80-10-038863,Aggravated Assault
351,80-10-039892,Wpns Law Violation
352,80-10-039921,Robbery
353,80-10-039952,Narcotics
354,80-10-039952,Narcotics
355,80-10-039952,Narcotics
356,80-10-041317,Wpns Law Violation
357,80-10-041255,Wpns Law Violation
358,80-10-030031,Wpns Law Violation
359,80-10-031067,Aggravated Assault
360,80-10-031582,Wpns Law Violation
361,80-10-032344,Aggravated Assault
362,80-10-032828,Narcotics
363,80-10-032828,Narcotics
364,80-10-033510,Wpns Law Violation
365,80-10-034094,Wpns Law Violation
366,80-10-032882,Wpns Law Violation
367,80-10-032882,Wpns Law Violation
368,80-10-050291,Wpns Law Violation
369,80-10-051689,Robbery
370,80-10-017677,Narcotics
371,80-10-017677,Narcotics
372,80-10-019773,Wpns Law Violation
373,80-10-019773,Wpns Law Violation
374,80-10-020534,Stolen Property
375,80-10-021158,Aggravated Assault
376,80-10-021158,Aggravated Assault
377,80-10-021158,Aggravated Assault
378,80-10-021158,Aggravated Assault
379,80-10-022179,Accidental Shooting
380,80-10-036001,Narcotics
381,80-10-036001,Narcotics
382,80-10-036317,Theft Other
383,80-10-036959,Narcotics
384,80-10-036959,Narcotics
385,80-10-037330,Wpns Law Violation
386,80-10-038790,Robbery
387,80-10-039146,Narcotics
388,80-10-039146,Narcotics
389,80-10-039952,Narcotics
390,80-10-039952,Narcotics
391,80-10-042012,Wpns Law Violation
392,80-10-042024,Stolen Property
393,80-10-042046,Wpns Law Violation
394,80-10-023001,Aggravated Assault
395,80-10-023001,Aggravated Assault
396,80-10-023399,Wpns Law Violation
397,80-10-026207,Narcotics
398,80-10-027834,Wpns Law Violation
399,80-10-028199,Robbery
400,80-11-003713,Aggravated Assault
401,80-12-094577,Wpns Law Violation
402,80-11-072246,Narcotics
403,80-12-069225,Wpns Law Violation
404,80-11-003713,Aggravated Assault
405,80-10-076935,Wpns Law Violation
406,80-11-039715,All Other Offenses
407,80-10-086485,Aggravated Assault
408,80-10-086485,Aggravated Assault
409,80-11-029194,Wpns Law Violation
410,80-11-025637,Wpns Law Violation
411,80-11-026043,Wpns Law Violation
412,80-10-095933,Robbery
413,80-10-095933,Robbery
414,80-10-095933,Robbery
415,80-10-094855,Wpns Law Violation
416,80-11-095533,Accidental Shooting
417,80-11-097670,Wpns Law Violation
418,80-11-103547,Wpns Law Violation
419,80-12-009330,Wpns Law Violation
420,80-12-009330,Wpns Law Violation
421,80-12-032664,Wpns Law Violation
422,80-12-036877,Robbery
423,80-12-039580,Wpns Law Violation
424,80-12-039587,Wpns Law Violation
425,80-12-039587,Wpns Law Violation
426,80-12-039587,Wpns Law Violation
427,80-12-039587,Wpns Law Violation
428,80-11-091082,Stolen Property
429,80-12-083114,Stolen Property
430,80-12-083734,Simple Assault
431,80-12-097203,Robbery
432,80-12-099405,Wpns Law Violation
433,80-12-101924,Intimidation
434,80-13-022678,Accidental Shooting
435,80-13-023228,Wpns Law Violation
436,80-13-025530,Wpns Law Violation
437,80-11-076924,Intimidation
438,80-11-076924,Intimidation
439,80-11-101248,Wpns Law Violation
440,80-10-097007,Wpns Law Violation
441,80-11-097257,Wpns Law Violation
442,80-11-103111,Aggravated Assault
443,80-11-103111,Aggravated Assault
444,80-11-103111,Aggravated Assault
445,80-11-103111,Aggravated Assault
446,80-11-103547,Wpns Law Violation
447,80-12-009184,All Other Offenses
448,80-12-010425,Intimidation
449,80-12-021577,Aggravated Assault
450,80-12-026778,Robbery
451,80-12-029460,Vandalism
452,80-12-051860,Kidnapping Only
453,80-12-069225,Wpns Law Violation
454,80-11-099694,Wpns Law Violation
455,80-12-035576,Wpns Law Violation
456,80-11-043784,Narcotics
457,80-12-047305,Wpns Law Violation
458,80-13-045271,Narcotics
459,80-13-045271,Narcotics
460,80-13-045271,Narcotics
461,80-13-045271,Narcotics
462,80-13-045271,Narcotics
463,80-13-045271,Narcotics
464,80-13-045271,Narcotics
465,80-13-045271,Narcotics
466,80-13-045271,Narcotics
467,80-13-039034,Wpns Law Violation
468,80-13-045271,Narcotics
469,80-13-045271,Narcotics
470,80-13-045271,Narcotics
471,80-13-045271,Narcotics
472,80-13-045271,Narcotics
473,80-13-045271,Narcotics
474,80-13-045271,Narcotics
475,80-13-045271,Narcotics
476,80-13-045271,Narcotics
477,80-13-045271,Narcotics
478,80-13-045271,Narcotics
479,80-13-045271,Narcotics
480,80-13-045271,Narcotics
481,80-13-045271,Narcotics
482,80-13-045271,Narcotics
483,80-11-085669,Wpns Law Violation
484,80-12-000915,Aggravated Assault
485,80-11-098860,Stolen Property
486,80-13-012301,Wpns Law Violation
487,80-13-035305,Narcotics
488,80-13-035305,Narcotics
489,80-13-035305,Narcotics
490,80-13-035305,Narcotics
491,80-13-035305,Narcotics
492,80-13-035305,Narcotics
493,80-13-032705,Narcotics
494,80-13-032705,Narcotics
495,80-12-001399,Stolen Property
496,80-12-008780,Aggravated Assault
497,80-13-045370,Wpns Law Violation
498,80-12-036805,Narcotics
499,80-12-036805,Narcotics
500,80-12-036805,Narcotics
501,80-12-036805,Narcotics
502,80-12-014823,Wpns Law Violation
503,80-12-010720,Aggravated Assault
504,80-13-038809,Aggravated Assault
505,80-13-053491,Stolen Property
506,80-13-053093,Narcotics Equip
507,80-12-088401,Injured Person Report
508,80-11-043784,Narcotics
509,80-12-075519,Theft Other
510,80-11-047065,Aggravated Assault
511,80-12-090502,Wpns Law Violation
512,80-11-047065,Aggravated Assault
513,80-13-012132,Narcotics
514,80-11-047065,Aggravated Assault
515,80-11-014512,Wpns Law Violation
516,80-11-022542,Narcotics
517,80-11-033862,Wpns Law Violation
518,80-11-046920,Wpns Law Violation
519,80-10-093555,Wpns Law Violation
520,80-11-054112,Narcotics
521,80-10-098157,Aggravated Assault
522,80-11-010736,Narcotics
523,80-11-010736,Narcotics
524,80-10-083785,Wpns Law Violation
525,80-10-083785,Wpns Law Violation
526,80-11-014240,Narcotics
527,80-11-014240,Narcotics
528,80-11-029859,Wpns Law Violation
529,80-11-014513,Narcotics
530,80-11-050689,Robbery
531,80-11-073392,Wpns Law Violation
532,80-11-058966,Narcotics
533,80-11-058966,Narcotics
534,80-11-058966,Narcotics
535,80-11-058966,Narcotics
536,80-11-046768,Wpns Law Violation
537,80-11-004906,Wpns Law Violation
538,80-11-010764,Wpns Law Violation
539,80-10-080743,Narcotics
540,80-11-012223,Robbery
541,80-11-012223,Robbery
542,80-11-012223,Robbery
543,80-11-012223,Robbery
544,80-11-012223,Robbery
545,80-11-012223,Robbery
546,80-11-012223,Robbery
547,80-11-012223,Robbery
548,80-11-012223,Robbery
549,80-10-076964,Wpns Law Violation
550,80-11-049395,Wpns Law Violation
551,80-10-080128,Narcotics
552,80-10-099107,Aggravated Assault
553,80-10-099107,Aggravated Assault
554,80-11-000205,Aggravated Assault
555,80-11-014004,Narcotics
556,80-11-014004,Narcotics
557,80-11-005586,Burglary
558,80-11-061824,Intimidation
559,80-12-047728,Burglary
560,80-13-012250,Aggravated Assault
561,80-12-061162,Robbery
562,80-12-059435,Wpns Law Violation
563,80-11-091082,Stolen Property
564,80-13-008383,Wpns Law Violation
565,80-12-063493,Aggravated Assault
566,80-13-008383,Wpns Law Violation
567,80-12-063493,Aggravated Assault
568,80-12-040577,Wpns Law Violation
569,80-12-063493,Aggravated Assault
570,80-13-074834,Robbery
571,80-13-074834,Robbery
572,80-13-074834,Robbery
573,80-13-074834,Robbery
574,80-13-016625,Wpns Law Violation
575,80-12-055038,Wpns Law Violation
576,80-12-084884,Stolen Property
577,80-13-042850,Aggravated Assault
578,80-12-057145,Narcotics
579,80-12-057145,Narcotics
580,80-12-070832,Wpns Law Violation
581,80-13-055802,Narcotics
582,80-11-087745,Aggravated Assault
583,80-13-017767,Wpns Law Violation
584,80-13-074093,All Other Offenses
585,80-12-022611,Wpns Law Violation
586,80-13-063638,Narcotics
587,80-12-081096,Stolen Property
588,80-12-081096,Stolen Property
589,80-12-069465,Aggravated Assault
590,80-12-055090,Narcotics
591,80-12-067469,Narcotics
592,80-12-067469,Narcotics
593,80-12-067469,Narcotics
594,80-11-006729,Narcotics Equip
595,80-12-045969,Wpns Law Violation
596,80-13-012680,Narcotics
597,80-12-099436,Aggravated Assault
598,80-12-052363,Robbery
599,80-13-041223,Wpns Law Violation
600,80-12-052363,Robbery
601,80-12-052363,Robbery
602,80-12-100573,Narcotics
603,80-12-048977,Wpns Law Violation
604,80-12-048977,Wpns Law Violation
605,80-13-001632,Aggravated Assault
606,80-12-000046,Narcotics
607,80-13-009939,Wpns Law Violation
608,80-12-038189,Wpns Law Violation
609,80-11-010434,Wpns Law Violation
610,80-11-010434,Wpns Law Violation
611,80-13-062101,Burglary
612,80-12-052719,Narcotics
613,80-12-047678,Wpns Law Violation
614,80-12-087512,Wpns Law Violation
615,80-12-025849,Wpns Law Violation
616,80-12-094577,Wpns Law Violation
617,80-11-024996,Narcotics
618,80-12-063493,Aggravated Assault
619,80-11-024996,Narcotics
620,80-13-041641,Burglary
621,80-12-068393,Wpns Law Violation
622,80-13-047660,Robbery
623,80-12-068393,Wpns Law Violation
624,80-13-047660,Robbery
625,80-12-096170,Accidental Shooting
626,80-12-101101,Wpns Law Violation
627,80-12-103221,Wpns Law Violation
628,80-12-103221,Wpns Law Violation
629,80-13-000013,Disorderly Conduct
630,80-13-002442,Narcotics
631,80-13-002442,Narcotics
632,80-13-023065,Wpns Law Violation
633,80-13-036100,Wpns Law Violation
634,80-13-035844,Kidnapping Only
635,80-12-081184,Burglary
636,80-12-085064,Accidental Shooting
637,80-13-001907,Robbery
638,80-13-001907,Robbery
639,80-13-001907,Robbery
640,80-13-038809,Aggravated Assault
641,80-13-052701,Wpns Law Violation
642,80-13-053093,Narcotics Equip
643,80-13-053150,Wpns Law Violation
644,80-13-038660,Wpns Law Violation
645,80-13-053491,Stolen Property
646,80-13-057017,Aggravated Assault
647,80-13-061482,Wpns Law Violation
648,80-13-047072,Burglary
649,80-13-080028,Wpns Law Violation
650,80-13-081306,Wpns Law Violation
651,80-13-085813,Narcotics
652,80-13-085813,Narcotics
653,80-13-089022,Aggravated Assault
654,80-13-089022,Aggravated Assault
655,80-13-089789,Wpns Law Violation
656,80-13-087911,Wpns Law Violation
657,80-11-105245,Wpns Law Violation
658,80-12-073943,Aggravated Assault
659,80-11-029145,Aggravated Assault
660,80-13-064246,Wpns Law Violation
661,80-12-083489,Wpns Law Violation
662,80-12-038189,Wpns Law Violation
663,80-12-096781,Wpns Law Violation
664,80-12-096781,Wpns Law Violation
665,80-13-047281,Stolen Property
666,80-11-014008,Narcotics
667,80-13-047660,Robbery
668,80-13-055503,Wpns Law Violation
669,80-13-057360,Wpns Law Violation
670,80-13-058288,Wpns Law Violation
671,80-13-057764,Wpns Law Violation
672,80-11-014008,Narcotics
673,80-12-059267,Aggravated Assault
674,80-11-041586,Narcotics
675,80-13-027368,Stolen Property
676,80-11-056936,Wpns Law Violation
677,80-12-002816,Aggravated Assault
678,80-12-002816,Aggravated Assault
679,80-13-029324,Aggravated Assault
680,80-12-003627,Wpns Law Violation
681,80-13-045271,Narcotics
682,80-13-045271,Narcotics
683,80-13-045271,Narcotics
684,80-13-045271,Narcotics
685,80-13-045271,Narcotics
686,80-13-045271,Narcotics
687,80-13-045271,Narcotics
688,80-13-045271,Narcotics
689,80-13-012927,Stolen Property
690,80-12-000915,Aggravated Assault
691,80-12-000915,Aggravated Assault
692,80-12-038651,Wpns Law Violation
693,80-13-010088,Aggravated Assault
694,80-13-054818,Aggravated Assault
695,80-13-053560,Accidental Shooting
696,80-11-003001,Narcotics
697,80-12-066034,Wpns Law Violation
698,80-12-066034,Wpns Law Violation
699,80-13-016349,Wpns Law Violation
700,80-12-043520,Stolen Property
701,80-12-061286,Wpns Law Violation
702,80-12-095042,Counterfeiting
703,80-13-078242,Wpns Law Violation
704,80-13-061320,Wpns Law Violation
705,80-13-066505,Wpns Law Violation
706,80-12-096700,Wpns Law Violation
707,80-10-100083,Wpns Law Violation
708,80-11-016157,Narcotics
709,80-11-016157,Narcotics
710,80-10-060198,Stolen Property
711,80-10-067049,Wpns Law Violation
712,80-11-040510,Wpns Law Violation
713,80-10-066951,Wpns Law Violation
714,80-10-081076,Narcotics
715,80-10-081076,Narcotics
716,80-10-083574,Wpns Law Violation
717,80-10-097211,Burglary
718,80-10-087199,Burglary
719,80-10-091196,Narcotics Equip
720,80-10-092967,Robbery
721,80-10-092967,Robbery
722,80-10-095293,Wpns Law Violation
723,80-10-095293,Wpns Law Violation
724,80-10-095293,Wpns Law Violation
725,80-10-095293,Wpns Law Violation
726,80-10-101349,Narcotics
727,80-10-101349,Narcotics
728,80-11-005506,Simple Assault
729,80-11-010300,Robbery
730,80-11-010300,Robbery
731,80-11-010300,Robbery
732,80-11-010300,Robbery
733,80-11-011198,Wpns Law Violation
734,80-11-051492,Robbery
735,80-11-024957,Narcotics
736,80-11-024957,Narcotics
737,80-11-024957,Narcotics
738,80-11-029936,Narcotics
739,80-11-029936,Narcotics
740,80-11-044577,Wpns Law Violation
741,80-11-047613,Wpns Law Violation
742,80-11-048053,Narcotics
743,80-11-052777,Wpns Law Violation
744,80-11-017695,Wpns Law Violation
745,80-11-065714,Robbery
746,80-11-054485,Aggravated Assault
747,80-11-054485,Aggravated Assault
748,80-11-018778,All Other Offenses
749,80-11-003713,Aggravated Assault
750,80-12-008762,Robbery
751,80-12-008762,Robbery
752,80-12-080394,Wpns Law Violation
753,80-12-096700,Wpns Law Violation
754,80-12-096700,Wpns Law Violation
755,80-13-030453,Theft Other
756,80-12-018351,Robbery
757,80-12-018351,Robbery
758,80-12-018351,Robbery
759,80-12-068623,Wpns Law Violation
760,80-12-079183,Narcotics
761,80-13-042790,Narcotics
762,80-13-013271,Wpns Law Violation
763,80-13-013271,Wpns Law Violation
764,80-12-029358,Aggravated Assault
765,80-13-029612,Aggravated Assault
766,80-11-038501,Burglary
767,80-12-000032,Wpns Law Violation
768,80-11-004699,Narcotics
769,80-13-007844,Wpns Law Violation
770,80-13-000005,Aggravated Assault
771,80-11-003683,Wpns Law Violation
772,80-12-059093,Narcotics
773,80-12-059093,Narcotics
774,80-13-033236,Narcotics
775,80-11-081193,Aggravated Assault
776,80-13-069422,Aggravated Assault
777,80-12-066931,Fraud
778,80-13-069123,Simple Assault
779,80-12-066587,Wpns Law Violation
780,80-12-045843,Simple Assault
781,80-11-009159,Narcotics
782,80-11-009159,Narcotics
783,80-11-009159,Narcotics
784,80-11-009159,Narcotics
785,80-11-009159,Narcotics
786,80-11-009159,Narcotics
787,80-11-009159,Narcotics
788,80-11-009159,Narcotics
789,80-11-009159,Narcotics
790,80-13-067052,Wpns Law Violation
791,80-11-085882,Wpns Law Violation
792,80-13-066796,Auto Theft
793,80-13-058347,Burglary
794,80-13-071136,Wpns Law Violation
795,80-13-071136,Wpns Law Violation
796,80-13-088210,Wpns Law Violation
797,80-13-088210,Wpns Law Violation
798,80-13-088210,Wpns Law Violation
799,80-13-088210,Wpns Law Violation
800,80-12-078908,Narcotics
801,80-13-058565,Narcotics
802,80-13-081413,Narcotics
803,80-13-059714,Theft Other
804,80-13-051041,Narcotics
805,80-13-081413,Narcotics
806,80-13-081413,Narcotics
807,80-13-081413,Narcotics
808,80-13-081413,Narcotics
809,80-13-081413,Narcotics
810,80-10-099123,Robbery
811,80-10-099123,Robbery
812,80-10-099123,Robbery
813,80-10-099123,Robbery
814,80-10-099123,Robbery
815,80-12-087156,Narcotics
816,80-13-039014,Stolen Property
817,80-13-039014,Stolen Property
818,80-12-081096,Stolen Property
819,80-12-028106,Narcotics
820,80-11-100586,Robbery
821,80-11-076434,Wpns Law Violation
822,80-13-012680,Narcotics
823,80-11-081433,Intimidation
824,80-12-052363,Robbery
825,80-12-052363,Robbery
826,80-12-052363,Robbery
827,80-12-052363,Robbery
828,80-12-052363,Robbery
829,80-13-005139,Narcotics
830,80-13-008021,Narcotics
831,80-13-005139,Narcotics
832,80-13-056290,Wpns Law Violation
833,80-13-075090,Intimidation
834,80-12-031067,Narcotics
835,80-11-086374,Wpns Law Violation
836,80-12-071357,Theft Other
837,80-12-071357,Theft Other
838,80-11-002557,Wpns Law Violation
839,80-12-001828,Stolen Property
840,80-11-004472,Wpns Law Violation
841,80-11-087403,Wpns Law Violation
842,80-11-092788,Wpns Law Violation
843,80-12-079465,Wpns Law Violation
844,80-12-025384,Robbery
845,80-13-062156,Wpns Law Violation
846,80-13-077375,Theft Mv Parts
847,80-12-025384,Robbery
848,80-13-043273,Aggravated Assault
849,80-11-087246,Aggravated Assault
850,80-13-077103,Wpns Law Violation
851,80-13-024848,Narcotics Equip
852,80-08-091695,Theft Fr Veh
853,80-11-006459,Robbery
854,80-08-091695,Theft Fr Veh
855,80-13-052721,Narcotics
856,80-08-091695,Theft Fr Veh
857,80-11-006459,Robbery
858,80-13-002382,Aggravated Assault
859,80-11-009159,Narcotics
860,80-12-097586,Wpns Law Violation
861,80-12-033703,Wpns Law Violation
862,80-11-004906,Wpns Law Violation
863,80-12-057698,Wpns Law Violation
864,80-12-102548,Wpns Law Violation
865,80-12-102548,Wpns Law Violation
866,80-12-050646,Burglary
867,80-11-002888,Aggravated Assault
868,80-12-083149,Wpns Law Violation
869,80-12-017140,Wpns Law Violation
870,80-12-017140,Wpns Law Violation
871,80-13-079026,Stolen Property
872,80-13-010519,Wpns Law Violation
873,80-13-030063,Wpns Law Violation
874,80-13-030063,Wpns Law Violation
875,80-12-034745,Wpns Law Violation
876,80-12-064258,Wpns Law Violation
877,80-12-095235,Narcotics
878,80-13-023402,Aggravated Assault
879,80-12-063947,Aggravated Assault
880,80-12-052363,Robbery
881,80-12-051531,Wpns Law Violation
882,80-12-037436,Wpns Law Violation
883,80-11-097259,Wpns Law Violation
884,80-12-072145,Wpns Law Violation
885,80-13-053780,Wpns Law Violation
886,80-13-053780,Wpns Law Violation
887,80-12-018889,Wpns Law Violation
888,80-13-064247,Narcotics
889,80-11-005586,Burglary
890,80-12-052094,Theft Other
891,80-12-052094,Theft Other
892,80-12-055129,Wpns Law Violation
893,80-13-049513,Wpns Law Violation
894,80-12-028217,Vandalism
895,80-12-046062,Narcotics
896,80-12-046062,Narcotics
897,80-12-032279,Aggravated Assault
898,80-12-032279,Aggravated Assault
899,80-12-081184,Burglary
900,80-12-031903,Aggravated Assault
901,80-12-031903,Aggravated Assault
902,80-12-031903,Aggravated Assault
903,80-12-094363,Wpns Law Violation
904,80-13-026055,All Other Offenses
905,80-12-080330,Wpns Law Violation
906,80-12-083890,Counterfeiting
907,80-12-078908,Narcotics
908,80-12-078908,Narcotics
909,80-12-040387,Aggravated Assault
910,80-13-058533,Kidnapping Only
911,80-11-096347,Aggravated Assault
912,80-11-009159,Narcotics
913,80-12-040024,Wpns Law Violation
914,80-12-040387,Aggravated Assault
915,80-12-063947,Aggravated Assault
916,80-11-009159,Narcotics
917,80-12-044709,Narcotics
918,80-12-052363,Robbery
919,80-11-096994,Wpns Law Violation
920,80-12-066570,Narcotics
921,80-13-032458,Wpns Law Violation
922,80-13-029298,Narcotics
923,80-12-052363,Robbery
924,80-11-089985,Wpns Law Violation
925,80-11-100602,Wpns Law Violation
926,80-12-018525,Wpns Law Violation
927,80-12-074428,Aggravated Assault
928,80-12-007903,Aggravated Assault
929,80-12-006029,Aggravated Assault
930,80-12-052363,Robbery
931,80-11-078342,Aggravated Assault
932,80-12-081184,Burglary
933,80-12-031903,Aggravated Assault
934,80-11-100602,Wpns Law Violation
935,80-12-098186,Wpns Law Violation
936,80-12-018361,Narcotics
937,80-11-078342,Aggravated Assault
938,80-12-102887,Wpns Law Violation
939,80-12-031903,Aggravated Assault
940,80-11-078342,Aggravated Assault
941,80-13-099453,Aggravated Assault
942,80-12-008669,Narcotics
943,80-13-025943,Wpns Law Violation
944,80-12-031903,Aggravated Assault
945,80-12-040953,Wpns Law Violation
946,80-14-001775,Wpns Law Violation
947,80-12-098679,Wpns Law Violation
948,80-13-011903,Wpns Law Violation
949,80-12-080722,Wpns Law Violation
950,80-12-040953,Wpns Law Violation
951,80-14-001512,Wpns Law Violation
952,80-12-058746,Narcotics
953,80-12-058746,Narcotics
954,80-12-099787,Robbery
955,80-12-099787,Robbery
956,80-13-062388,Aggravated Assault
957,80-12-091339,Wpns Law Violation
958,80-11-084301,Wpns Law Violation
959,80-11-068326,Theft Other
960,80-11-068068,Aggravated Assault
961,80-12-018042,Aggravated Assault
962,80-12-000664,Narcotics
963,80-13-038704,Narcotics
964,80-13-038704,Narcotics
965,80-10-074585,Theft Other
966,80-11-103276,Theft Fr Veh
967,80-13-005043,Wpns Law Violation
968,80-13-067435,Narcotics
969,80-12-000397,Aggravated Assault
970,80-12-000397,Aggravated Assault
971,80-12-037721,Aggravated Assault
972,80-12-063457,Wpns Law Violation
973,80-12-001556,Narcotics
974,80-12-001556,Narcotics
975,80-13-013256,Narcotics
976,80-13-032705,Narcotics
977,80-13-070077,Stolen Property
978,80-13-032705,Narcotics
979,80-13-068224,Wpns Law Violation
980,80-13-004233,Stolen Property
981,80-12-089444,Wpns Law Violation
982,80-11-087530,Accidental Shooting
983,80-12-098293,Counterfeiting
984,80-13-009880,Narcotics
985,80-13-036617,Narcotics
986,80-12-085744,Narcotics
987,80-13-020189,Robbery
988,80-13-020189,Robbery
989,80-13-084178,Wpns Law Violation
990,80-12-009571,Narcotics
991,80-12-009571,Narcotics
992,80-12-036747,Narcotics
993,80-13-005721,Wpns Law Violation
994,80-13-051041,Narcotics
995,80-14-021147,Wpns Law Violation
996,80-13-021431,Narcotics
997,80-14-021142,Aggravated Assault
998,80-12-033703,Wpns Law Violation
999,80-14-017021,Aggravated Assault
1000,80-12-012701,All Other Offenses
1001,80-13-021431,Narcotics
1002,80-13-061635,Stolen Property
1003,80-12-054753,Accidental Shooting
1004,80-14-021142,Aggravated Assault
1005,80-14-032784,Wpns Law Violation
1006,80-12-017638,Aggravated Assault
1007,80-12-014806,Auto Theft
1008,80-13-021431,Narcotics
1009,80-13-031054,Aggravated Assault
1010,80-14-021142,Aggravated Assault
1011,80-14-032784,Wpns Law Violation
1012,80-13-001127,Wpns Law Violation
1013,80-13-031054,Aggravated Assault
1014,80-14-035121,Stolen Property
1015,80-14-021142,Aggravated Assault
1016,80-12-017223,Robbery
1017,80-12-096801,Narcotics
1018,80-13-052721,Narcotics
1019,80-14-044667,Wpns Law Violation
1020,80-14-015090,Aggravated Assault
1021,80-12-061973,Narcotics Equip
1022,80-12-029459,Wpns Law Violation
1023,80-13-052721,Narcotics
1024,80-14-044667,Wpns Law Violation
1025,80-14-023262,Wpns Law Violation
1026,80-11-081620,Aggravated Assault
1027,80-12-066608,Narcotics
1028,80-12-066608,Narcotics
1029,80-12-016804,Aggravated Assault
1030,80-12-016804,Aggravated Assault
1031,80-12-046841,Narcotics
1032,80-12-046841,Narcotics
1033,80-13-009622,Narcotics
1034,80-12-057221,Intimidation
1035,80-12-057221,Intimidation
1036,80-13-034721,Aggravated Assault
1037,80-11-101205,Narcotics
1038,80-11-101205,Narcotics
1039,80-13-045472,Narcotics
1040,80-11-080823,Narcotics
1041,80-11-083829,Narcotics
1042,80-12-074428,Aggravated Assault
1043,80-12-098293,Counterfeiting
1044,80-11-083829,Narcotics
1045,80-12-075071,Wpns Law Violation
1046,80-12-081184,Burglary
1047,80-12-081184,Burglary
1048,80-12-081891,Burglary
1049,80-11-097332,Wpns Law Violation
1050,80-12-084490,Aggravated Assault
1051,80-11-088412,Aggravated Assault
1052,80-11-090840,Aggravated Assault
1053,80-11-100599,Aggravated Assault
1054,80-13-000972,Narcotics
1055,80-13-000972,Narcotics
1056,80-13-000972,Narcotics
1057,80-13-000972,Narcotics
1058,80-13-000972,Narcotics
1059,80-13-000972,Narcotics
1060,80-13-045211,Narcotics
1061,80-12-005653,Wpns Law Violation
1062,80-13-017997,Wpns Law Violation
1063,80-12-008669,Narcotics
1064,80-11-079649,Robbery
1065,80-12-097188,Wpns Law Violation
1066,80-14-003340,Robbery
1067,80-13-050027,Aggravated Assault
1068,80-13-051164,Accidental Shooting
1069,80-12-081184,Burglary
1070,80-12-005021,Wpns Law Violation
1071,80-14-008020,Narcotics
1072,80-13-078884,Wpns Law Violation
1073,80-13-033105,Burglary
1074,80-12-005021,Wpns Law Violation
1075,80-14-010545,Robbery
1076,80-13-082131,Wpns Law Violation
1077,80-12-053195,Wpns Law Violation
1078,80-12-020740,Aggravated Assault
1079,80-14-067464,Robbery
1080,80-13-083202,Wpns Law Violation
1081,80-11-098537,Wpns Law Violation
1082,80-12-016269,Wpns Law Violation
1083,80-14-067464,Robbery
1084,80-14-067464,Robbery
1085,80-14-047451,Injured Person Report
1086,80-14-047743,Wpns Law Violation
1087,80-14-047743,Wpns Law Violation
1088,80-14-053487,Wpns Law Violation
1089,80-14-054607,Wpns Law Violation
1090,80-14-054607,Wpns Law Violation
1091,80-14-058782,Aggravated Assault
1092,80-14-058782,Aggravated Assault
1093,80-14-058782,Aggravated Assault
1094,80-14-058782,Aggravated Assault
1095,80-14-058782,Aggravated Assault
1096,80-14-058782,Aggravated Assault
1097,80-12-102887,Wpns Law Violation
1098,80-12-069239,Narcotics
1099,80-12-069239,Narcotics
1100,80-12-069239,Narcotics
1101,80-12-069239,Narcotics
1102,80-13-062743,Aggravated Assault
1103,80-13-068267,Stolen Property
1104,80-13-089933,Stolen Property
1105,80-14-016152,Aggravated Assault
1106,80-14-016152,Aggravated Assault
1107,80-12-101214,Wpns Law Violation
1108,80-12-075988,Wpns Law Violation
1109,80-13-024482,Wpns Law Violation
1110,80-11-100808,Wpns Law Violation
1111,80-13-090404,Stolen Property
1112,80-13-012802,Narcotics
1113,80-12-008569,Wpns Law Violation
1114,80-13-085813,Narcotics
1115,80-13-036527,Aggravated Assault
1116,80-11-084277,Wpns Law Violation
1117,80-13-085813,Narcotics
1118,80-12-084556,Wpns Law Violation
1119,80-11-084277,Wpns Law Violation
1120,80-13-087911,Wpns Law Violation
1121,80-13-089790,Wpns Law Violation
1122,80-13-084655,Wpns Law Violation
1123,80-14-003686,Stolen Property
1124,80-12-017081,Robbery
1125,80-12-017223,Robbery
1126,80-12-036226,Narcotics
1127,80-13-004132,Narcotics
1128,80-12-036747,Narcotics
1129,80-13-051041,Narcotics
1130,80-12-024418,Wpns Law Violation
1131,80-13-069157,Aggravated Assault
1132,80-13-069157,Aggravated Assault
1133,80-13-072150,Aggravated Assault
1134,80-13-072150,Aggravated Assault
1135,80-13-085030,Aggravated Assault
1136,80-12-018361,Narcotics
1137,80-12-018361,Narcotics
1138,80-13-051041,Narcotics
1139,80-14-058425,Aggravated Assault
1140,80-14-084334,Wpns Law Violation
1141,80-14-084334,Wpns Law Violation
1142,80-14-092374,Injured Person Report
1143,80-14-096593,Narcotics
1144,80-14-015676,Theft Other
1145,80-15-011099,Stolen Property
1146,80-15-014235,Wpns Law Violation
1147,80-15-014510,Wpns Law Violation
1148,80-15-010278,Wpns Law Violation
1149,80-15-010311,Robbery
1150,80-15-021207,Stolen Property
1151,80-15-036647,Wpns Law Violation
1152,80-12-038429,Wpns Law Violation
1153,80-13-024466,Aggravated Assault
1154,80-13-024466,Aggravated Assault
1155,80-12-046841,Narcotics
1156,80-11-009239,Wpns Law Violation
1157,80-11-084277,Wpns Law Violation
1158,80-13-027361,Wpns Law Violation
1159,80-14-005960,Robbery
1160,80-11-102162,Narcotics
1161,80-14-005960,Robbery
1162,80-12-036182,Wpns Law Violation
1163,80-14-005960,Robbery
1164,80-11-105867,Aggravated Assault
1165,80-12-055074,Narcotics
1166,80-12-081968,Wpns Law Violation
1167,80-12-055074,Narcotics
1168,80-12-083737,Aggravated Assault
1169,80-12-055074,Narcotics
1170,80-12-002572,Wpns Law Violation
1171,80-13-036460,Wpns Law Violation
1172,80-12-063687,Aggravated Assault
1173,80-12-052974,Narcotics
1174,80-13-001120,Wpns Law Violation
1175,80-11-100968,Wpns Law Violation
1176,80-13-007397,Narcotics
1177,80-11-077000,Wpns Law Violation
1178,80-12-003956,Narcotics
1179,80-12-045536,Aggravated Assault
1180,80-13-029298,Narcotics
1181,80-11-083829,Narcotics
1182,80-11-083829,Narcotics
1183,80-11-084637,Burglary
1184,80-11-084637,Burglary
1185,80-13-029298,Narcotics
1186,80-13-032591,Robbery
1187,80-13-062121,Aggravated Assault
1188,80-13-016199,Wpns Law Violation
1189,80-13-016199,Wpns Law Violation
1190,80-12-052974,Narcotics
1191,80-12-052974,Narcotics
1192,80-12-052974,Narcotics
1193,80-12-022342,Wpns Law Violation
1194,80-12-080387,Wpns Law Violation
1195,80-12-027413,Aggravated Assault
1196,80-11-081146,Aggravated Assault
1197,80-12-094667,Wpns Law Violation
1198,80-12-097917,Wpns Law Violation
1199,80-12-040387,Aggravated Assault
1200,80-12-059478,Narcotics
1201,80-12-063441,All Other Offenses
1202,80-12-071112,Theft Other
1203,80-12-079109,Wpns Law Violation
1204,80-12-082056,Wpns Law Violation
1205,80-12-063040,Narcotics
1206,80-13-063150,Wpns Law Violation
1207,80-13-026832,Robbery
1208,80-15-038134,Wpns Law Violation
1209,80-15-040295,Wpns Law Violation
1210,80-15-043224,Narcotics
1211,80-15-040316,Wpns Law Violation
1212,80-15-040117,Wpns Law Violation
1213,80-15-042280,Narcotics
1214,80-15-044126,Aggravated Assault
1215,80-15-021890,Wpns Law Violation
1216,80-15-042280,Narcotics
1217,80-15-021890,Wpns Law Violation
1218,80-15-048313,Narcotics
1219,80-14-049477,Wpns Law Violation
1220,80-15-021890,Wpns Law Violation
1221,80-15-021888,Wpns Law Violation
1222,80-15-021888,Wpns Law Violation
1223,80-15-006127,Wpns Law Violation
1224,80-15-023224,Aggravated Assault
1225,80-15-024371,Wpns Law Violation
1226,80-15-024371,Wpns Law Violation
1227,80-15-027299,Family Offenses
1228,80-15-028413,Stolen Property
1229,80-14-006214,Wpns Law Violation
1230,80-14-031450,Aggravated Assault
1231,80-14-031450,Aggravated Assault
1232,80-14-032360,Stolen Property
1233,80-14-037191,Wpns Law Violation
1234,80-14-037191,Wpns Law Violation
1235,80-14-038808,Wpns Law Violation
1236,80-14-038808,Wpns Law Violation
1237,80-14-050183,Wpns Law Violation
1238,80-14-051352,Wpns Law Violation
1239,80-14-009671,Stolen Property
1240,80-14-010974,Wpns Law Violation
1241,80-14-069406,Wpns Law Violation
1242,80-14-068169,Burglary
1243,80-14-072392,All Other Offenses
1244,80-14-065244,Theft Other
1245,80-15-030505,Wpns Law Violation
1246,80-15-026806,Robbery
1247,80-15-035354,Wpns Law Violation
1248,80-15-035713,Narcotics
1249,80-15-035713,Narcotics
1250,80-15-035713,Narcotics
1251,80-15-049731,Wpns Law Violation
1252,80-15-050580,Wpns Law Violation
1253,80-15-050580,Wpns Law Violation
1254,80-15-050996,Stolen Property
1255,80-15-101963,Narcotics
1256,80-15-035046,Narcotics
1257,80-15-034119,Wpns Law Violation
1258,80-16-022080,Narcotics
1259,80-15-101963,Narcotics
1260,80-16-031344,Stolen Property
1261,80-15-055130,Intimidation
1262,80-16-032018,Wpns Law Violation
1263,80-15-054776,Narcotics
1264,80-16-106594,Wpns Law Violation
1265,80-16-106594,Wpns Law Violation
1266,80-16-043397,Aggravated Assault
1267,80-15-054776,Narcotics
1268,80-16-096774,Stolen Property
1269,80-16-106594,Wpns Law Violation
1270,80-16-043397,Aggravated Assault
1271,80-15-054776,Narcotics
1272,80-14-067830,Stolen Property
1273,80-16-106594,Wpns Law Violation
1274,80-16-055112,Stolen Property
1275,80-15-054776,Narcotics
1276,80-16-049755,Aggravated Assault
1277,80-16-106594,Wpns Law Violation
1278,80-16-106594,Wpns Law Violation
1279,80-15-074463,Narcotics
1280,80-16-071837,Wpns Law Violation
1281,80-16-057317,Stolen Property
1282,80-15-066506,Narcotics
1283,80-15-066506,Narcotics
1284,80-15-066506,Narcotics
1285,80-15-066506,Narcotics
1286,80-16-070110,Narcotics
1287,80-16-070110,Narcotics
1288,80-15-069976,Aggravated Assault
1289,80-15-069976,Aggravated Assault
1290,80-16-099443,Aggravated Assault
1291,80-16-022392,Stolen Property
1292,80-16-070110,Narcotics
1293,80-16-056688,Aggravated Assault
1294,80-16-070110,Narcotics
1295,80-15-034469,Wpns Law Violation
1296,80-16-104858,Wpns Law Violation
1297,80-15-020184,Wpns Law Violation
1298,80-15-025725,Wpns Law Violation
1299,80-16-055259,Robbery
1300,80-16-030442,Aggravated Assault
1301,80-15-003249,Stolen Property
1302,80-15-003249,Stolen Property
1303,80-16-016263,Fraud Impersonation
1304,80-14-001962,Wpns Law Violation
1305,80-16-030442,Aggravated Assault
1306,80-15-104795,Wpns Law Violation
1307,80-13-047039,Burglary
1308,80-13-047039,Burglary
1309,80-15-044377,Wpns Law Violation
1310,80-15-006840,Wpns Law Violation
1311,80-15-006840,Wpns Law Violation
1312,80-16-096774,Stolen Property
1313,80-15-068568,Wpns Law Violation
1314,80-16-105270,Narcotics
1315,80-16-054920,Wpns Law Violation
1316,80-12-008762,Robbery
1317,80-12-008762,Robbery
1318,80-16-030540,Wpns Law Violation
1319,80-14-077468,Narcotics
1320,80-14-077468,Narcotics
1321,80-14-077468,Narcotics
1322,80-15-101963,Narcotics
1323,80-16-050270,Wpns Law Violation
1324,80-16-090219,Wpns Law Violation
1325,80-16-050270,Wpns Law Violation
1326,80-16-049972,Accidental Shooting
1327,80-16-055288,Accidental Shooting
1328,80-14-086430,Wpns Law Violation
1329,80-15-032582,Wpns Law Violation
1330,80-16-060498,Aggravated Assault
1331,80-16-057409,Wpns Law Violation
1332,80-14-069118,Narcotics
1333,80-15-054709,Wpns Law Violation
1334,80-14-069118,Narcotics
1335,80-14-045134,Narcotics
1336,80-15-078740,Narcotics
1337,80-15-043246,Narcotics
1338,80-14-069118,Narcotics
1339,80-14-045134,Narcotics
1340,80-16-101135,Aggravated Assault
1341,80-16-101135,Aggravated Assault
1342,80-16-054920,Wpns Law Violation
1343,80-14-045134,Narcotics
1344,80-15-054501,Wpns Law Violation
1345,80-16-111257,Narcotics
1346,80-15-043246,Narcotics
1347,80-15-095396,Burglary
1348,80-14-045134,Narcotics
1349,80-16-006580,Narcotics
1350,80-16-005239,Wpns Law Violation
1351,80-15-044247,Narcotics
1352,80-15-095396,Burglary
1353,80-14-045134,Narcotics
1354,80-16-104190,Wpns Law Violation
1355,80-14-010909,Stolen Property
1356,80-16-043828,Stolen Property
1357,80-14-009331,Wpns Law Violation
1358,80-16-103832,Wpns Law Violation
1359,80-16-103832,Wpns Law Violation
1360,80-16-080272,Aggravated Assault
1361,80-16-080272,Aggravated Assault
1362,80-15-031823,Simple Assault
1363,80-16-103228,Aggravated Assault
1364,80-14-014888,Wpns Law Violation
1365,80-15-086508,Aggravated Assault
1366,80-15-086508,Aggravated Assault
1367,80-16-060498,Aggravated Assault
1368,80-16-058052,Theft Other
1369,80-16-073678,Accidental Shooting
1370,80-16-008391,Aggravated Assault
1371,80-16-068279,Wpns Law Violation
1372,80-16-022197,Aggravated Assault
1373,80-15-068970,Wpns Law Violation
1374,80-13-048130,Aggravated Assault
1375,80-16-030442,Aggravated Assault
1376,80-16-030442,Aggravated Assault
1377,80-06-108219,Burglary
1378,80-15-104185,Wpns Law Violation
1379,80-16-032790,Aggravated Assault
1380,80-16-032790,Aggravated Assault
1381,80-14-045134,Narcotics
1382,80-14-045134,Narcotics
1383,80-14-045134,Narcotics
1384,80-14-045134,Narcotics
1385,80-16-023338,Simple Assault
1386,80-15-060613,Simple Assault
1387,80-16-066721,Aggravated Assault
1388,80-14-055256,Wpns Law Violation
1389,80-14-009428,Aggravated Assault
1390,80-16-082004,Narcotics
1391,80-16-082004,Narcotics
1392,80-16-028572,Narcotics
1393,80-15-022456,Wpns Law Violation
1394,80-15-057961,Wpns Law Violation
1395,80-16-058830,Wpns Law Violation
1396,80-16-058830,Wpns Law Violation
1397,80-14-087410,Robbery
1398,80-14-045134,Narcotics
1399,80-14-045134,Narcotics
1400,80-16-110075,Simple Assault
1401,80-16-062840,Robbery
1402,80-16-054920,Wpns Law Violation
1403,80-14-045134,Narcotics
1404,80-16-068750,Accidental Shooting
1405,80-16-028572,Narcotics
1406,80-16-108680,Wpns Law Violation
1407,80-16-033308,All Other Offenses
1408,80-15-085557,Narcotics
1409,80-16-006610,Stolen Property
1410,80-16-025557,Wpns Law Violation
1411,80-16-043205,Wpns Law Violation
1412,80-15-044247,Narcotics
1413,80-14-049429,Wpns Law Violation
1414,80-11-020280,Wpns Law Violation
1415,80-15-085557,Narcotics
1416,80-14-077468,Narcotics
1417,80-14-077468,Narcotics
1418,80-13-087067,Aggravated Assault
1419,80-15-043872,Wpns Law Violation
1420,80-15-043872,Wpns Law Violation
1421,80-16-022392,Stolen Property
1422,80-16-022392,Stolen Property
1423,80-15-052068,Wpns Law Violation
1424,80-16-003471,Auto Theft
1425,80-14-007688,Wpns Law Violation
1426,80-12-022609,Wpns Law Violation
1427,80-12-022609,Wpns Law Violation
1428,80-14-083396,Burglary
1429,80-16-024816,Wpns Law Violation
1430,80-14-094754,Intimidation
1431,80-14-094754,Intimidation
1432,80-13-095512,Wpns Law Violation
1433,80-13-095512,Wpns Law Violation
1434,80-15-003249,Stolen Property
1435,80-15-012840,Narcotics
1436,80-15-040103,Wpns Law Violation
1437,80-16-101704,Narcotics
1438,80-16-101704,Narcotics
1439,80-14-089514,Narcotics
1440,80-16-105270,Narcotics
1441,80-16-103041,Simple Assault
1442,80-16-103041,Simple Assault
1443,80-16-103041,Simple Assault
1444,80-16-103041,Simple Assault
1445,80-16-103041,Simple Assault
1446,80-16-103041,Simple Assault
1447,80-16-103041,Simple Assault
1448,80-14-013438,Wpns Law Violation
1449,80-14-013438,Wpns Law Violation
1450,80-16-043205,Wpns Law Violation
1451,80-16-041480,Simple Assault
1452,80-15-052708,Wpns Law Violation
1453,80-16-041480,Simple Assault
1454,80-16-012984,Wpns Law Violation
1455,80-16-047892,Accidental Shooting
1456,80-16-012984,Wpns Law Violation
1457,80-16-021602,Robbery
1458,80-16-050189,Aggravated Assault
1459,80-14-010415,Wpns Law Violation
1460,80-15-093771,Stolen Property
1461,80-16-060982,Wpns Law Violation
1462,80-16-007202,Aggravated Assault
1463,80-14-088283,Wpns Law Violation
1464,80-16-062792,Wpns Law Violation
1465,80-14-073570,Aggravated Assault
1466,80-15-008188,Wpns Law Violation
1467,80-16-062792,Wpns Law Violation
1468,80-16-068568,Stolen Property
1469,80-16-083066,Wpns Law Violation
1470,80-16-097524,Accidental Shooting
1471,80-16-096481,Aggravated Assault
1472,80-16-102273,All Other Offenses
1473,80-16-101135,Aggravated Assault
1474,80-16-101135,Aggravated Assault
1475,80-15-049256,Wpns Law Violation
1476,80-15-066029,Aggravated Assault
1477,80-15-066029,Aggravated Assault
1478,80-15-086620,Wpns Law Violation
1479,80-16-002945,Aggravated Assault
1480,80-15-093558,Wpns Law Violation
1481,80-16-002945,Aggravated Assault
1482,80-16-002945,Aggravated Assault
1483,80-16-026480,Theft Other
1484,80-16-028373,Fraud Impersonation
1485,80-16-048428,Wpns Law Violation
1486,80-16-048428,Wpns Law Violation
1487,80-16-049524,Accidental Shooting
1488,80-16-069522,Stolen Property
1489,80-16-079464,Accidental Shooting
1490,80-16-069522,Stolen Property
1491,80-16-081233,Accidental Shooting
1492,80-16-104110,Wpns Law Violation
1493,80-16-042073,Aggravated Assault
1494,80-16-042073,Aggravated Assault
1495,80-15-045408,Accidental Shooting
1496,80-14-073570,Aggravated Assault
1497,80-15-085557,Narcotics
1498,80-15-085557,Narcotics
1499,80-14-073570,Aggravated Assault
1500,80-14-017872,Narcotics
1501,80-14-017872,Narcotics
1502,80-14-017872,Narcotics
1503,80-16-031083,Burglary
1504,80-14-073570,Aggravated Assault
1505,80-14-073570,Aggravated Assault
1506,80-14-008240,Wpns Law Violation
1507,80-16-036294,Wpns Law Violation
1508,80-16-036294,Wpns Law Violation
1509,80-15-096677,Aggravated Assault
1510,80-15-096677,Aggravated Assault
1511,80-13-084781,Wpns Law Violation
1512,80-15-089409,Stolen Property
1513,80-15-089409,Stolen Property
1514,80-16-012984,Wpns Law Violation
1515,80-15-089352,Wpns Law Violation
1516,80-16-012984,Wpns Law Violation
1517,80-15-028690,Aggravated Assault
1518,80-13-078123,Aggravated Assault
1519,80-16-018786,Narcotics
1520,80-16-088062,Burglary
1521,80-15-046945,Wpns Law Violation
1522,80-16-050648,Narcotics
1523,80-16-050648,Narcotics
1524,80-16-092527,Wpns Law Violation
1525,80-16-103041,Simple Assault
1526,80-15-003249,Stolen Property
1527,80-13-074834,Robbery
1528,80-13-074834,Robbery
1529,80-13-074834,Robbery
1530,80-13-074834,Robbery
1531,80-13-074834,Robbery
1532,80-13-074834,Robbery
1533,80-13-074834,Robbery
1534,80-13-074834,Robbery
1535,80-15-054776,Narcotics
1536,80-15-054776,Narcotics
1537,80-13-076056,Wpns Law Violation
1538,80-13-079094,Wpns Law Violation
1539,80-15-066754,Wpns Law Violation
1540,80-15-066754,Wpns Law Violation
1541,80-14-023024,Narcotics
1542,80-15-076080,Wpns Law Violation
1543,80-16-044445,Wpns Law Violation
1544,80-16-044445,Wpns Law Violation
1545,80-16-043216,Wpns Law Violation
1546,80-16-103041,Simple Assault
1547,80-16-103041,Simple Assault
1548,80-16-103041,Simple Assault
1549,80-16-103041,Simple Assault
1550,80-16-103041,Simple Assault
1551,80-16-103041,Simple Assault
1552,80-16-103041,Simple Assault
1553,80-16-103041,Simple Assault
1554,80-16-044492,Wpns Law Violation
1555,80-15-069976,Aggravated Assault
1556,80-14-031710,Wpns Law Violation
1557,80-15-046945,Wpns Law Violation
1558,80-14-084043,Robbery
1559,80-14-084043,Robbery
1560,80-14-063202,Wpns Law Violation
1561,80-14-063202,Wpns Law Violation
1562,80-14-062665,Intimidation
1563,80-15-010713,Wpns Law Violation
1564,80-15-010713,Wpns Law Violation
1565,80-15-010311,Robbery
1566,80-15-016652,Wpns Law Violation
1567,80-15-016652,Wpns Law Violation
1568,80-15-017037,Wpns Law Violation
1569,80-15-017037,Wpns Law Violation
1570,80-15-020156,Wpns Law Violation
1571,80-15-020624,Wpns Law Violation
1572,80-14-087843,Stolen Property
1573,80-14-095518,Counterfeiting
1574,80-14-096560,Aggravated Assault
1575,80-15-048314,Wpns Law Violation
1576,80-15-062444,Robbery
1577,80-15-056075,Burglary
1578,80-15-091925,Fraud Credit Card/atm
1579,80-15-058376,Counterfeiting
1580,80-15-062226,Narcotics
1581,80-15-090080,Wpns Law Violation
1582,80-16-020251,Wpns Law Violation
1583,80-16-026444,Stolen Property
1584,80-16-026393,Narcotics
1585,80-16-002945,Aggravated Assault
1586,80-16-012951,Accidental Shooting
1587,80-15-026918,Stolen Property
1588,80-15-028137,Aggravated Assault
1589,80-15-029922,Wpns Law Violation
1590,80-15-032193,Narcotics
1591,80-15-032491,Wpns Law Violation
1592,80-15-032491,Wpns Law Violation
1593,80-15-032491,Wpns Law Violation
1594,80-15-032816,Wpns Law Violation
1595,80-15-036664,Aggravated Assault
1596,80-15-036664,Aggravated Assault
1597,80-15-038245,Wpns Law Violation
1598,80-15-039823,Wpns Law Violation
1599,80-15-042173,Wpns Law Violation
1600,80-15-087528,Stolen Property
1601,80-15-085598,Wpns Law Violation
1602,80-16-074720,Stolen Property
1603,80-15-042646,Wpns Law Violation
1604,80-15-057602,Wpns Law Violation
1605,80-15-072460,Wpns Law Violation
1606,80-16-051573,Wpns Law Violation
1607,80-16-051573,Wpns Law Violation
1608,80-13-086884,Intimidation
1609,80-14-075737,Narcotics
1610,80-16-028547,Wpns Law Violation
1611,80-14-049032,Wpns Law Violation
1612,80-16-070789,Wpns Law Violation
1613,80-16-054571,Stolen Property
1614,80-16-104751,Wpns Law Violation
1615,80-16-036658,Wpns Law Violation
1616,80-16-090394,Burglary
1617,80-16-002626,Narcotics
1618,80-14-094631,Wpns Law Violation
1619,80-15-006540,Wpns Law Violation
1620,80-16-052826,Narcotics Equip
1621,80-14-028130,Aggravated Assault
1622,80-14-031164,Wpns Law Violation
1623,80-15-060876,Wpns Law Violation
1624,80-16-084090,Stolen Property
1625,80-14-017356,Narcotics
1626,80-14-017356,Narcotics
1627,80-14-035326,Intimidation
1628,80-15-013203,Narcotics
1629,80-15-102835,Wpns Law Violation
1630,80-15-084765,Wpns Law Violation
1631,80-16-052830,Wpns Law Violation
1632,80-15-061936,Wpns Law Violation
1633,80-15-061936,Wpns Law Violation
1634,80-16-095440,Narcotics
1635,80-16-052830,Wpns Law Violation
1636,80-16-018786,Narcotics
1637,80-16-034623,Wpns Law Violation
1638,80-13-083035,Intimidation
1639,80-13-093403,Wpns Law Violation
1640,80-14-004645,Simple Assault
1641,80-14-062368,Wpns Law Violation
1642,80-15-018635,Wpns Law Violation
1643,80-15-018635,Wpns Law Violation
1644,80-14-002193,Burglary
1645,80-14-012213,Stolen Property
1646,80-14-085759,Wpns Law Violation
1647,80-16-048235,Robbery
1648,80-15-013203,Narcotics
1649,80-15-013203,Narcotics
1650,80-15-013203,Narcotics
1651,80-17-002739,Narcotics
1652,80-15-106530,Wpns Law Violation
1653,80-16-056688,Aggravated Assault
1654,80-15-003759,Narcotics
1655,80-14-018898,Narcotics
1656,80-14-036765,Theft Other
1657,80-16-103041,Simple Assault
1658,80-17-002739,Narcotics
1659,80-14-051560,Wpns Law Violation
1660,80-13-099957,Aggravated Assault
1661,80-16-016255,Narcotics
1662,80-15-031308,Wpns Law Violation
1663,80-15-003759,Narcotics
1664,80-14-036433,Stolen Property
1665,80-14-051560,Wpns Law Violation
1666,80-16-001796,Narcotics
1667,80-16-102088,Narcotics
1668,80-16-028476,Stolen Property
1669,80-15-060898,Aggravated Assault
1670,80-14-036433,Stolen Property
1671,80-16-093367,Simple Assault
1672,80-16-018392,Narcotics
1673,80-16-018392,Narcotics
1674,80-16-018392,Narcotics
1675,80-10-023128,Wpns Law Violation
1676,80-16-030723,Wpns Law Violation
1677,80-14-056044,Robbery
1678,80-16-018202,Narcotics
1679,80-16-038789,Aggravated Assault
1680,80-13-099137,Wpns Law Violation
1681,80-16-012624,Wpns Law Violation
1682,80-16-012624,Wpns Law Violation
1683,80-15-024897,Wpns Law Violation
1684,80-15-018832,Wpns Law Violation
1685,80-16-084501,Aggravated Assault
1686,80-15-066575,Wpns Law Violation
1687,80-14-056336,Burglary
1688,80-16-027479,Wpns Law Violation
1689,80-15-021127,Narcotics
1690,80-16-101135,Aggravated Assault
1691,80-15-019711,Narcotics
1692,80-16-045644,Wpns Law Violation
1693,80-14-011148,Shoplifting
1694,80-15-018292,Aggravated Assault
1695,80-15-018292,Aggravated Assault
1696,80-15-018292,Aggravated Assault
1697,80-16-064199,Wpns Law Violation
1698,80-14-075210,Wpns Law Violation
1699,80-13-045657,Narcotics
1700,80-15-101277,Narcotics
1701,80-15-101277,Narcotics
1702,80-16-054571,Stolen Property
1703,80-16-101135,Aggravated Assault
1704,80-16-101135,Aggravated Assault
1705,80-16-101135,Aggravated Assault
1706,80-16-101135,Aggravated Assault
1707,80-16-101135,Aggravated Assault
1708,80-16-101135,Aggravated Assault
1709,80-16-101135,Aggravated Assault
1710,80-15-021127,Narcotics
1711,80-12-071357,Theft Other
1712,80-14-016064,Narcotics
1713,80-14-016064,Narcotics
1714,80-16-079444,Narcotics
1715,80-16-079444,Narcotics
1716,80-15-038542,Wpns Law Violation
1717,80-15-059933,Wpns Law Violation
1718,80-14-005960,Robbery
1719,80-16-102088,Narcotics
1720,80-16-034944,Robbery
1721,80-14-005960,Robbery
1722,80-14-029520,Intimidation
1723,80-14-086228,Narcotics
1724,80-13-094599,Narcotics
1725,80-16-024946,Narcotics
1726,80-16-024946,Narcotics
1727,80-14-028259,Burglary
1728,80-14-001052,Wpns Law Violation
1729,80-16-105044,Wpns Law Violation
1730,80-15-062140,Wpns Law Violation
1731,80-14-018898,Narcotics
1732,80-14-006173,Aggravated Assault
1733,80-14-050505,Narcotics
1734,80-14-050505,Narcotics
1735,80-16-015347,Aggravated Assault
1736,80-14-074498,Robbery
1737,80-14-046416,Narcotics
1738,80-14-063393,Robbery
1739,80-15-012962,Wpns Law Violation
1740,80-15-012962,Wpns Law Violation
1741,80-13-091219,Narcotics
1742,80-13-091219,Narcotics
1743,80-13-091219,Narcotics
1744,80-15-045668,Wpns Law Violation
1745,80-16-086707,Stolen Property
1746,80-16-034944,Robbery
1747,80-14-005960,Robbery
1748,80-16-048235,Robbery
1749,80-16-031161,Narcotics
1750,80-16-031161,Narcotics
1751,80-15-053015,Wpns Law Violation
1752,80-16-106571,Narcotics
1753,80-16-061980,Aggravated Assault
1754,80-15-091934,Narcotics
1755,80-15-049877,Wpns Law Violation
1756,80-16-105073,Narcotics
1757,80-16-087360,Aggravated Assault
1758,80-14-007646,Narcotics
1759,80-14-007646,Narcotics
1760,80-16-028476,Stolen Property
1761,80-16-028476,Stolen Property
1762,80-14-009351,Aggravated Assault
1763,80-14-009351,Aggravated Assault
1764,80-16-106047,Narcotics
1765,80-16-106047,Narcotics
1766,80-16-106047,Narcotics
1767,80-15-059933,Wpns Law Violation
1768,80-16-052240,Wpns Law Violation
1769,80-15-032255,Narcotics
1770,80-15-067463,Wpns Law Violation
1771,80-15-009195,Wpns Law Violation
1772,80-15-065104,Narcotics
1773,80-14-036426,Robbery
1774,80-16-106571,Narcotics
1775,80-14-046048,Wpns Law Violation
1776,80-13-099969,Wpns Law Violation
1777,80-15-044810,Narcotics
1778,80-15-044810,Narcotics
1779,80-15-044810,Narcotics
1780,80-13-074682,Aggravated Assault
1781,80-14-030887,Wpns Law Violation
1782,80-16-025887,Wpns Law Violation
1783,80-16-104777,Wpns Law Violation
1784,80-15-021940,Wpns Law Violation
1785,80-15-093771,Stolen Property
1786,80-15-093771,Stolen Property
1787,80-16-063056,Wpns Law Violation
1788,80-15-029614,Narcotics
1789,80-13-095920,Wpns Law Violation
1790,80-15-016330,Aggravated Assault
1791,80-14-021799,Aggravated Assault
1792,80-16-010491,Wpns Law Violation
1793,80-16-068440,Wpns Law Violation
1794,80-14-032283,Wpns Law Violation
1795,80-15-102134,Wpns Law Violation
1796,80-15-102134,Wpns Law Violation
1797,80-16-002761,Wpns Law Violation
1798,80-16-055217,Narcotics
1799,80-15-021572,Wpns Law Violation
1800,80-15-021572,Wpns Law Violation
1801,80-16-015259,Simple Assault
1802,80-14-002085,Theft Other
1803,80-14-077337,Wpns Law Violation
1804,80-14-054506,All Other Offenses
1805,80-16-009755,Wpns Law Violation
1806,80-15-086591,Family Offenses
1807,80-14-075737,Narcotics
1808,80-14-027654,Wpns Law Violation
1809,80-16-028476,Stolen Property
1810,80-16-085159,Narcotics
1811,80-14-005657,Robbery
1812,80-14-036311,Wpns Law Violation
1813,80-14-036311,Wpns Law Violation
1814,80-13-094599,Narcotics
1815,80-16-063056,Wpns Law Violation
1816,80-16-027356,Wpns Law Violation
1817,80-14-033595,Robbery
1818,80-14-065366,Aggravated Assault
1819,80-16-026761,Wpns Law Violation
1820,80-13-096307,Wpns Law Violation
1821,80-15-027767,Narcotics
1822,80-14-022198,Wpns Law Violation
1823,80-14-082279,Aggravated Assault
1824,80-16-078761,Wpns Law Violation
1825,80-16-106571,Narcotics
1826,80-16-106571,Narcotics
1827,80-16-106571,Narcotics
1828,80-16-106571,Narcotics
1829,80-14-032646,Wpns Law Violation
1830,80-15-052660,Wpns Law Violation
1831,80-16-046936,Stolen Property
1832,80-16-046936,Stolen Property
1833,80-16-045203,Wpns Law Violation
1834,80-16-045203,Wpns Law Violation
1835,80-15-047422,Robbery
1836,80-15-102747,Aggravated Assault
1837,80-14-021799,Aggravated Assault
1838,80-16-102702,Narcotics
1839,80-16-102702,Narcotics
1840,80-15-010851,Wpns Law Violation
1841,80-15-040381,Aggravated Assault
1842,80-15-040381,Aggravated Assault
1843,80-16-009755,Wpns Law Violation
1844,80-16-038789,Aggravated Assault
1845,80-16-038789,Aggravated Assault
1846,80-16-038789,Aggravated Assault
1847,80-15-015925,Wpns Law Violation
1848,80-14-085759,Wpns Law Violation
1849,80-15-034668,Wpns Law Violation
1850,80-15-090059,Wpns Law Violation
1851,80-15-102824,Wpns Law Violation
1852,80-14-083352,Wpns Law Violation
1853,80-14-040575,Stolen Property
1854,80-15-057149,Wpns Law Violation
1855,80-16-052759,Wpns Law Violation
1856,80-16-052759,Wpns Law Violation
1857,80-16-052759,Wpns Law Violation
1858,80-15-061215,Wpns Law Violation
1859,80-16-078761,Wpns Law Violation
1860,80-15-014374,Robbery
1861,80-16-004536,Wpns Law Violation
1862,80-16-004536,Wpns Law Violation
1863,80-14-021799,Aggravated Assault
1864,80-14-021799,Aggravated Assault
1865,80-16-068440,Wpns Law Violation
1866,80-13-094919,Aggravated Assault
1867,80-14-005657,Robbery
1868,80-17-002739,Narcotics
1869,80-14-015531,Aggravated Assault
1870,80-16-097246,Robbery
1871,80-15-045621,Stolen Property
1872,80-15-029311,Wpns Law Violation
1873,80-16-051446,Narcotics
1874,80-16-034623,Wpns Law Violation
1875,80-16-051446,Narcotics
1876,80-16-065420,Wpns Law Violation
1877,80-16-051446,Narcotics
1878,80-16-035429,Wpns Law Violation
1879,80-15-078962,Wpns Law Violation
1880,80-14-093625,Wpns Law Violation
1881,80-14-093625,Wpns Law Violation
1882,80-14-045430,Aggravated Assault
1883,80-14-045430,Aggravated Assault
1884,80-15-003759,Narcotics
1885,80-16-037378,Wpns Law Violation
1886,80-16-057586,Wpns Law Violation
1887,80-14-062946,Aggravated Assault
1888,80-14-094346,Robbery
1889,80-14-094346,Robbery
1890,80-14-094346,Robbery
1891,80-15-090420,Wpns Law Violation
1892,80-14-025140,Stolen Property
1893,80-14-085260,Intimidation
1894,80-15-011593,Stolen Property
1895,80-16-047928,Aggravated Assault
1896,80-13-074984,Wpns Law Violation
1897,80-14-023226,Narcotics
1898,80-16-024946,Narcotics
1899,80-14-045430,Aggravated Assault
1900,80-14-045430,Aggravated Assault
1901,80-16-041299,Wpns Law Violation
1902,80-14-032867,Narcotics
1903,80-15-078310,Narcotics
1904,80-15-078310,Narcotics
1905,80-16-105152,Narcotics
1906,80-16-103680,Robbery
1907,80-14-054931,All Other Offenses
1908,80-15-067064,Wpns Law Violation
1909,80-15-067064,Wpns Law Violation
1910,80-14-021779,Family Offenses
1911,80-14-003246,All Other Offenses
1912,80-14-008493,Robbery
1913,80-14-008493,Robbery
1914,80-16-026375,Wpns Law Violation
1915,80-15-018810,Narcotics
1916,80-15-071388,Stolen Property
1917,80-14-022198,Wpns Law Violation
1918,80-16-055259,Robbery
1919,80-15-044767,Narcotics
1920,80-15-044767,Narcotics
1921,80-14-035326,Intimidation
1922,80-14-046777,Wpns Law Violation
1923,80-15-013203,Narcotics
1924,80-15-013203,Narcotics
1925,80-14-046416,Narcotics
1926,80-16-091613,Narcotics
1927,80-16-091613,Narcotics
1928,80-13-091219,Narcotics
1929,80-15-103038,Bribery
1930,80-15-103038,Bribery
1931,80-15-103038,Bribery
1932,80-14-031700,Narcotics
1933,80-14-031700,Narcotics
1934,80-14-031700,Narcotics
1935,80-15-093090,Robbery
1936,80-16-063240,Stolen Property
1937,80-15-002881,Aggravated Assault
1938,80-14-097011,Aggravated Assault
1939,80-15-002881,Aggravated Assault
1940,80-17-001004,Wpns Law Violation
1941,80-17-002739,Narcotics
1942,80-15-013203,Narcotics
1943,80-15-013203,Narcotics
1944,80-14-093761,Wpns Law Violation
1945,80-14-093761,Wpns Law Violation
1946,80-16-107802,Wpns Law Violation
1947,80-15-026922,Wpns Law Violation
1948,80-15-037356,Wpns Law Violation
1949,80-15-064929,Narcotics
1950,80-16-046936,Stolen Property
1951,80-14-009416,Wpns Law Violation
1952,80-13-090046,Stolen Property
1953,80-15-088691,Narcotics
1954,80-15-088691,Narcotics
1955,80-15-003759,Narcotics
1956,80-15-094073,Wpns Law Violation
1957,80-15-003249,Stolen Property
1958,80-14-000019,Wpns Law Violation
1959,80-14-079471,Wpns Law Violation
1960,80-16-006360,Wpns Law Violation
1961,80-15-006115,Wpns Law Violation
1962,80-16-006360,Wpns Law Violation
1963,80-15-101963,Narcotics
1964,80-16-033154,Aggravated Assault
1965,80-16-033154,Aggravated Assault
1966,80-16-061093,Stolen Property
1967,80-16-082891,Wpns Law Violation
1968,80-14-060568,Intimidation
1969,80-15-018635,Wpns Law Violation
1970,80-15-018635,Wpns Law Violation
1971,80-16-043216,Wpns Law Violation
1972,80-14-016007,Narcotics
1973,80-16-006580,Narcotics
1974,80-14-080153,Wpns Law Violation
1975,80-16-022358,Narcotics
1976,80-16-022358,Narcotics
1977,80-16-022358,Narcotics
1978,80-16-022358,Narcotics
1979,80-15-051024,Stolen Property
1980,80-14-080153,Wpns Law Violation
1981,80-16-016271,Wpns Law Violation
1982,80-15-039138,Stolen Property
1983,80-15-059086,Wpns Law Violation
1984,80-14-029431,Aggravated Assault
1985,80-16-007000,Simple Assault
1986,80-16-061980,Aggravated Assault
1987,80-14-040298,Wpns Law Violation
1988,80-14-072865,Narcotics
1989,80-15-012840,Narcotics
1990,80-16-033272,Narcotics
1991,80-15-080901,Wpns Law Violation
1992,80-16-033272,Narcotics
1993,80-15-023542,Narcotics
1994,80-15-023542,Narcotics
1995,80-15-002363,Fraud
1996,80-16-101704,Narcotics
1997,80-17-003780,Wpns Law Violation
1998,80-15-081628,Narcotics
1999,80-16-103041,Simple Assault
2000,80-16-091924,Robbery
2001,80-16-091924,Robbery
2002,80-16-037180,Wpns Law Violation
2003,80-15-084189,Aggravated Assault
2004,80-15-084189,Aggravated Assault
2005,80-14-003527,Narcotics
2006,80-15-090081,Wpns Law Violation
2007,80-15-062277,Aggravated Assault
2008,80-14-045819,Burglary
2009,80-14-096139,Aggravated Assault
2010,80-14-096139,Aggravated Assault
2011,80-14-089624,Narcotics
2012,80-15-060843,Aggravated Assault
2013,80-15-060843,Aggravated Assault
2014,80-14-058280,Wpns Law Violation
2015,80-14-080234,Wpns Law Violation
2016,80-15-005997,Wpns Law Violation
2017,80-15-007261,Stolen Property
2018,80-16-034135,Wpns Law Violation
2019,80-16-110704,Narcotics
2020,80-14-058837,Aggravated Assault
2021,80-17-001924,Narcotics
2022,80-17-001924,Narcotics
2023,80-17-001924,Narcotics
2024,80-17-001924,Narcotics
2025,80-17-001924,Narcotics
2026,80-16-074960,Wpns Law Violation
2027,80-17-014045,Aggravated Assault
2028,80-14-026340,Wpns Law Violation
2029,80-14-026340,Wpns Law Violation
2030,80-14-016356,Aggravated Assault
2031,80-14-042346,Narcotics Equip
2032,80-14-043862,Aggravated Assault
2033,80-14-043862,Aggravated Assault
2034,80-14-040821,Wpns Law Violation
2035,80-14-047615,Aggravated Assault
2036,80-14-056586,Wpns Law Violation
2037,80-14-067019,Aggravated Assault
2038,80-14-088476,Robbery
2039,80-15-083840,Aggravated Assault
2040,80-13-099952,Aggravated Assault
2041,80-16-057700,Narcotics
2042,80-14-095518,Counterfeiting
2043,80-14-080416,Wpns Law Violation
2044,80-16-055430,Intimidation
2045,80-16-055430,Intimidation
2046,80-16-073533,Narcotics
2047,80-16-024468,Aggravated Assault
2048,80-16-063564,Burglary
2049,80-16-064546,Stolen Property
2050,80-13-097187,Wpns Law Violation
2051,80-14-066934,Wpns Law Violation
2052,80-14-018403,Wpns Law Violation
2053,80-16-092700,Wpns Law Violation
2054,80-14-029075,Aggravated Assault
2055,80-16-057700,Narcotics
2056,80-15-082723,Narcotics
2057,80-14-049368,Wpns Law Violation
2058,80-15-083992,Wpns Law Violation
2059,80-16-007269,Wpns Law Violation
2060,80-16-007269,Wpns Law Violation
2061,80-14-069344,Narcotics
2062,80-14-069344,Narcotics
2063,80-16-003709,Aggravated Assault
2064,80-15-024870,Wpns Law Violation
2065,80-14-056284,Aggravated Assault
2066,80-15-009770,Burglary
2067,80-16-001925,Aggravated Assault
2068,80-13-097187,Wpns Law Violation
2069,80-14-026467,Wpns Law Violation
2070,80-17-001968,Narcotics
2071,80-16-023181,Aggravated Assault
2072,80-14-028118,Aggravated Assault
2073,80-16-071964,Narcotics
2074,80-16-003000,Narcotics
2075,80-16-003000,Narcotics
2076,80-16-003000,Narcotics
2077,80-15-044433,Family Offenses
2078,80-15-094722,Wpns Law Violation
2079,80-14-031320,Wpns Law Violation
2080,80-16-031161,Narcotics
2081,80-14-056352,Robbery
2082,80-16-054567,Wpns Law Violation
2083,80-16-032591,Narcotics
2084,80-15-023148,Stolen Property
2085,80-14-003246,All Other Offenses
2086,80-16-096636,Stolen Property
2087,80-15-088691,Narcotics
2088,80-14-094346,Robbery
2089,80-16-027479,Wpns Law Violation
2090,80-15-047222,Wpns Law Violation
2091,80-15-047222,Wpns Law Violation
2092,80-14-066206,Wpns Law Violation
2093,80-15-011059,Wpns Law Violation
2094,80-14-045861,Robbery
2095,80-15-044816,Wpns Law Violation
2096,80-14-083050,Aggravated Assault
2097,80-15-044816,Wpns Law Violation
2098,80-14-069357,Narcotics
2099,80-16-043768,Narcotics
2100,80-15-088461,Aggravated Assault
2101,80-16-037893,Aggravated Assault
2102,80-15-042979,Robbery
2103,80-13-092017,Robbery
2104,80-13-092017,Robbery
2105,80-16-059160,Narcotics
2106,80-14-055261,Robbery
2107,80-14-055261,Robbery
2108,80-14-055261,Robbery
2109,80-16-029126,Stolen Property
2110,80-15-054481,Wpns Law Violation
2111,80-14-056352,Robbery
2112,80-15-069703,Aggravated Assault
2113,80-15-011059,Wpns Law Violation
2114,80-15-036593,Wpns Law Violation
2115,80-13-046227,Wpns Law Violation
2116,80-15-079293,Wpns Law Violation
2117,80-16-047928,Aggravated Assault
2118,80-16-031161,Narcotics
2119,80-14-036279,Aggravated Assault
2120,80-15-081852,Robbery
2121,80-14-066206,Wpns Law Violation
2122,80-15-037908,Wpns Law Violation
2123,80-16-045644,Wpns Law Violation
2124,80-15-017211,Aggravated Assault
2125,80-14-065093,Wpns Law Violation
2126,80-15-037908,Wpns Law Violation
2127,80-15-018292,Aggravated Assault
2128,80-15-017211,Aggravated Assault
2129,80-15-001953,Wpns Law Violation
2130,80-14-083050,Aggravated Assault
2131,80-16-101135,Aggravated Assault
2132,80-15-097605,Theft Other
2133,80-16-101135,Aggravated Assault
2134,80-14-061743,Theft Other
2135,80-14-089936,Stolen Property
2136,80-16-101135,Aggravated Assault
2137,80-16-103854,Wpns Law Violation
2138,80-14-017456,Burglary
2139,80-16-007404,Shoplifting
2140,80-16-101135,Aggravated Assault
2141,80-16-001242,Wpns Law Violation
2142,80-15-006015,Stolen Property
2143,80-16-043768,Narcotics
2144,80-16-004707,Wpns Law Violation
2145,80-16-101135,Aggravated Assault
2146,80-16-001242,Wpns Law Violation
2147,80-16-104334,Aggravated Assault
2148,80-15-004489,Aggravated Assault
2149,80-15-056216,Wpns Law Violation
2150,80-15-056216,Wpns Law Violation
2151,80-15-016188,Stolen Property
2152,80-15-016188,Stolen Property
2153,80-16-103672,Wpns Law Violation
2154,80-16-065938,Narcotics
2155,80-16-065938,Narcotics
2156,80-14-049531,Aggravated Assault
2157,80-14-082792,Wpns Law Violation
2158,80-15-010787,Narcotics
2159,80-15-010787,Narcotics
2160,80-14-029139,Wpns Law Violation
2161,80-15-012152,Robbery
2162,80-16-005075,Burglary
2163,80-16-107230,Narcotics
2164,80-16-107230,Narcotics
2165,80-16-011754,Aggravated Assault
2166,80-16-029113,Narcotics Equip
2167,80-15-067064,Wpns Law Violation
2168,80-15-016515,Wpns Law Violation
2169,80-13-045970,Wpns Law Violation
2170,80-15-060254,Stolen Property
2171,80-16-103344,Aggravated Assault
2172,80-14-001936,Robbery
2173,80-14-050663,Fraud
2174,80-16-059160,Narcotics
2175,80-16-059160,Narcotics
2176,80-15-046997,Burglary
2177,80-14-056352,Robbery
2178,80-14-057577,Narcotics
2179,80-14-059133,Aggravated Assault
2180,80-14-059993,Wpns Law Violation
2181,80-15-016188,Stolen Property
2182,80-15-016188,Stolen Property
2183,80-14-059993,Wpns Law Violation
2184,80-15-081852,Robbery
2185,80-14-079799,Wpns Law Violation
2186,80-14-081602,Wpns Law Violation
2187,80-14-083445,Stolen Property
2188,80-15-105414,Robbery
2189,80-14-003081,Wpns Law Violation
2190,80-16-101135,Aggravated Assault
2191,80-16-007782,Narcotics
2192,80-13-047626,Burglary
2193,80-14-069344,Narcotics
2194,80-16-002945,Aggravated Assault
2195,80-14-003527,Narcotics
2196,80-16-101135,Aggravated Assault
2197,80-14-069344,Narcotics
2198,80-16-104602,Wpns Law Violation
2199,80-16-063276,Wpns Law Violation
2200,80-16-101135,Aggravated Assault
2201,80-14-069344,Narcotics
2202,80-16-104602,Wpns Law Violation
2203,80-16-021003,Wpns Law Violation
2204,80-15-052719,Wpns Law Violation
2205,80-14-069344,Narcotics
2206,80-14-045430,Aggravated Assault
2207,80-14-055198,Wpns Law Violation
2208,80-16-012556,Wpns Law Violation
2209,80-15-017309,Wpns Law Violation
2210,80-16-044163,Wpns Law Violation
2211,80-16-093896,Wpns Law Violation
2212,80-16-093896,Wpns Law Violation
2213,80-14-008493,Robbery
2214,80-14-036852,Wpns Law Violation
2215,80-15-068734,Aggravated Assault
2216,80-14-045861,Robbery
2217,80-15-084526,Aggravated Assault
2218,80-15-067163,Robbery
2219,80-15-067163,Robbery
2220,80-15-085559,Narcotics Equip
2221,80-16-106024,Aggravated Assault
2222,80-14-082651,Stolen Property
2223,80-14-068293,Burglary
2224,80-16-089864,Wpns Law Violation
2225,80-14-055503,Wpns Law Violation
2226,80-14-081282,Wpns Law Violation
2227,80-16-035418,Wpns Law Violation
2228,80-14-094509,Wpns Law Violation
2229,80-15-042979,Robbery
2230,80-14-059971,Robbery
2231,80-14-059971,Robbery
2232,80-14-059971,Robbery
2233,80-14-059971,Robbery
2234,80-13-045657,Narcotics
2235,80-14-033526,Stolen Property
2236,80-14-008298,Wpns Law Violation
2237,80-14-039398,Narcotics
2238,80-15-092876,Wpns Law Violation
2239,80-16-063545,Wpns Law Violation
2240,80-16-001796,Narcotics
2241,80-16-097246,Robbery
2242,80-16-059894,Aggravated Assault
2243,80-16-015802,Simple Assault
2244,80-15-064446,Wpns Law Violation
2245,80-13-060361,Aggravated Assault
2246,80-16-023924,Wpns Law Violation
2247,80-14-006581,Wpns Law Violation
2248,80-14-058280,Wpns Law Violation
2249,80-16-065421,Wpns Law Violation
2250,80-16-036767,Aggravated Assault
2251,80-14-025026,Narcotics
2252,80-16-059827,Robbery
2253,80-14-056352,Robbery
2254,80-15-105652,Robbery
2255,80-16-017929,Robbery
2256,80-15-105652,Robbery
2257,80-15-032482,Wpns Law Violation
2258,80-16-103854,Wpns Law Violation
2259,80-14-069344,Narcotics
2260,80-14-089098,Robbery
2261,80-14-069344,Narcotics
2262,80-15-017211,Aggravated Assault
2263,80-15-017211,Aggravated Assault
2264,80-16-002945,Aggravated Assault
2265,80-14-099435,Aggravated Assault
2266,80-14-099435,Aggravated Assault
2267,80-15-004489,Aggravated Assault
2268,80-15-064446,Wpns Law Violation
2269,80-15-072575,Aggravated Assault
2270,80-16-030657,Theft Other
2271,80-16-034135,Wpns Law Violation
2272,80-14-051929,Wpns Law Violation
2273,80-16-039779,Theft Fr Veh
2274,80-16-043268,Wpns Law Violation
2275,80-16-043268,Wpns Law Violation
2276,80-14-051929,Wpns Law Violation
2277,80-15-105652,Robbery
2278,80-15-105652,Robbery
2279,80-14-094509,Wpns Law Violation
2280,80-16-105229,Aggravated Assault
2281,80-16-105229,Aggravated Assault
2282,80-16-105229,Aggravated Assault
2283,80-15-032648,Aggravated Assault
2284,80-14-017328,Aggravated Assault
2285,80-14-017328,Aggravated Assault
2286,80-15-077418,Simple Assault
2287,80-16-017012,Narcotics
2288,80-14-038497,Wpns Law Violation
2289,80-16-023924,Wpns Law Violation
2290,80-14-089624,Narcotics
2291,80-14-089624,Narcotics
2292,80-14-089624,Narcotics
2293,80-14-089624,Narcotics
2294,80-14-089624,Narcotics
2295,80-15-026853,Burglary
2296,80-16-050896,Aggravated Assault
2297,80-14-056352,Robbery
2298,80-14-068293,Burglary
2299,80-14-069344,Narcotics
2300,80-14-069344,Narcotics
2301,80-14-069344,Narcotics
2302,80-14-069344,Narcotics
2303,80-13-082073,Burglary
2304,80-13-082073,Burglary
2305,80-14-033774,Wpns Law Violation
2306,80-16-097340,Vandalism
2307,80-14-047126,Wpns Law Violation
2308,80-13-080001,Wpns Law Violation
2309,80-14-072793,Aggravated Assault
2310,80-14-007343,Narcotics
2311,80-16-005477,Wpns Law Violation
2312,80-14-085482,Simple Assault
2313,80-15-059085,Wpns Law Violation
2314,80-15-102809,Narcotics
2315,80-15-102809,Narcotics
2316,80-15-010787,Narcotics
2317,80-15-032181,Wpns Law Violation
2318,80-13-094160,Robbery
2319,80-16-039785,Wpns Law Violation
2320,80-16-054081,Narcotics
2321,80-13-051041,Narcotics
2322,80-13-051041,Narcotics
2323,80-13-051041,Narcotics
2324,80-13-051041,Narcotics
2325,80-16-107230,Narcotics
2326,80-13-067692,Stolen Property
2327,80-13-095802,Wpns Law Violation
2328,80-15-077990,Wpns Law Violation
2329,80-14-006592,Wpns Law Violation
2330,80-14-012654,Narcotics
2331,80-16-038688,Aggravated Assault
2332,80-14-032350,Aggravated Assault
2333,80-14-014170,Robbery
2334,80-14-038578,Narcotics
2335,80-14-038578,Narcotics
2336,80-13-093906,Narcotics
2337,80-13-093906,Narcotics
2338,80-14-018156,Wpns Law Violation
2339,80-15-066832,Wpns Law Violation
2340,80-14-028118,Aggravated Assault
2341,80-14-028118,Aggravated Assault
2342,80-14-073824,Aggravated Assault
2343,80-15-103038,Bribery
2344,80-14-025026,Narcotics
2345,80-14-037413,Liquor Law Viol
2346,80-16-079771,Family Offenses
2347,80-16-036767,Aggravated Assault
2348,80-16-041993,Aggravated Assault
2349,80-15-061213,Wpns Law Violation
2350,80-15-061213,Wpns Law Violation
2351,80-15-007501,Burglary
2352,80-14-072036,Aggravated Assault
2353,80-14-013703,Wpns Law Violation
2354,80-13-004369,Burglary
2355,80-15-032262,Narcotics
2356,80-16-109114,Wpns Law Violation
2357,80-16-024575,Narcotics
2358,80-14-036253,Narcotics
2359,80-15-105652,Robbery
2360,80-15-105652,Robbery
2361,80-15-105652,Robbery
2362,80-15-105652,Robbery
2363,80-16-094189,Wpns Law Violation
2364,80-16-094189,Wpns Law Violation
2365,80-16-058258,Wpns Law Violation
2366,80-16-024946,Narcotics
2367,80-16-024946,Narcotics
2368,80-16-024946,Narcotics
2369,80-15-038557,Wpns Law Violation
2370,80-15-002704,Wpns Law Violation
2371,80-15-002704,Wpns Law Violation
2372,80-14-053156,Narcotics
2373,80-13-060361,Aggravated Assault
2374,80-14-050505,Narcotics
2375,80-14-050505,Narcotics
2376,80-15-057866,Burglary
2377,80-14-066277,Aggravated Assault
2378,80-16-042295,Aggravated Assault
2379,80-14-030014,Aggravated Assault
2380,80-14-037914,Narcotics
2381,80-14-037914,Narcotics
2382,80-16-035662,Counterfeiting
2383,80-15-067463,Wpns Law Violation
2384,80-16-081662,Narcotics
2385,80-16-007677,Stolen Property
2386,80-14-032487,Wpns Law Violation
2387,80-16-097655,Wpns Law Violation
2388,80-16-081995,Wpns Law Violation
2389,80-14-002031,Aggravated Assault
2390,80-16-052974,Wpns Law Violation
2391,80-14-059134,Wpns Law Violation
2392,80-16-057006,Stolen Property
2393,80-16-057006,Stolen Property
2394,80-15-082723,Narcotics
2395,80-15-031174,Robbery
2396,80-15-031174,Robbery
2397,80-13-091219,Narcotics
2398,80-13-091219,Narcotics
2399,80-15-056707,Aggravated Assault
2400,80-16-013615,Robbery
2401,80-15-008861,Narcotics
2402,80-14-005059,Aggravated Assault
2403,80-14-005059,Aggravated Assault
2404,80-14-000009,Wpns Law Violation
2405,80-13-057579,Intimidation
2406,80-11-000006,Intimidation
2407,80-10-045123,Wpns Law Violation
2408,80-13-083333,Burglary
2409,80-10-029304,Wpns Law Violation
2410,80-10-029304,Wpns Law Violation
2411,80-16-030442,Aggravated Assault
2412,80-16-030442,Aggravated Assault
2413,80-14-014888,Wpns Law Violation
2414,80-11-082445,Wpns Law Violation
2415,80-15-009956,Wpns Law Violation
2416,80-13-087287,Narcotics
2417,80-13-087287,Narcotics
2418,80-13-087287,Narcotics
2419,80-10-033188,Stolen Property
2420,80-16-014468,Wpns Law Violation
2421,80-15-010483,Narcotics
2422,80-15-011597,Aggravated Assault
2423,80-16-045436,Wpns Law Violation
2424,80-15-020375,Robbery
2425,80-15-062790,Wpns Law Violation
2426,80-14-075788,Aggravated Assault
2427,80-11-015826,Aggravated Assault
2428,80-14-045134,Narcotics
2429,80-16-027967,Wpns Law Violation
2430,80-15-080077,Narcotics
2431,80-15-081237,Aggravated Assault
2432,80-16-089881,Narcotics
2433,80-10-011493,Narcotics
2434,80-10-011493,Narcotics
2435,80-12-038947,Wpns Law Violation
2436,80-13-087391,Narcotics
2437,80-15-033798,Theft Other
2438,80-15-033798,Theft Other
2439,80-10-001973,Wpns Law Violation
2440,80-15-017501,Wpns Law Violation
2441,80-13-045271,Narcotics
2442,80-13-045271,Narcotics
2443,80-13-045271,Narcotics
2444,80-13-045271,Narcotics
2445,80-13-045271,Narcotics
2446,80-13-045271,Narcotics
2447,80-16-022889,Robbery
2448,80-13-045271,Narcotics
2449,80-13-045271,Narcotics
2450,80-13-045271,Narcotics
2451,80-13-045271,Narcotics
2452,80-13-045271,Narcotics
2453,80-13-045271,Narcotics
2454,80-13-050027,Aggravated Assault
2455,80-15-009057,Narcotics
2456,80-15-012275,Accidental Shooting
2457,80-16-030695,Wpns Law Violation
2458,80-15-042289,Wpns Law Violation
2459,80-16-104147,Narcotics
2460,80-16-104147,Narcotics
2461,80-16-104147,Narcotics
2462,80-16-104147,Narcotics
2463,80-14-045134,Narcotics
2464,80-13-051459,Theft Other
2465,80-16-022889,Robbery
2466,80-11-050567,Wpns Law Violation
2467,80-14-056279,Simple Assault
2468,80-10-001211,Wpns Law Violation
2469,80-13-053491,Stolen Property
2470,80-12-055691,Wpns Law Violation
2471,80-11-005616,Wpns Law Violation
2472,80-11-079268,Theft Other
2473,80-12-076359,Narcotics
2474,80-15-040103,Wpns Law Violation
2475,80-17-012608,Aggravated Assault
2476,80-12-083968,Wpns Law Violation
2477,80-12-065202,Wpns Law Violation
2478,80-10-076022,Intimidation
2479,80-14-018168,Wpns Law Violation
2480,80-10-078963,Wpns Law Violation
2481,80-16-036205,Narcotics
2482,80-16-036205,Narcotics
2483,80-11-094474,Wpns Law Violation
2484,80-12-087180,Wpns Law Violation
2485,80-12-087180,Wpns Law Violation
2486,80-14-001935,Wpns Law Violation
2487,80-17-012858,Wpns Law Violation
2488,80-14-045134,Narcotics
2489,80-15-000675,Wpns Law Violation
2490,80-11-032231,Narcotics
2491,80-11-032231,Narcotics
2492,80-17-012543,Wpns Law Violation
2493,80-11-023785,Wpns Law Violation
2494,80-12-005318,Wpns Law Violation
2495,80-12-005318,Wpns Law Violation
2496,80-13-087391,Narcotics
2497,80-13-083392,Wpns Law Violation
2498,80-14-077468,Narcotics
2499,80-14-077468,Narcotics
2500,80-14-077468,Narcotics
2501,80-14-077468,Narcotics
2502,80-14-077468,Narcotics
2503,80-11-079353,Aggravated Assault
2504,80-11-092455,Robbery
2505,80-10-011493,Narcotics
2506,80-13-039479,Wpns Law Violation
2507,80-13-039479,Wpns Law Violation
2508,80-16-022392,Stolen Property
2509,80-11-015390,Burglary
2510,80-11-015390,Burglary
2511,80-16-029978,Wpns Law Violation
2512,80-12-096700,Wpns Law Violation
2513,80-15-005734,Wpns Law Violation
2514,80-10-096029,Aggravated Assault
2515,80-12-093067,Narcotics
2516,80-12-067747,Wpns Law Violation
2517,80-13-013271,Wpns Law Violation
2518,80-13-013271,Wpns Law Violation
2519,80-16-092700,Wpns Law Violation
2520,80-16-022889,Robbery
2521,80-14-015803,Wpns Law Violation
2522,80-11-050567,Wpns Law Violation
2523,80-16-028476,Stolen Property
2524,80-15-050632,Narcotics
2525,80-14-028118,Aggravated Assault
2526,80-14-045134,Narcotics
2527,80-14-045819,Burglary
2528,80-14-045134,Narcotics
2529,80-15-006128,Wpns Law Violation
2530,80-14-045134,Narcotics
2531,80-14-045134,Narcotics
2532,80-14-045134,Narcotics
2533,80-14-045134,Narcotics
2534,80-14-045134,Narcotics
2535,80-14-045134,Narcotics
2536,80-14-045134,Narcotics
2537,80-15-048960,Burglary
2538,80-13-011934,Wpns Law Violation
2539,80-16-033203,Narcotics
2540,80-16-033203,Narcotics
2541,80-14-046062,Wpns Law Violation
2542,80-16-087381,Aggravated Assault
2543,80-16-038122,Aggravated Assault
2544,80-16-038122,Aggravated Assault
2545,80-16-038122,Aggravated Assault
2546,80-15-090149,Kidnapping Only
2547,80-16-100403,Intimidation
2548,80-15-102430,Narcotics
2549,80-16-028476,Stolen Property
2550,80-15-080077,Narcotics
2551,80-11-050567,Wpns Law Violation
2552,80-14-028118,Aggravated Assault
2553,80-15-105694,Aggravated Assault
2554,80-16-008951,Wpns Law Violation
2555,80-16-078047,Theft Fr Veh
2556,80-16-061571,Wpns Law Violation
2557,80-16-104580,Wpns Law Violation
2558,80-16-014468,Wpns Law Violation
2559,80-16-016846,Intimidation
2560,80-14-055256,Wpns Law Violation
2561,80-11-037335,Narcotics
2562,80-14-083365,Wpns Law Violation
2563,80-10-064355,Wpns Law Violation
2564,80-13-000752,Wpns Law Violation
2565,80-13-050111,Wpns Law Violation
2566,80-13-050111,Wpns Law Violation
2567,80-16-052830,Wpns Law Violation
2568,80-16-052830,Wpns Law Violation
2569,80-16-061055,Narcotics
2570,80-16-061055,Narcotics
2571,80-16-061055,Narcotics
2572,80-16-054946,Auto Theft
2573,80-17-005495,Wpns Law Violation
2574,80-16-076418,Wpns Law Violation
2575,80-16-076418,Wpns Law Violation
2576,80-16-076418,Wpns Law Violation
2577,80-16-092314,Wpns Law Violation
2578,80-16-092314,Wpns Law Violation
2579,80-14-009715,Wpns Law Violation
2580,80-11-105768,Robbery
2581,80-16-042073,Aggravated Assault
2582,80-15-047986,Wpns Law Violation
2583,80-11-105768,Robbery
2584,80-16-029730,Narcotics
2585,80-16-042073,Aggravated Assault
2586,80-15-056216,Wpns Law Violation
2587,80-16-063523,Fraud
2588,80-15-036375,Wpns Law Violation
2589,80-16-071076,Aggravated Assault
2590,80-14-028118,Aggravated Assault
2591,80-14-071429,Wpns Law Violation
2592,80-15-007261,Stolen Property
2593,80-15-093276,Wpns Law Violation
2594,80-15-018971,Wpns Law Violation
2595,80-15-020470,Wpns Law Violation
2596,80-15-020470,Wpns Law Violation
2597,80-14-090155,Wpns Law Violation
2598,80-15-045301,Aggravated Assault
2599,80-14-017222,Aggravated Assault
2600,80-13-053491,Stolen Property
2601,80-13-055332,Wpns Law Violation
2602,80-13-053365,Stolen Property
2603,80-13-061281,Wpns Law Violation
2604,80-13-089790,Wpns Law Violation
2605,80-14-002921,Aggravated Assault
2606,80-14-011723,Robbery
2607,80-14-011723,Robbery
2608,80-14-011723,Robbery
2609,80-14-014020,Wpns Law Violation
2610,80-14-022911,Aggravated Assault
2611,80-14-005262,Stolen Property
2612,80-14-030817,Intimidation
2613,80-14-037191,Wpns Law Violation
2614,80-14-046778,Theft Other
2615,80-14-046778,Theft Other
2616,80-14-047671,Vandalism
2617,80-14-047671,Vandalism
2618,80-14-047671,Vandalism
2619,80-14-051099,Wpns Law Violation
2620,80-14-043561,Aggravated Assault
2621,80-14-073115,Aggravated Assault
2622,80-14-093133,Wpns Law Violation
2623,80-14-093133,Wpns Law Violation
2624,80-14-087843,Stolen Property
2625,80-14-072923,Narcotics
2626,80-15-081852,Robbery
2627,80-11-105768,Robbery
2628,80-14-096192,Aggravated Assault
2629,80-15-006126,Wpns Law Violation
2630,80-15-009057,Narcotics
2631,80-15-009057,Narcotics
2632,80-15-009057,Narcotics
2633,80-15-009057,Narcotics
2634,80-16-075077,Aggravated Assault
2635,80-16-077297,Accidental Shooting
2636,80-16-081888,Burglary
2637,80-16-078667,Wpns Law Violation
2638,80-16-091025,Wpns Law Violation
2639,80-16-106368,Aggravated Assault
2640,80-16-106368,Aggravated Assault
2641,80-12-011215,Narcotics Equip
2642,80-16-109774,Aggravated Assault
2643,80-15-081852,Robbery
2644,80-12-039853,Aggravated Assault
2645,80-16-106970,Wpns Law Violation
2646,80-14-077692,Stolen Property
2647,80-14-090530,Robbery
2648,80-13-015534,All Other Offenses
2649,80-13-076044,Wpns Law Violation
2650,80-16-018171,Wpns Law Violation
2651,80-14-025387,Wpns Law Violation
2652,80-12-004368,Wpns Law Violation
2653,80-12-004368,Wpns Law Violation
2654,80-11-041149,Wpns Law Violation
2655,80-12-086270,Wpns Law Violation
2656,80-13-003277,Wpns Law Violation
2657,80-12-000046,Narcotics
2658,80-13-009939,Wpns Law Violation
2659,80-15-063043,Narcotics
2660,80-15-063043,Narcotics
2661,80-15-063043,Narcotics
2662,80-15-063043,Narcotics
2663,80-12-011854,Stolen Property
2664,80-14-090155,Wpns Law Violation
2665,80-15-042148,Wpns Law Violation
2666,80-14-005059,Aggravated Assault
2667,80-14-005059,Aggravated Assault
2668,80-14-005059,Aggravated Assault
2669,80-15-094080,Wpns Law Violation
2670,80-13-075381,Theft Other
2671,80-15-027004,Robbery
2672,80-14-098579,Aggravated Assault
2673,80-15-102430,Narcotics
2674,80-15-102430,Narcotics
2675,80-14-100414,Wpns Law Violation
2676,80-16-002945,Aggravated Assault
2677,80-16-010807,Wpns Law Violation
2678,80-16-048517,Narcotics
2679,80-16-048517,Narcotics
2680,80-16-048517,Narcotics
2681,80-15-006128,Wpns Law Violation
2682,80-17-002549,All Other Offenses
2683,80-12-047977,Aggravated Assault
2684,80-14-037964,Robbery
2685,80-12-068393,Wpns Law Violation
2686,80-17-003774,Aggravated Assault
2687,80-12-068393,Wpns Law Violation
2688,80-17-006900,Wpns Law Violation
2689,80-12-064876,Aggravated Assault
2690,80-17-010679,Aggravated Assault
2691,80-12-081184,Burglary
2692,80-17-011680,Narcotics
2693,80-10-023881,Aggravated Assault
2694,80-10-050884,Burglary
2695,80-10-050884,Burglary
2696,80-10-080183,Aggravated Assault
2697,80-10-083504,Wpns Law Violation
2698,80-10-083504,Wpns Law Violation
2699,80-15-083745,Wpns Law Violation
2700,80-14-056279,Simple Assault
2701,80-15-106174,Wpns Law Violation
2702,80-13-094160,Robbery
2703,80-15-101110,Narcotics
2704,80-16-032101,Wpns Law Violation
2705,80-13-051614,Narcotics
2706,80-15-050943,Theft Other
2707,80-14-049519,Intimidation
2708,80-16-103344,Aggravated Assault
2709,80-15-067522,Aggravated Assault
2710,80-16-047031,Wpns Law Violation
2711,80-15-084189,Aggravated Assault
2712,80-15-066540,Aggravated Assault
2713,80-15-090081,Wpns Law Violation
2714,80-15-063352,Family Offenses
2715,80-11-015826,Aggravated Assault
2716,80-10-096973,Aggravated Assault
2717,80-10-097301,Narcotics
2718,80-11-045421,Burglary
2719,80-11-045421,Burglary
2720,80-14-037964,Robbery
2721,80-12-089149,Wpns Law Violation
2722,80-12-098766,Wpns Law Violation
2723,80-13-001185,Wpns Law Violation
2724,80-13-022877,Aggravated Assault
2725,80-13-022961,Wpns Law Violation
2726,80-13-022961,Wpns Law Violation
2727,80-13-025530,Wpns Law Violation
2728,80-13-027342,Robbery
2729,80-13-027342,Robbery
2730,80-13-027342,Robbery
2731,80-13-047072,Burglary
2732,80-13-047072,Burglary
2733,80-13-081413,Narcotics
2734,80-13-081413,Narcotics
2735,80-13-086963,Wpns Law Violation
2736,80-13-086963,Wpns Law Violation
2737,80-14-003340,Robbery
2738,80-14-003686,Stolen Property
2739,80-14-005262,Stolen Property
2740,80-12-051794,Wpns Law Violation
2741,80-12-064211,Robbery
2742,80-12-064211,Robbery
2743,80-12-064211,Robbery
2744,80-12-083042,Wpns Law Violation
2745,80-12-083042,Wpns Law Violation
2746,80-12-097484,Aggravated Assault
2747,80-13-002748,Aggravated Assault
2748,80-13-008948,Robbery
2749,80-13-008948,Robbery
2750,80-13-009354,Wpns Law Violation
2751,80-13-024220,Intimidation
2752,80-13-025043,All Other Offenses
2753,80-13-036748,Aggravated Assault
2754,80-13-038037,Aggravated Assault
2755,80-13-044814,Wpns Law Violation
2756,80-13-044814,Wpns Law Violation
2757,80-14-037964,Robbery
2758,80-16-047533,Wpns Law Violation
2759,80-15-090658,Wpns Law Violation
2760,80-14-011338,Wpns Law Violation
2761,80-14-002218,All Other Offenses
2762,80-16-066910,Stolen Property
2763,80-17-002571,Wpns Law Violation
2764,80-17-002571,Wpns Law Violation
2765,80-16-088981,Robbery
2766,80-16-088981,Robbery
2767,80-16-108242,Narcotics
2768,80-16-026237,Narcotics
2769,80-16-026237,Narcotics
2770,80-16-110704,Narcotics
2771,80-16-039779,Theft Fr Veh
2772,80-14-082743,Aggravated Assault
2773,80-14-086303,Wpns Law Violation
2774,80-14-086303,Wpns Law Violation
2775,80-15-000435,Wpns Law Violation
2776,80-14-097060,Wpns Law Violation
2777,80-15-012275,Accidental Shooting
2778,80-15-017613,Wpns Law Violation
2779,80-15-017613,Wpns Law Violation
2780,80-15-017613,Wpns Law Violation
2781,80-15-018292,Aggravated Assault
2782,80-15-018292,Aggravated Assault
2783,80-15-018292,Aggravated Assault
2784,80-15-018292,Aggravated Assault
2785,80-15-016652,Wpns Law Violation
2786,80-15-016652,Wpns Law Violation
2787,80-15-023049,Intimidation
2788,80-15-025475,Aggravated Assault
2789,80-15-025475,Aggravated Assault
2790,80-15-025147,Wpns Law Violation
2791,80-15-038526,Narcotics
2792,80-15-038539,Aggravated Assault
2793,80-15-039574,Wpns Law Violation
2794,80-15-048104,Narcotics
2795,80-15-061282,Counterfeiting
2796,80-15-088871,All Other Offenses
2797,80-15-096377,Wpns Law Violation
2798,80-16-002945,Aggravated Assault
2799,80-16-006701,Aggravated Assault
2800,80-14-075210,Wpns Law Violation
2801,80-15-050382,Wpns Law Violation
2802,80-16-032945,Aggravated Assault
2803,80-11-011407,Wpns Law Violation
2804,80-11-011407,Wpns Law Violation
2805,80-11-046920,Wpns Law Violation
2806,80-11-012781,Aggravated Assault
2807,80-16-054571,Stolen Property
2808,80-11-012781,Aggravated Assault
2809,80-10-072702,Narcotics
2810,80-11-021413,Aggravated Assault
2811,80-12-033923,Narcotics
2812,80-16-107119,Wpns Law Violation
2813,80-13-004513,Wpns Law Violation
2814,80-11-063078,Accidental Shooting
2815,80-14-034303,Wpns Law Violation
2816,80-11-021413,Aggravated Assault
2817,80-12-033923,Narcotics
2818,80-12-089067,Narcotics
2819,80-11-067300,Wpns Law Violation
2820,80-16-029447,Wpns Law Violation
2821,80-13-040481,Aggravated Assault
2822,80-11-073001,Wpns Law Violation
2823,80-13-040481,Aggravated Assault
2824,80-12-067469,Narcotics
2825,80-12-089067,Narcotics
2826,80-12-056251,Aggravated Assault
2827,80-11-021353,Narcotics
2828,80-13-040481,Aggravated Assault
2829,80-12-067469,Narcotics
2830,80-11-103239,Robbery
2831,80-14-034303,Wpns Law Violation
2832,80-12-089067,Narcotics
2833,80-12-067469,Narcotics
2834,80-15-101808,Narcotics
2835,80-14-015284,Wpns Law Violation
2836,80-14-020896,Wpns Law Violation
2837,80-14-044095,Wpns Law Violation
2838,80-11-103239,Robbery
2839,80-15-100464,Wpns Law Violation
2840,80-14-036104,Aggravated Assault
2841,80-16-057985,Wpns Law Violation
2842,80-14-048266,Wpns Law Violation
2843,80-16-006580,Narcotics
2844,80-11-103497,Theft Other
2845,80-13-047281,Stolen Property
2846,80-13-039014,Stolen Property
2847,80-13-059468,Wpns Law Violation
2848,80-14-042604,Aggravated Assault
2849,80-13-051266,Narcotics
2850,80-13-059468,Wpns Law Violation
2851,80-13-076585,Narcotics
2852,80-13-039014,Stolen Property
2853,80-14-042604,Aggravated Assault
2854,80-11-103239,Robbery
2855,80-13-023345,Wpns Law Violation
2856,80-13-051266,Narcotics
2857,80-13-086238,All Other Offenses
2858,80-16-030354,Narcotics
2859,80-13-076585,Narcotics
2860,80-13-093885,Robbery
2861,80-13-086238,All Other Offenses
2862,80-12-044593,Wpns Law Violation
2863,80-14-042604,Aggravated Assault
2864,80-16-030354,Narcotics
2865,80-15-009632,Aggravated Assault
2866,80-13-089933,Stolen Property
2867,80-12-044593,Wpns Law Violation
2868,80-13-093885,Robbery
2869,80-13-075055,Wpns Law Violation
2870,80-12-083042,Wpns Law Violation
2871,80-15-025082,Wpns Law Violation
2872,80-14-042604,Aggravated Assault
2873,80-13-093885,Robbery
2874,80-13-095782,Theft Other
2875,80-15-009632,Aggravated Assault
2876,80-12-052363,Robbery
2877,80-12-083042,Wpns Law Violation
2878,80-12-084344,Robbery
2879,80-12-084344,Robbery
2880,80-12-091562,All Other Offenses
2881,80-12-092477,Wpns Law Violation
2882,80-11-092744,Theft Other
2883,80-14-041900,Wpns Law Violation
2884,80-14-041900,Wpns Law Violation
2885,80-14-041900,Wpns Law Violation
2886,80-15-093771,Stolen Property
2887,80-12-028106,Narcotics
2888,80-13-028993,Wpns Law Violation
2889,80-13-053445,Wpns Law Violation
2890,80-11-005480,Narcotics
2891,80-10-024063,Wpns Law Violation
2892,80-16-026761,Wpns Law Violation
2893,80-15-050382,Wpns Law Violation
2894,80-16-051573,Wpns Law Violation
2895,80-16-051573,Wpns Law Violation
2896,80-12-099405,Wpns Law Violation
2897,80-13-007737,Wpns Law Violation
2898,80-13-002980,Wpns Law Violation
2899,80-13-017673,Narcotics
2900,80-13-017673,Narcotics
2901,80-13-017673,Narcotics
2902,80-13-017673,Narcotics
2903,80-13-018360,Wpns Law Violation
2904,80-13-026725,Wpns Law Violation
2905,80-13-029846,Robbery
2906,80-13-029846,Robbery
2907,80-13-030827,Wpns Law Violation
2908,80-13-037393,Wpns Law Violation
2909,80-13-039362,Wpns Law Violation
2910,80-13-043255,Aggravated Assault
2911,80-13-043255,Aggravated Assault
2912,80-13-043255,Aggravated Assault
2913,80-13-047072,Burglary
2914,80-13-053491,Stolen Property
2915,80-16-051573,Wpns Law Violation
2916,80-16-051573,Wpns Law Violation
2917,80-12-081096,Stolen Property
2918,80-12-052363,Robbery
2919,80-16-002945,Aggravated Assault
2920,80-14-042604,Aggravated Assault
2921,80-12-052363,Robbery
2922,80-12-076359,Narcotics
2923,80-12-023437,Wpns Law Violation
2924,80-14-049136,Narcotics
2925,80-16-003193,Wpns Law Violation
2926,80-12-091339,Wpns Law Violation
2927,80-12-052363,Robbery
2928,80-16-004782,All Other Offenses
2929,80-11-093801,Aggravated Assault
2930,80-11-016134,Wpns Law Violation
2931,80-14-053781,Wpns Law Violation
2932,80-12-023437,Wpns Law Violation
2933,80-12-052363,Robbery
2934,80-16-004782,All Other Offenses
2935,80-16-004782,All Other Offenses
2936,80-12-101888,Robbery
2937,80-13-076044,Wpns Law Violation
2938,80-16-085846,Wpns Law Violation
2939,80-15-014788,Narcotics
2940,80-16-013051,Stolen Property
2941,80-14-056319,Wpns Law Violation
2942,80-12-056251,Aggravated Assault
2943,80-11-025678,Wpns Law Violation
2944,80-12-056251,Aggravated Assault
2945,80-17-005477,Narcotics
2946,80-17-005477,Narcotics
2947,80-12-052958,Narcotics
2948,80-10-099701,Aggravated Assault
2949,80-11-093801,Aggravated Assault
2950,80-14-060634,Wpns Law Violation
2951,80-12-080722,Wpns Law Violation
2952,80-13-020997,Disorderly Conduct
2953,80-13-055791,Robbery
2954,80-13-055791,Robbery
2955,80-14-020423,Robbery
2956,80-14-020423,Robbery
2957,80-14-020423,Robbery
2958,80-14-020423,Robbery
2959,80-14-020423,Robbery
2960,80-14-020423,Robbery
2961,80-14-035465,Wpns Law Violation
2962,80-14-078351,Wpns Law Violation
2963,80-13-079045,Wpns Law Violation
2964,80-17-014580,Aggravated Assault
2965,80-11-097647,Wpns Law Violation
2966,80-12-052363,Robbery
2967,80-14-061199,Wpns Law Violation
2968,80-14-052912,Narcotics
2969,80-12-091431,Wpns Law Violation
2970,80-14-053061,Narcotics
2971,80-15-003249,Stolen Property
2972,80-12-044593,Wpns Law Violation
2973,80-14-002193,Burglary
2974,80-14-073299,Wpns Law Violation
2975,80-17-002731,Robbery
2976,80-15-011502,Wpns Law Violation
2977,80-11-018001,Wpns Law Violation
2978,80-14-065621,Robbery
2979,80-12-044593,Wpns Law Violation
2980,80-10-039952,Narcotics
2981,80-14-092912,Stolen Property
2982,80-15-059084,Wpns Law Violation
2983,80-14-021799,Aggravated Assault
2984,80-14-027572,Aggravated Assault
2985,80-13-007844,Wpns Law Violation
2986,80-10-039952,Narcotics
2987,80-14-081579,Robbery
2988,80-14-021799,Aggravated Assault
2989,80-13-043249,Narcotics
2990,80-16-032945,Aggravated Assault
2991,80-12-066877,Vandalism
2992,80-13-043249,Narcotics
2993,80-14-094136,Wpns Law Violation
2994,80-16-102405,Stolen Property
2995,80-14-034046,Wpns Law Violation
2996,80-13-095595,Wpns Law Violation
2997,80-14-095858,Wpns Law Violation
2998,80-14-033243,Intimidation
2999,80-16-104725,Wpns Law Violation
3000,80-10-003457,Wpns Law Violation
3001,80-11-073276,Burglary
3002,80-10-039952,Narcotics
3003,80-11-073276,Burglary
3004,80-12-066865,Aggravated Assault
3005,80-11-005480,Narcotics
3006,80-13-043249,Narcotics
3007,80-15-054776,Narcotics
3008,80-16-055263,Robbery
3009,80-15-054776,Narcotics
3010,80-14-017867,Narcotics
3011,80-14-022149,Stolen Property
3012,80-14-022149,Stolen Property
3013,80-11-087598,Intimidation
3014,80-14-066162,Narcotics
3015,80-16-085846,Wpns Law Violation
3016,80-16-083650,Wpns Law Violation
3017,80-16-083650,Wpns Law Violation
3018,80-16-020256,Wpns Law Violation
3019,80-10-075156,Wpns Law Violation
3020,80-10-075156,Wpns Law Violation
3021,80-11-055864,Wpns Law Violation
3022,80-12-084884,Stolen Property
3023,80-13-063303,Robbery
3024,80-16-109774,Aggravated Assault
3025,80-17-005183,Aggravated Assault
3026,80-16-069522,Stolen Property
3027,80-17-008365,Wpns Law Violation
3028,80-15-063436,Wpns Law Violation
3029,80-15-074317,Robbery
3030,80-15-074317,Robbery
3031,80-15-074317,Robbery
3032,80-15-096669,Aggravated Assault
3033,80-16-034333,Accidental Shooting
3034,80-16-041480,Simple Assault
3035,80-16-049786,Robbery
3036,80-16-063904,Accidental Shooting
3037,80-16-078674,Wpns Law Violation
3038,80-16-078674,Wpns Law Violation
3039,80-16-085082,Accidental Shooting
3040,80-16-095204,Stolen Property
3041,80-16-101135,Aggravated Assault
3042,80-16-101135,Aggravated Assault
3043,80-16-048780,Wpns Law Violation
3044,80-16-048780,Wpns Law Violation
3045,80-16-027967,Wpns Law Violation
3046,80-16-089881,Narcotics
3047,80-16-038122,Aggravated Assault
3048,80-16-040146,Wpns Law Violation
3049,80-16-049398,Burglary
3050,80-16-059290,Accidental Shooting
3051,80-14-100647,Aggravated Assault
3052,80-16-067205,Wpns Law Violation
3053,80-16-068179,Stolen Property
3054,80-14-085176,Wpns Law Violation
3055,80-16-079770,Stolen Property
3056,80-16-095256,Aggravated Assault
3057,80-10-004264,Wpns Law Violation
3058,80-10-044969,Wpns Law Violation
3059,80-16-086169,Aggravated Assault
3060,80-12-081950,Vandalism
3061,80-10-074787,Wpns Law Violation
3062,80-13-000005,Aggravated Assault
3063,80-11-039775,Narcotics
3064,80-16-095140,Wpns Law Violation
3065,80-12-089696,Auto Theft
3066,80-12-088951,Wpns Law Violation
3067,80-12-096744,Wpns Law Violation
3068,80-12-100876,Robbery
3069,80-12-100876,Robbery
3070,80-12-100876,Robbery
3071,80-13-014089,Wpns Law Violation
3072,80-13-019793,Narcotics
3073,80-13-043601,Wpns Law Violation
3074,80-13-000874,Burglary
3075,80-13-051858,Narcotics
3076,80-13-051858,Narcotics
3077,80-13-052701,Wpns Law Violation
3078,80-13-055774,Wpns Law Violation
3079,80-13-061562,Aggravated Assault
3080,80-13-061562,Aggravated Assault
3081,80-13-073606,Wpns Law Violation
3082,80-13-081413,Narcotics
3083,80-13-081413,Narcotics
3084,80-13-081915,Wpns Law Violation
3085,80-13-091537,Wpns Law Violation
3086,80-13-093240,Robbery
3087,80-10-003752,Robbery
3088,80-10-004874,Aggravated Assault
3089,80-10-004874,Aggravated Assault
3090,80-10-014001,Injured Person Report
3091,80-10-014001,Injured Person Report
3092,80-10-032344,Aggravated Assault
3093,80-10-043814,All Other Offenses
3094,80-10-050222,Robbery
3095,80-14-069118,Narcotics
3096,80-14-069118,Narcotics
3097,80-14-069118,Narcotics
3098,80-14-078509,Aggravated Assault
3099,80-14-088633,Wpns Law Violation
3100,80-14-096593,Narcotics
3101,80-15-014510,Wpns Law Violation
3102,80-16-056897,Robbery
3103,80-15-021207,Stolen Property
3104,80-15-030176,Wpns Law Violation
3105,80-15-031951,Wpns Law Violation
3106,80-15-034176,Narcotics
3107,80-15-029895,Wpns Law Violation
3108,80-15-032798,Stolen Property
3109,80-15-032807,Wpns Law Violation
3110,80-15-032807,Wpns Law Violation
3111,80-15-036664,Aggravated Assault
3112,80-14-023514,Wpns Law Violation
3113,80-15-041169,Wpns Law Violation
3114,80-15-046945,Wpns Law Violation
3115,80-15-046945,Wpns Law Violation
3116,80-15-041384,Counterfeiting
3117,80-16-074800,Wpns Law Violation
3118,80-11-021413,Aggravated Assault
3119,80-14-028613,Narcotics
3120,80-11-021413,Aggravated Assault
3121,80-11-017753,Theft Other
3122,80-14-053156,Narcotics
3123,80-10-052685,Aggravated Assault
3124,80-16-108452,Narcotics
3125,80-10-052685,Aggravated Assault
3126,80-16-101135,Aggravated Assault
3127,80-14-012504,Narcotics
3128,80-16-108452,Narcotics
3129,80-17-003780,Wpns Law Violation
3130,80-16-101135,Aggravated Assault
3131,80-14-009894,Narcotics
3132,80-10-049641,Narcotics
3133,80-14-021764,Narcotics
3134,80-16-070110,Narcotics
3135,80-12-099787,Robbery
3136,80-14-013519,Aggravated Assault
3137,80-16-070110,Narcotics
3138,80-12-099787,Robbery
3139,80-13-060717,Theft Fr Veh
3140,80-17-007625,Aggravated Assault
3141,80-12-061665,Aggravated Assault
3142,80-15-049540,Wpns Law Violation
3143,80-12-010695,Wpns Law Violation
3144,80-12-005217,Intimidation
3145,80-11-087196,Narcotics
3146,80-11-087196,Narcotics
3147,80-11-087196,Narcotics
3148,80-11-087196,Narcotics
3149,80-11-095365,Wpns Law Violation
3150,80-11-097259,Wpns Law Violation
3151,80-15-012840,Narcotics
3152,80-15-012840,Narcotics
3153,80-11-000740,Narcotics
3154,80-11-000740,Narcotics
3155,80-11-000740,Narcotics
3156,80-11-000740,Narcotics
3157,80-11-000740,Narcotics
3158,80-14-040821,Wpns Law Violation
3159,80-10-096029,Aggravated Assault
3160,80-13-033236,Narcotics
3161,80-12-045673,Wpns Law Violation
3162,80-14-085793,Intimidation
3163,80-16-009304,Wpns Law Violation
3164,80-14-082147,Intimidation
3165,80-16-009304,Wpns Law Violation
3166,80-16-077248,Stolen Property
3167,80-12-071163,Aggravated Assault
3168,80-13-051266,Narcotics
3169,80-12-071163,Aggravated Assault
3170,80-13-009939,Wpns Law Violation
3171,80-10-050291,Wpns Law Violation
3172,80-17-003909,Family Offenses
3173,80-12-081308,Wpns Law Violation
3174,80-12-071375,Aggravated Assault
3175,80-12-055375,Wpns Law Violation
3176,80-13-095754,Auto Theft
3177,80-14-087410,Robbery
3178,80-13-036753,Wpns Law Violation
3179,80-15-100202,Auto Theft
3180,80-17-011424,Wpns Law Violation
3181,80-11-076244,Wpns Law Violation
3182,80-11-009159,Narcotics
3183,80-11-009159,Narcotics
3184,80-11-009159,Narcotics
3185,80-15-014788,Narcotics
3186,80-17-008386,Wpns Law Violation
3187,80-17-008386,Wpns Law Violation
3188,80-12-062610,Shoplifting
3189,80-11-040388,Wpns Law Violation
3190,80-16-035662,Counterfeiting
3191,80-12-071375,Aggravated Assault
3192,80-12-071375,Aggravated Assault
3193,80-12-075791,Aggravated Assault
3194,80-10-058645,Wpns Law Violation
3195,80-16-030442,Aggravated Assault
3196,80-16-080272,Aggravated Assault
3197,80-16-080272,Aggravated Assault
3198,80-12-006620,Aggravated Assault
3199,80-16-088246,Promoting Prostitution
3200,80-16-035662,Counterfeiting
3201,80-15-089225,Wpns Law Violation
3202,80-14-067052,Narcotics
3203,80-13-089913,Aggravated Assault
3204,80-13-000013,Disorderly Conduct
3205,80-13-081073,Aggravated Assault
3206,80-13-071136,Wpns Law Violation
3207,80-17-005477,Narcotics
3208,80-13-088210,Wpns Law Violation
3209,80-13-088210,Wpns Law Violation
3210,80-13-088210,Wpns Law Violation
3211,80-15-100202,Auto Theft
3212,80-13-045271,Narcotics
3213,80-13-045271,Narcotics
3214,80-13-045271,Narcotics
3215,80-13-045271,Narcotics
3216,80-14-045134,Narcotics
3217,80-14-045134,Narcotics
3218,80-14-045134,Narcotics
3219,80-14-045134,Narcotics
3220,80-14-045134,Narcotics
3221,80-13-004513,Wpns Law Violation
3222,80-12-052094,Theft Other
3223,80-15-093374,Narcotics
3224,80-14-045134,Narcotics
3225,80-14-045134,Narcotics
3226,80-14-045134,Narcotics
3227,80-13-045271,Narcotics
3228,80-13-045271,Narcotics
3229,80-13-045271,Narcotics
3230,80-13-045271,Narcotics
3231,80-13-045271,Narcotics
3232,80-13-045271,Narcotics
3233,80-13-045271,Narcotics
3234,80-13-045271,Narcotics
3235,80-13-088210,Wpns Law Violation
3236,80-16-072561,Wpns Law Violation
3237,80-13-044205,Wpns Law Violation
3238,80-13-044205,Wpns Law Violation
3239,80-16-109544,Wpns Law Violation
3240,80-12-046970,Wpns Law Violation
3241,80-11-035915,Narcotics
3242,80-16-084668,Stolen Property
3243,80-11-035915,Narcotics
3244,80-13-018169,Wpns Law Violation
3245,80-13-002382,Aggravated Assault
3246,80-10-002750,Wpns Law Violation
3247,80-12-094658,Wpns Law Violation
3248,80-11-106042,Aggravated Assault
3249,80-14-020933,Narcotics
3250,80-12-089417,Narcotics
3251,80-11-088592,Narcotics
3252,80-14-067077,Wpns Law Violation
3253,80-11-088592,Narcotics
3254,80-12-086408,Wpns Law Violation
3255,80-11-059353,Wpns Law Violation
3256,80-14-039398,Narcotics
3257,80-10-097211,Burglary
3258,80-14-040880,Narcotics
3259,80-10-067780,Theft Fr Veh
3260,80-12-080422,Aggravated Assault
3261,80-10-087199,Burglary
3262,80-12-070739,Narcotics
3263,80-14-031148,Wpns Law Violation
3264,80-10-003061,Robbery
3265,80-10-062600,Counterfeiting
3266,80-12-007223,Wpns Law Violation
3267,80-13-073252,Narcotics
3268,80-11-075517,Counterfeiting
3269,80-14-023029,Intimidation
3270,80-16-070787,Aggravated Assault
3271,80-12-031587,Aggravated Assault
3272,80-10-042048,Simple Assault
3273,80-15-021067,Aggravated Assault
3274,80-14-052493,Narcotics
3275,80-10-003061,Robbery
3276,80-12-026095,Wpns Law Violation
3277,80-12-012751,Aggravated Assault
3278,80-12-103025,Wpns Law Violation
3279,80-12-031587,Aggravated Assault
3280,80-10-091417,Wpns Law Violation
3281,80-11-085497,Aggravated Assault
3282,80-14-009126,Narcotics
3283,80-10-003061,Robbery
3284,80-12-039575,Aggravated Assault
3285,80-13-048974,Narcotics
3286,80-10-003061,Robbery
3287,80-14-009126,Narcotics
3288,80-10-001536,Wpns Law Violation
3289,80-10-017920,Narcotics
3290,80-15-080806,Wpns Law Violation
3291,80-10-017920,Narcotics
3292,80-14-009126,Narcotics
3293,80-10-003061,Robbery
3294,80-12-000915,Aggravated Assault
3295,80-14-031430,Wpns Law Violation
3296,80-14-028613,Narcotics
3297,80-17-009059,Stolen Property
3298,80-14-009126,Narcotics
3299,80-10-003061,Robbery
3300,80-13-027463,Narcotics
3301,80-12-042585,Wpns Law Violation
3302,80-14-031430,Wpns Law Violation
3303,80-10-094147,Aggravated Assault
3304,80-16-022240,Wpns Law Violation
3305,80-12-055313,Wpns Law Violation
3306,80-14-009126,Narcotics
3307,80-17-008497,Wpns Law Violation
3308,80-14-009126,Narcotics
3309,80-16-063564,Burglary
3310,80-10-019783,Wpns Law Violation
3311,80-14-037029,Narcotics
3312,80-12-046874,Intimidation
3313,80-11-012252,Aggravated Assault
3314,80-11-042620,Wpns Law Violation
3315,80-10-045659,Aggravated Assault
3316,80-15-065953,Stolen Property
3317,80-10-004252,Narcotics
3318,80-10-050222,Robbery
3319,80-14-037029,Narcotics
3320,80-16-085012,Narcotics
3321,80-10-100871,Theft Other
3322,80-14-007238,Narcotics
3323,80-14-060090,Narcotics
3324,80-15-070942,Aggravated Assault
3325,80-10-044635,Counterfeiting
3326,80-16-101135,Aggravated Assault
3327,80-16-101135,Aggravated Assault
3328,80-16-101135,Aggravated Assault
3329,80-16-101135,Aggravated Assault
3330,80-13-016102,Narcotics
3331,80-16-026781,Wpns Law Violation
3332,80-14-033559,Vandalism
3333,80-13-045634,Aggravated Assault
3334,80-15-103038,Bribery
3335,80-12-075612,Wpns Law Violation
3336,80-15-022970,Narcotics
3337,80-12-055038,Wpns Law Violation
3338,80-10-041249,Wpns Law Violation
3339,80-17-008497,Wpns Law Violation
3340,80-12-052927,Wpns Law Violation
3341,80-11-014658,Wpns Law Violation
3342,80-12-019990,Wpns Law Violation
3343,80-15-078740,Narcotics
3344,80-16-006586,Narcotics
3345,80-15-009632,Aggravated Assault
3346,80-13-027377,Wpns Law Violation
3347,80-14-067946,Stolen Property
3348,80-14-009126,Narcotics
3349,80-14-009126,Narcotics
3350,80-14-009126,Narcotics
3351,80-13-023611,Intimidation
3352,80-14-002031,Aggravated Assault
3353,80-13-010595,Burglary
3354,80-10-060260,Wpns Law Violation
3355,80-14-005353,Aggravated Assault
3356,80-14-005353,Aggravated Assault
3357,80-12-016804,Aggravated Assault
3358,80-12-016804,Aggravated Assault
3359,80-14-029711,Wpns Law Violation
3360,80-14-059272,Aggravated Assault
3361,80-13-027463,Narcotics
3362,80-13-043208,Narcotics
3363,80-16-053131,Aggravated Assault
3364,80-14-008653,Wpns Law Violation
3365,80-11-046031,Wpns Law Violation
3366,80-16-053131,Aggravated Assault
3367,80-13-043208,Narcotics
3368,80-13-067660,Narcotics Equip
3369,80-17-009059,Stolen Property
3370,80-11-025678,Wpns Law Violation
3371,80-15-000510,Wpns Law Violation
3372,80-16-053131,Aggravated Assault
3373,80-12-028976,Wpns Law Violation
3374,80-14-073244,Simple Assault
3375,80-13-038820,Wpns Law Violation
3376,80-11-040664,Narcotics
3377,80-10-027848,Wpns Law Violation
3378,80-16-077255,Narcotics
3379,80-12-028976,Wpns Law Violation
3380,80-15-074623,Wpns Law Violation
3381,80-13-081413,Narcotics
3382,80-13-081413,Narcotics
3383,80-13-081413,Narcotics
3384,80-13-081413,Narcotics
3385,80-12-096700,Wpns Law Violation
3386,80-13-019179,Wpns Law Violation
3387,80-11-079805,Narcotics
3388,80-12-027100,Aggravated Assault
3389,80-16-017884,Aggravated Assault
3390,80-11-052638,Narcotics
3391,80-12-081900,Narcotics
3392,80-12-081900,Narcotics
3393,80-12-081900,Narcotics
3394,80-16-040480,Wpns Law Violation
3395,80-16-100116,Narcotics
3396,80-16-100116,Narcotics
3397,80-16-100116,Narcotics
3398,80-16-003482,Aggravated Assault
3399,80-12-037440,Aggravated Assault
3400,80-16-111304,Wpns Law Violation
3401,80-16-001206,Wpns Law Violation
3402,80-16-001206,Wpns Law Violation
3403,80-16-058960,Narcotics
3404,80-16-058960,Narcotics
3405,80-16-058960,Narcotics
3406,80-16-058960,Narcotics
3407,80-11-097166,Wpns Law Violation
3408,80-12-040577,Wpns Law Violation
3409,80-15-003249,Stolen Property
3410,80-15-003249,Stolen Property
3411,80-16-006360,Wpns Law Violation
3412,80-16-006360,Wpns Law Violation
3413,80-15-033724,Wpns Law Violation
3414,80-10-025749,Aggravated Assault
3415,80-16-110652,Narcotics
3416,80-14-029313,Wpns Law Violation
3417,80-13-081413,Narcotics
3418,80-13-081413,Narcotics
3419,80-12-062543,Wpns Law Violation
3420,80-14-009420,Wpns Law Violation
3421,80-11-084277,Wpns Law Violation
3422,80-14-040880,Narcotics
3423,80-11-104201,Stolen Property
3424,80-16-076101,Wpns Law Violation
3425,80-14-040880,Narcotics
3426,80-14-011112,Wpns Law Violation
3427,80-14-094645,Robbery
3428,80-10-021797,Aggravated Assault
3429,80-14-022365,Wpns Law Violation
3430,80-14-032977,Accidental Shooting
3431,80-12-037436,Wpns Law Violation
3432,80-12-094428,Wpns Law Violation
3433,80-16-067584,Wpns Law Violation
3434,80-14-077468,Narcotics
3435,80-16-063883,Narcotics
3436,80-14-072865,Narcotics
3437,80-13-012950,Aggravated Assault
3438,80-10-038191,Wpns Law Violation
3439,80-16-100975,Narcotics
3440,80-14-031446,Stolen Property
3441,80-10-049641,Narcotics
3442,80-16-079123,Wpns Law Violation
3443,80-13-084865,Wpns Law Violation
3444,80-16-106571,Narcotics
3445,80-16-106571,Narcotics
3446,80-16-106571,Narcotics
3447,80-16-106571,Narcotics
3448,80-16-106571,Narcotics
3449,80-16-106571,Narcotics
3450,80-11-066785,Intimidation
3451,80-11-066785,Intimidation
3452,80-11-066785,Intimidation
3453,80-11-066785,Intimidation
3454,80-11-041970,All Other Offenses
3455,80-13-051266,Narcotics
3456,80-13-073252,Narcotics
3457,80-10-049057,Burglary
3458,80-16-005075,Burglary
3459,80-13-073252,Narcotics
3460,80-13-073252,Narcotics
3461,80-12-029963,Counterfeiting
3462,80-16-073992,Wpns Law Violation
3463,80-12-037440,Aggravated Assault
3464,80-12-037440,Aggravated Assault
3465,80-16-016407,Narcotics
3466,80-16-015424,Wpns Law Violation
3467,80-13-041881,Narcotics
3468,80-13-041881,Narcotics
3469,80-14-081774,Wpns Law Violation
3470,80-12-065221,Robbery
3471,80-16-063883,Narcotics
3472,80-16-063883,Narcotics
3473,80-16-063883,Narcotics
3474,80-12-000664,Narcotics
3475,80-16-001828,Wpns Law Violation
3476,80-13-037114,Aggravated Assault
3477,80-11-070255,Narcotics
3478,80-11-070255,Narcotics
3479,80-14-100110,Wpns Law Violation
3480,80-14-100110,Wpns Law Violation
3481,80-11-007274,Wpns Law Violation
3482,80-10-026515,Wpns Law Violation
3483,80-13-076003,Wpns Law Violation
3484,80-10-026515,Wpns Law Violation
3485,80-14-042724,Narcotics
3486,80-14-042724,Narcotics
3487,80-14-042724,Narcotics
3488,80-12-081184,Burglary
3489,80-11-064441,Aggravated Assault
3490,80-13-082205,Narcotics
3491,80-15-055634,Narcotics
3492,80-13-097462,Robbery
3493,80-14-077468,Narcotics
3494,80-16-017009,Aggravated Assault
3495,80-12-071104,Wpns Law Violation
3496,80-15-012520,Burglary
3497,80-17-005928,Wpns Law Violation
3498,80-12-041278,Wpns Law Violation
3499,80-10-017399,Wpns Law Violation
3500,80-13-026142,Aggravated Assault
3501,80-11-038820,Wpns Law Violation
3502,80-11-104205,Aggravated Assault
3503,80-15-092348,Narcotics
3504,80-14-067648,Burglary
3505,80-11-023785,Wpns Law Violation
3506,80-14-067052,Narcotics
3507,80-14-067052,Narcotics
3508,80-14-077468,Narcotics
3509,80-14-077468,Narcotics
3510,80-14-077468,Narcotics
3511,80-17-008852,Wpns Law Violation
3512,80-12-018814,Aggravated Assault
3513,80-10-092966,Wpns Law Violation
3514,80-13-077079,Aggravated Assault
3515,80-12-086408,Wpns Law Violation
3516,80-14-043849,Aggravated Assault
3517,80-14-043849,Aggravated Assault
3518,80-14-043849,Aggravated Assault
3519,80-13-076003,Wpns Law Violation
3520,80-10-050669,Aggravated Assault
3521,80-10-050669,Aggravated Assault
3522,80-10-050669,Aggravated Assault
3523,80-10-050669,Aggravated Assault
3524,80-10-050669,Aggravated Assault
3525,80-10-050669,Aggravated Assault
3526,80-10-050669,Aggravated Assault
3527,80-10-050669,Aggravated Assault
3528,80-10-097890,Aggravated Assault
3529,80-12-043975,Wpns Law Violation
3530,80-12-083529,Wpns Law Violation
3531,80-12-043975,Wpns Law Violation
3532,80-11-085908,Wpns Law Violation
3533,80-11-085908,Wpns Law Violation
3534,80-11-084127,Wpns Law Violation
3535,80-10-058047,Narcotics
3536,80-10-058047,Narcotics
3537,80-16-076101,Wpns Law Violation
3538,80-14-021462,Narcotics
3539,80-14-021462,Narcotics
3540,80-16-063883,Narcotics
3541,80-15-022970,Narcotics
3542,80-15-022970,Narcotics
3543,80-13-062197,Wpns Law Violation
3544,80-11-066619,Aggravated Assault
3545,80-11-066619,Aggravated Assault
3546,80-14-075447,Narcotics
3547,80-15-027777,Narcotics
3548,80-15-027777,Narcotics
3549,80-15-027777,Narcotics
3550,80-15-027777,Narcotics
3551,80-10-059650,Burglary
3552,80-12-043520,Stolen Property
3553,80-14-088254,Wpns Law Violation
3554,80-16-071331,Robbery
3555,80-11-039285,Wpns Law Violation
3556,80-17-005928,Wpns Law Violation
3557,80-13-038820,Wpns Law Violation
3558,80-15-066563,Fraud
3559,80-16-015709,Wpns Law Violation
3560,80-15-040608,Narcotics
3561,80-13-029298,Narcotics
3562,80-13-029298,Narcotics
3563,80-13-029298,Narcotics
3564,80-11-020516,Aggravated Assault
3565,80-13-072785,Wpns Law Violation
3566,80-16-076186,Narcotics
3567,80-15-087028,Wpns Law Violation
3568,80-12-052094,Theft Other
3569,80-15-029635,Wpns Law Violation
3570,80-11-097259,Wpns Law Violation
3571,80-11-097259,Wpns Law Violation
3572,80-12-071413,Narcotics
3573,80-16-027056,Wpns Law Violation
3574,80-11-042989,Aggravated Assault
3575,80-16-016788,Wpns Law Violation
3576,80-12-040855,Wpns Law Violation
3577,80-11-042989,Aggravated Assault
3578,80-16-010326,Wpns Law Violation
3579,80-16-010326,Wpns Law Violation
3580,80-11-003919,Narcotics
3581,80-10-046347,Wpns Law Violation
3582,80-15-076326,Wpns Law Violation
3583,80-10-091417,Wpns Law Violation
3584,80-12-037419,Aggravated Assault
3585,80-12-037419,Aggravated Assault
3586,80-12-037419,Aggravated Assault
3587,80-12-037419,Aggravated Assault
3588,80-11-055118,Aggravated Assault
3589,80-11-058327,Narcotics
3590,80-10-100871,Theft Other
3591,80-10-101607,Intimidation
3592,80-15-101889,Aggravated Assault
3593,80-15-037945,Aggravated Assault
3594,80-15-037945,Aggravated Assault
3595,80-15-037945,Aggravated Assault
3596,80-15-037945,Aggravated Assault
3597,80-15-010787,Narcotics
3598,80-15-010787,Narcotics
3599,80-15-010787,Narcotics
3600,80-13-023812,Narcotics
3601,80-13-023812,Narcotics
3602,80-15-035682,Wpns Law Violation
3603,80-13-023812,Narcotics
3604,80-14-030561,Narcotics
3605,80-12-034275,Robbery
3606,80-15-032492,Stolen Property
3607,80-13-031494,Wpns Law Violation
3608,80-12-000032,Wpns Law Violation
3609,80-16-081646,Aggravated Assault
3610,80-16-081646,Aggravated Assault
3611,80-16-081646,Aggravated Assault
3612,80-11-006759,Narcotics
3613,80-13-015264,Wpns Law Violation
3614,80-14-044741,Narcotics
3615,80-14-044741,Narcotics
3616,80-15-076115,Aggravated Assault
3617,80-15-003339,Wpns Law Violation
3618,80-17-009709,Wpns Law Violation
3619,80-14-061508,Narcotics
3620,80-16-073805,Wpns Law Violation
3621,80-14-023521,Wpns Law Violation
3622,80-14-009126,Narcotics
3623,80-14-021814,Aggravated Assault
3624,80-12-077513,Wpns Law Violation
3625,80-13-043588,Wpns Law Violation
3626,80-12-053734,Aggravated Assault
3627,80-15-046627,Wpns Law Violation
3628,80-14-070748,Simple Assault
3629,80-12-102672,Narcotics
3630,80-10-083785,Wpns Law Violation
3631,80-10-083785,Wpns Law Violation
3632,80-13-007844,Wpns Law Violation
3633,80-16-034920,Narcotics
3634,80-16-034920,Narcotics
3635,80-12-098679,Wpns Law Violation
3636,80-12-058746,Narcotics
3637,80-12-058746,Narcotics
3638,80-12-065172,Narcotics
3639,80-14-001053,Aggravated Assault
3640,80-14-069118,Narcotics
3641,80-15-065643,Wpns Law Violation
3642,80-14-001053,Aggravated Assault
3643,80-14-001053,Aggravated Assault
3644,80-16-036623,Wpns Law Violation
3645,80-13-047577,Narcotics
3646,80-13-047577,Narcotics
3647,80-13-005716,Wpns Law Violation
3648,80-11-067750,Wpns Law Violation
3649,80-15-051719,Aggravated Assault
3650,80-15-051719,Aggravated Assault
3651,80-15-051719,Aggravated Assault
3652,80-16-048788,Wpns Law Violation
3653,80-15-081565,Narcotics
3654,80-15-081565,Narcotics
3655,80-15-081565,Narcotics
3656,80-14-000559,Wpns Law Violation
3657,80-16-046226,Narcotics
3658,80-17-010831,Narcotics
3659,80-17-010831,Narcotics
3660,80-12-044709,Narcotics
3661,80-12-035787,Kidnapping Only
3662,80-13-005568,Narcotics
3663,80-13-005568,Narcotics
3664,80-14-013899,Accidental Shooting
3665,80-16-012049,Wpns Law Violation
3666,80-13-072141,Wpns Law Violation
3667,80-12-071413,Narcotics
3668,80-12-055440,Wpns Law Violation
3669,80-13-009335,Wpns Law Violation
3670,80-12-063389,Wpns Law Violation
3671,80-15-092348,Narcotics
3672,80-16-103041,Simple Assault
3673,80-16-103041,Simple Assault
3674,80-16-103041,Simple Assault
3675,80-16-103041,Simple Assault
3676,80-16-103041,Simple Assault
3677,80-16-103041,Simple Assault
3678,80-15-024206,Intimidation
3679,80-10-092966,Wpns Law Violation
3680,80-12-030088,Burglary
3681,80-12-079630,Aggravated Assault
3682,80-16-103041,Simple Assault
3683,80-16-103041,Simple Assault
3684,80-16-103041,Simple Assault
3685,80-13-063360,Stolen Property
3686,80-15-085852,Wpns Law Violation
3687,80-11-082845,Narcotics
3688,80-11-084637,Burglary
3689,80-11-034547,Aggravated Assault
3690,80-16-070787,Aggravated Assault
3691,80-13-004573,Stolen Property
3692,80-15-096944,Wpns Law Violation
3693,80-14-075749,Narcotics
3694,80-13-016490,Robbery
3695,80-13-016490,Robbery
3696,80-13-016490,Robbery
3697,80-11-036499,Narcotics
3698,80-14-007397,Stolen Property
3699,80-16-057679,Wpns Law Violation
3700,80-13-067435,Narcotics
3701,80-14-030561,Narcotics
3702,80-14-030561,Narcotics
3703,80-12-018264,Narcotics
3704,80-12-018264,Narcotics
3705,80-12-018264,Narcotics
3706,80-14-040880,Narcotics
3707,80-15-026043,Wpns Law Violation
3708,80-15-088442,Intimidation
3709,80-14-002482,Aggravated Assault
3710,80-14-069118,Narcotics
3711,80-14-069118,Narcotics
3712,80-14-075569,Narcotics
3713,80-14-075569,Narcotics
3714,80-13-073252,Narcotics
3715,80-13-073252,Narcotics
3716,80-13-073252,Narcotics
3717,80-13-073252,Narcotics
3718,80-10-049628,Wpns Law Violation
3719,80-11-014672,Narcotics
3720,80-16-015259,Simple Assault
3721,80-16-083068,Narcotics
3722,80-11-009159,Narcotics
3723,80-11-009159,Narcotics
3724,80-11-009159,Narcotics
3725,80-12-092155,Aggravated Assault
3726,80-12-092155,Aggravated Assault
3727,80-16-028476,Stolen Property
3728,80-12-014308,Narcotics
3729,80-14-066934,Wpns Law Violation
3730,80-13-015264,Wpns Law Violation
3731,80-13-015488,Narcotics
3732,80-14-028118,Aggravated Assault
3733,80-14-028118,Aggravated Assault
3734,80-14-028118,Aggravated Assault
3735,80-15-010006,Stolen Property
3736,80-11-006759,Narcotics
3737,80-13-073186,Wpns Law Violation
3738,80-12-044709,Narcotics
3739,80-15-067059,Stolen Property
3740,80-15-004057,Wpns Law Violation
3741,80-14-050808,Wpns Law Violation
3742,80-12-040526,Wpns Law Violation
3743,80-13-031528,Aggravated Assault
3744,80-13-031528,Aggravated Assault
3745,80-13-039806,Wpns Law Violation
3746,80-17-008889,Kidnapping Only
3747,80-13-048154,Narcotics
3748,80-14-059971,Robbery
3749,80-14-059971,Robbery
3750,80-13-048154,Narcotics
3751,80-13-002206,Aggravated Assault
3752,80-15-095813,Narcotics
3753,80-15-095813,Narcotics
3754,80-15-095813,Narcotics
3755,80-15-095813,Narcotics
3756,80-15-095813,Narcotics
3757,80-15-095813,Narcotics
3758,80-15-069916,Aggravated Assault
3759,80-13-088210,Wpns Law Violation
3760,80-13-088210,Wpns Law Violation
3761,80-13-088210,Wpns Law Violation
3762,80-13-088210,Wpns Law Violation
3763,80-13-088210,Wpns Law Violation
3764,80-13-088210,Wpns Law Violation
3765,80-11-006759,Narcotics
3766,80-14-070232,Wpns Law Violation
3767,80-14-028259,Burglary
3768,80-16-010203,Aggravated Assault
3769,80-12-056829,Wpns Law Violation
3770,80-14-089115,Wpns Law Violation
3771,80-13-002382,Aggravated Assault
3772,80-12-046214,Simple Assault
3773,80-14-096820,Narcotics
3774,80-12-051848,Wpns Law Violation
3775,80-12-048182,Aggravated Assault
3776,80-14-058865,Wpns Law Violation
3777,80-12-059955,Wpns Law Violation
3778,80-14-096820,Narcotics
3779,80-12-051848,Wpns Law Violation
3780,80-16-107622,Robbery
3781,80-16-107622,Robbery
3782,80-10-015437,Narcotics
3783,80-11-051789,Aggravated Assault
3784,80-10-034467,Theft Other
3785,80-11-038004,Narcotics
3786,80-11-038004,Narcotics
3787,80-13-012680,Narcotics
3788,80-13-012803,Wpns Law Violation
3789,80-14-015744,Wpns Law Violation
3790,80-14-058837,Aggravated Assault
3791,80-12-081184,Burglary
3792,80-14-094929,Aggravated Assault
3793,80-12-087910,Aggravated Assault
3794,80-12-089490,Robbery
3795,80-12-089490,Robbery
3796,80-17-013356,Narcotics
3797,80-17-013356,Narcotics
3798,80-13-052885,Robbery
3799,80-12-092501,Narcotics
3800,80-15-037221,Wpns Law Violation
3801,80-15-034068,Narcotics
3802,80-12-102887,Wpns Law Violation
3803,80-12-102887,Wpns Law Violation
3804,80-13-000011,Aggravated Assault
3805,80-13-000011,Aggravated Assault
3806,80-13-000011,Aggravated Assault
3807,80-13-000972,Narcotics
3808,80-13-000972,Narcotics
3809,80-13-000972,Narcotics
3810,80-13-000972,Narcotics
3811,80-12-065491,Narcotics
3812,80-12-042632,Wpns Law Violation
3813,80-13-001029,Robbery
3814,80-13-001029,Robbery
3815,80-13-001029,Robbery
3816,80-13-001029,Robbery
3817,80-13-009031,Stolen Property
3818,80-16-021012,Wpns Law Violation
3819,80-13-057060,Narcotics
3820,80-13-057060,Narcotics
3821,80-13-057060,Narcotics
3822,80-12-032741,Wpns Law Violation
3823,80-16-042007,Wpns Law Violation
3824,80-14-050527,Aggravated Assault
3825,80-16-072606,Aggravated Assault
3826,80-12-059955,Wpns Law Violation
3827,80-14-007397,Stolen Property
3828,80-13-051041,Narcotics
3829,80-16-072606,Aggravated Assault
3830,80-11-082845,Narcotics
3831,80-13-051041,Narcotics
3832,80-14-090254,Aggravated Assault
3833,80-14-058287,Robbery
3834,80-16-072606,Aggravated Assault
3835,80-16-100300,Wpns Law Violation
3836,80-14-090254,Aggravated Assault
3837,80-14-058287,Robbery
3838,80-16-102376,Stolen Property
3839,80-14-076354,Robbery
3840,80-12-008669,Narcotics
3841,80-16-102376,Stolen Property
3842,80-14-076354,Robbery
3843,80-14-058287,Robbery
3844,80-12-008669,Narcotics
3845,80-17-007159,Narcotics
3846,80-17-001054,Theft Fr Veh
3847,80-12-092599,Narcotics
3848,80-14-062951,Narcotics
3849,80-16-098721,Wpns Law Violation
3850,80-16-111258,Narcotics
3851,80-14-062951,Narcotics
3852,80-14-077692,Stolen Property
3853,80-12-061973,Narcotics Equip
3854,80-11-074386,Accidental Shooting
3855,80-14-062951,Narcotics
3856,80-11-039324,Narcotics
3857,80-16-111258,Narcotics
3858,80-11-039324,Narcotics
3859,80-12-016946,Wpns Law Violation
3860,80-13-094984,Wpns Law Violation
3861,80-14-062951,Narcotics
3862,80-11-039324,Narcotics
3863,80-12-016946,Wpns Law Violation
3864,80-14-095212,Wpns Law Violation
3865,80-13-052885,Robbery
3866,80-14-062951,Narcotics
3867,80-11-055118,Aggravated Assault
3868,80-17-008795,Wpns Law Violation
3869,80-11-082845,Narcotics
3870,80-14-001812,Aggravated Assault
3871,80-11-058327,Narcotics
3872,80-14-078698,Wpns Law Violation
3873,80-12-071272,Wpns Law Violation
3874,80-12-042632,Wpns Law Violation
3875,80-15-075920,Aggravated Assault
3876,80-15-102455,Wpns Law Violation
3877,80-13-070077,Stolen Property
3878,80-15-008861,Narcotics
3879,80-14-048508,Wpns Law Violation
3880,80-15-077084,Narcotics
3881,80-14-013352,Aggravated Assault
3882,80-13-033973,Wpns Law Violation
3883,80-14-025872,Wpns Law Violation
3884,80-17-000150,Wpns Law Violation
3885,80-15-024206,Intimidation
3886,80-17-013445,Wpns Law Violation
3887,80-16-002761,Wpns Law Violation
3888,80-15-027004,Robbery
3889,80-14-012531,Aggravated Assault
3890,80-12-031350,Wpns Law Violation
3891,80-14-097874,Stolen Property
3892,80-12-041901,Wpns Law Violation
3893,80-10-015437,Narcotics
3894,80-11-063447,Narcotics
3895,80-11-043187,Wpns Law Violation
3896,80-16-026110,Narcotics
3897,80-11-038004,Narcotics
3898,80-14-094509,Wpns Law Violation
3899,80-12-047012,Wpns Law Violation
3900,80-16-026110,Narcotics
3901,80-10-055003,Wpns Law Violation
3902,80-14-030875,Aggravated Assault
3903,80-16-079281,Narcotics
3904,80-13-028264,Wpns Law Violation
3905,80-10-023454,Intimidation
3906,80-12-038603,Wpns Law Violation
3907,80-11-005051,Narcotics
3908,80-11-010143,Wpns Law Violation
3909,80-16-077248,Stolen Property
3910,80-12-081900,Narcotics
3911,80-11-019740,Wpns Law Violation
3912,80-10-051203,Wpns Law Violation
3913,80-12-081096,Stolen Property
3914,80-13-098993,Aggravated Assault
3915,80-17-002327,Wpns Law Violation
3916,80-15-093771,Stolen Property
3917,80-16-003398,Robbery
3918,80-16-003398,Robbery
3919,80-13-005539,Robbery
3920,80-15-069916,Aggravated Assault
3921,80-13-020156,Wpns Law Violation
3922,80-17-000150,Wpns Law Violation
3923,80-15-078872,Burglary
3924,80-11-019340,Wpns Law Violation
3925,80-13-043476,Wpns Law Violation
3926,80-11-001729,Wpns Law Violation
3927,80-17-013475,Wpns Law Violation
3928,80-14-027342,Aggravated Assault
3929,80-12-034275,Robbery
3930,80-14-027342,Aggravated Assault
3931,80-16-079281,Narcotics
3932,80-11-008428,Wpns Law Violation
3933,80-14-014916,Narcotics
3934,80-14-098790,Wpns Law Violation
3935,80-12-098670,Burglary
3936,80-12-036841,Narcotics
3937,80-14-019718,Aggravated Assault
3938,80-11-102162,Narcotics
3939,80-12-036841,Narcotics
3940,80-11-017130,Wpns Law Violation
3941,80-13-020103,Narcotics
3942,80-12-036841,Narcotics
3943,80-11-017130,Wpns Law Violation
3944,80-14-069367,Narcotics
3945,80-14-069367,Narcotics
3946,80-14-069367,Narcotics
3947,80-14-069367,Narcotics
3948,80-10-080743,Narcotics
3949,80-14-022725,Wpns Law Violation
3950,80-14-022725,Wpns Law Violation
3951,80-13-034981,Narcotics
3952,80-17-009699,Wpns Law Violation
3953,80-16-076186,Narcotics
3954,80-14-036892,Simple Assault
3955,80-14-007296,Wpns Law Violation
3956,80-14-062029,Wpns Law Violation
3957,80-14-059971,Robbery
3958,80-14-059971,Robbery
3959,80-16-002945,Aggravated Assault
3960,80-14-065963,Wpns Law Violation
3961,80-12-091617,Aggravated Assault
3962,80-16-050975,Narcotics
3963,80-12-099381,Narcotics
3964,80-15-081565,Narcotics
3965,80-12-079630,Aggravated Assault
3966,80-13-016011,All Other Offenses
3967,80-14-036277,Narcotics
3968,80-12-087910,Aggravated Assault
3969,80-13-085701,Simple Assault
3970,80-12-092501,Narcotics
3971,80-15-075920,Aggravated Assault
3972,80-15-075920,Aggravated Assault
3973,80-13-002926,Narcotics
3974,80-17-009251,Wpns Law Violation
3975,80-12-076245,Wpns Law Violation
3976,80-15-007261,Stolen Property
3977,80-12-036841,Narcotics
3978,80-13-008216,Wpns Law Violation
3979,80-12-036859,Narcotics
3980,80-13-097187,Wpns Law Violation
3981,80-11-088923,Theft Other
3982,80-13-048115,Aggravated Assault
3983,80-13-070495,Wpns Law Violation
3984,80-14-032487,Wpns Law Violation
3985,80-12-039847,Narcotics
3986,80-13-076007,Wpns Law Violation
3987,80-16-076888,Wpns Law Violation
3988,80-13-069169,Aggravated Assault
3989,80-17-007159,Narcotics
3990,80-17-007159,Narcotics
3991,80-17-007159,Narcotics
3992,80-17-007159,Narcotics
3993,80-17-007159,Narcotics
3994,80-17-007159,Narcotics
3995,80-17-007159,Narcotics
3996,80-12-066118,Burglary
3997,80-12-036859,Narcotics
3998,80-12-036859,Narcotics
3999,80-14-018934,Aggravated Assault
4000,80-16-071363,Aggravated Assault
4001,80-15-034652,Burglary
4002,80-16-033898,Narcotics
4003,80-17-005921,Wpns Law Violation
4004,80-14-017556,Narcotics
4005,80-15-059096,Wpns Law Violation
4006,80-13-033014,Wpns Law Violation
4007,80-16-080751,Wpns Law Violation
4008,80-11-014253,Narcotics
4009,80-13-017483,Wpns Law Violation
4010,80-15-063035,Aggravated Assault
4011,80-10-089472,Stolen Property
4012,80-13-079079,Stolen Property
4013,80-14-041777,Wpns Law Violation
4014,80-10-089472,Stolen Property
4015,80-15-057866,Burglary
4016,80-16-086169,Aggravated Assault
4017,80-15-037936,Aggravated Assault
4018,80-12-075236,Wpns Law Violation
4019,80-12-099381,Narcotics
4020,80-15-090709,Robbery
4021,80-16-101135,Aggravated Assault
4022,80-13-081413,Narcotics
4023,80-13-041277,Wpns Law Violation
4024,80-16-086169,Aggravated Assault
4025,80-15-084326,Wpns Law Violation
4026,80-17-001385,Robbery
4027,80-16-018526,Aggravated Assault
4028,80-17-003581,Wpns Law Violation
4029,80-16-048229,Wpns Law Violation
4030,80-13-099400,Wpns Law Violation
4031,80-14-084215,Narcotics
4032,80-17-006427,Aggravated Assault
4033,80-17-006427,Aggravated Assault
4034,80-11-001776,Aggravated Assault
4035,80-13-020399,Intimidation
4036,80-13-034092,Stolen Property
4037,80-13-034092,Stolen Property
4038,80-11-014253,Narcotics
4039,80-16-087087,Narcotics
4040,80-15-017050,Vandalism
4041,80-11-014253,Narcotics
4042,80-17-010348,Narcotics
4043,80-17-010348,Narcotics
4044,80-17-010348,Narcotics
4045,80-17-010348,Narcotics
4046,80-17-010348,Narcotics
4047,80-16-010065,All Other Offenses
4048,80-17-009394,Narcotics
4049,80-17-009394,Narcotics
4050,80-17-009394,Narcotics
4051,80-16-012151,Wpns Law Violation
4052,80-17-010408,Simple Assault
4053,80-16-026418,Stolen Property
4054,80-16-035937,Wpns Law Violation
4055,80-16-050201,Wpns Law Violation
4056,80-16-071363,Aggravated Assault
4057,80-17-006070,Narcotics
4058,80-16-080751,Wpns Law Violation
4059,80-16-080751,Wpns Law Violation
4060,80-13-098965,Robbery
4061,80-17-010348,Narcotics
4062,80-17-010348,Narcotics
4063,80-17-010348,Narcotics
4064,80-11-014253,Narcotics
4065,80-14-017556,Narcotics
4066,80-12-036538,Narcotics
4067,80-13-081413,Narcotics
4068,80-16-106970,Wpns Law Violation
4069,80-16-002945,Aggravated Assault
4070,80-15-037936,Aggravated Assault
4071,80-15-037936,Aggravated Assault
4072,80-12-099381,Narcotics
4073,80-15-014481,Aggravated Assault
4074,80-15-037936,Aggravated Assault
4075,80-10-040431,Wpns Law Violation
4076,80-10-034000,Narcotics Equip
4077,80-17-001214,Accidental Shooting
4078,80-13-081413,Narcotics
4079,80-15-095709,Robbery
4080,80-13-020399,Intimidation
4081,80-15-102569,Wpns Law Violation
4082,80-11-079829,Robbery
4083,80-16-107277,Stolen Property
4084,80-17-002365,Narcotics
4085,80-17-002365,Narcotics
4086,80-17-002365,Narcotics
4087,80-17-010589,Wpns Law Violation
4088,80-10-021110,Wpns Law Violation
4089,80-11-029145,Aggravated Assault
4090,80-13-027935,Aggravated Assault
4091,80-12-075907,Aggravated Assault
4092,80-10-034234,Aggravated Assault
4093,80-10-034234,Aggravated Assault
4094,80-16-110480,Stolen Property
4095,80-13-091219,Narcotics
4096,80-13-091219,Narcotics
4097,80-11-044870,Narcotics
4098,80-11-039770,Wpns Law Violation
4099,80-15-105420,Wpns Law Violation
4100,80-17-010583,Wpns Law Violation
4101,80-17-001924,Narcotics
4102,80-17-001924,Narcotics
4103,80-17-001924,Narcotics
4104,80-17-001924,Narcotics
4105,80-17-001924,Narcotics
4106,80-17-004504,Accidental Shooting
4107,80-10-032344,Aggravated Assault
4108,80-10-025294,Injured Person Report
4109,80-11-010855,Burglary
4110,80-11-025417,All Other Offenses
4111,80-11-030874,Injured Person Report
4112,80-11-045089,Aggravated Assault
4113,80-12-023437,Wpns Law Violation
4114,80-12-023437,Wpns Law Violation
4115,80-12-016609,Accidental Shooting
4116,80-12-018751,Accidental Shooting
4117,80-14-061681,Wpns Law Violation
4118,80-14-070640,Wpns Law Violation
4119,80-14-080458,Wpns Law Violation
4120,80-14-086303,Wpns Law Violation
4121,80-14-086303,Wpns Law Violation
4122,80-14-087843,Stolen Property
4123,80-14-097456,Aggravated Assault
4124,80-14-097456,Aggravated Assault
4125,80-14-097456,Aggravated Assault
4126,80-15-010311,Robbery
4127,80-15-020401,Wpns Law Violation
4128,80-15-020401,Wpns Law Violation
4129,80-15-020624,Wpns Law Violation
4130,80-10-038949,Narcotics
4131,80-13-081413,Narcotics
4132,80-12-026733,Narcotics
4133,80-15-095709,Robbery
4134,80-11-079829,Robbery
4135,80-12-017846,Aggravated Assault
4136,80-12-026733,Narcotics
4137,80-17-007103,Theft Other
4138,80-11-079961,Aggravated Assault
4139,80-17-004031,Narcotics
4140,80-12-098138,Wpns Law Violation
4141,80-17-001385,Robbery
4142,80-16-077248,Stolen Property
4143,80-12-078908,Narcotics
4144,80-12-078908,Narcotics
4145,80-12-078908,Narcotics
4146,80-16-106571,Narcotics
4147,80-16-106571,Narcotics
4148,80-16-106571,Narcotics
4149,80-16-106571,Narcotics
4150,80-16-106571,Narcotics
4151,80-16-106571,Narcotics
4152,80-16-111257,Narcotics
4153,80-13-029272,Narcotics
4154,80-14-063864,Simple Assault
4155,80-12-036538,Narcotics
4156,80-14-092244,Burglary
4157,80-16-089881,Narcotics
4158,80-16-089881,Narcotics
4159,80-16-089881,Narcotics
4160,80-16-089881,Narcotics
4161,80-16-089881,Narcotics
4162,80-16-089881,Narcotics
4163,80-14-052572,Narcotics
4164,80-14-052572,Narcotics
4165,80-14-052572,Narcotics
4166,80-11-007370,Aggravated Assault
4167,80-16-054802,Narcotics
4168,80-16-050201,Wpns Law Violation
4169,80-16-050201,Wpns Law Violation
4170,80-16-054802,Narcotics
4171,80-14-065093,Wpns Law Violation
4172,80-12-036538,Narcotics
4173,80-13-018280,Aggravated Assault
4174,80-13-018280,Aggravated Assault
4175,80-12-063146,Wpns Law Violation
4176,80-12-063146,Wpns Law Violation
4177,80-10-057956,Wpns Law Violation
4178,80-15-088898,Narcotics
4179,80-15-088898,Narcotics
4180,80-15-088898,Narcotics
4181,80-15-088898,Narcotics
4182,80-15-088898,Narcotics
4183,80-14-069367,Narcotics
4184,80-12-030762,Aggravated Assault
4185,80-12-030762,Aggravated Assault
4186,80-12-030762,Aggravated Assault
4187,80-12-026224,Narcotics
4188,80-12-048362,Wpns Law Violation
4189,80-13-095259,Wpns Law Violation
4190,80-16-093198,Aggravated Assault
4191,80-14-067093,Narcotics
4192,80-17-005927,Wpns Law Violation
4193,80-16-104110,Wpns Law Violation
4194,80-17-003581,Wpns Law Violation
4195,80-11-061898,Family Offenses
4196,80-13-090474,Robbery
4197,80-17-001690,Wpns Law Violation
4198,80-10-058047,Narcotics
4199,80-17-006427,Aggravated Assault
4200,80-10-102865,Intimidation
4201,80-13-090474,Robbery
4202,80-16-088750,Aggravated Assault
4203,80-15-093099,Aggravated Assault
4204,80-14-056336,Burglary
4205,80-10-091417,Wpns Law Violation
4206,80-10-035634,Robbery
4207,80-10-094147,Aggravated Assault
4208,80-10-094147,Aggravated Assault
4209,80-15-039647,Wpns Law Violation
4210,80-11-008209,All Other Offenses
4211,80-16-063564,Burglary
4212,80-10-100871,Theft Other
4213,80-10-100871,Theft Other
4214,80-13-055805,Aggravated Assault
4215,80-13-055805,Aggravated Assault
4216,80-13-055805,Aggravated Assault
4217,80-14-007238,Narcotics
4218,80-16-002417,Wpns Law Violation
4219,80-10-101394,Wpns Law Violation
4220,80-13-077848,Wpns Law Violation
4221,80-13-077848,Wpns Law Violation
4222,80-13-056290,Wpns Law Violation
4223,80-13-004233,Stolen Property
4224,80-15-039647,Wpns Law Violation
4225,80-11-036193,Narcotics
4226,80-11-036193,Narcotics
4227,80-15-037908,Wpns Law Violation
4228,80-10-056606,Simple Assault
4229,80-11-001187,Aggravated Assault
4230,80-11-001187,Aggravated Assault
4231,80-16-006478,Wpns Law Violation
4232,80-11-005051,Narcotics
4233,80-16-005613,Wpns Law Violation
4234,80-15-069320,Narcotics
4235,80-10-038949,Narcotics
4236,80-14-067589,Wpns Law Violation
4237,80-10-040431,Wpns Law Violation
4238,80-13-001257,Wpns Law Violation
4239,80-13-086466,Robbery
4240,80-15-056225,Aggravated Assault
4241,80-12-041539,Stolen Property
4242,80-10-058047,Narcotics
4243,80-16-015049,Auto Theft
4244,80-17-006427,Aggravated Assault
4245,80-10-058047,Narcotics
4246,80-17-002365,Narcotics
4247,80-14-067093,Narcotics
4248,80-17-009394,Narcotics
4249,80-17-002365,Narcotics
4250,80-10-058047,Narcotics
4251,80-14-009662,Narcotics
4252,80-17-009394,Narcotics
4253,80-17-002365,Narcotics
4254,80-11-008744,Narcotics
4255,80-12-072159,Aggravated Assault
4256,80-17-009971,Intimidation
4257,80-12-079463,Wpns Law Violation
4258,80-14-026959,Aggravated Assault
4259,80-13-063120,Burglary
4260,80-15-021078,Robbery
4261,80-15-021078,Robbery
4262,80-15-024194,Wpns Law Violation
4263,80-15-032807,Wpns Law Violation
4264,80-15-032807,Wpns Law Violation
4265,80-15-038539,Aggravated Assault
4266,80-15-043290,Wpns Law Violation
4267,80-15-044105,Wpns Law Violation
4268,80-15-040958,All Other Offenses
4269,80-15-041709,Wpns Law Violation
4270,80-15-041709,Wpns Law Violation
4271,80-15-032161,Wpns Law Violation
4272,80-15-050921,Wpns Law Violation
4273,80-15-052745,Aggravated Assault
4274,80-15-091925,Fraud Credit Card/atm
4275,80-15-052615,Narcotics
4276,80-12-005836,Aggravated Assault
4277,80-13-096277,Aggravated Assault
4278,80-10-052022,Narcotics
4279,80-10-052022,Narcotics
4280,80-15-056258,Wpns Law Violation
4281,80-13-012977,Wpns Law Violation
4282,80-15-056942,Burglary
4283,80-12-095075,Wpns Law Violation
4284,80-13-047642,Narcotics
4285,80-15-085960,Wpns Law Violation
4286,80-13-051459,Theft Other
4287,80-13-012802,Narcotics
4288,80-10-033445,Wpns Law Violation
4289,80-10-075923,Aggravated Assault
4290,80-10-075923,Aggravated Assault
4291,80-10-075923,Aggravated Assault
4292,80-10-075923,Aggravated Assault
4293,80-10-075923,Aggravated Assault
4294,80-12-034346,Wpns Law Violation
4295,80-13-081413,Narcotics
4296,80-13-081413,Narcotics
4297,80-16-067048,Fraud
4298,80-17-010408,Simple Assault
4299,80-12-085025,Aggravated Assault
4300,80-16-067048,Fraud
4301,80-17-010215,Wpns Law Violation
4302,80-12-089443,Wpns Law Violation
4303,80-12-050371,Aggravated Assault
4304,80-17-010215,Wpns Law Violation
4305,80-13-025875,Aggravated Assault
4306,80-13-002971,Vandalism
4307,80-17-010769,Narcotics
4308,80-13-042020,Wpns Law Violation
4309,80-14-031382,Aggravated Assault
4310,80-17-010769,Narcotics
4311,80-13-049535,Vandalism
4312,80-12-034745,Wpns Law Violation
4313,80-17-012876,Narcotics
4314,80-17-013601,Narcotics
4315,80-17-013601,Narcotics
4316,80-17-013601,Narcotics
4317,80-17-013601,Narcotics
4318,80-17-004318,Wpns Law Violation
4319,80-10-037551,Burglary
4320,80-10-079964,Aggravated Assault
4321,80-10-079964,Aggravated Assault
4322,80-10-079964,Aggravated Assault
4323,80-11-063317,Wpns Law Violation
4324,80-11-028981,Robbery
4325,80-11-031968,Wpns Law Violation
4326,80-11-044472,Wpns Law Violation
4327,80-11-011983,Wpns Law Violation
4328,80-11-019654,Wpns Law Violation
4329,80-11-019654,Wpns Law Violation
4330,80-11-052368,Aggravated Assault
4331,80-11-099467,Aggravated Assault
4332,80-11-099467,Aggravated Assault
4333,80-11-099467,Aggravated Assault
4334,80-11-102181,Robbery
4335,80-11-102181,Robbery
4336,80-11-096914,Robbery
4337,80-12-031674,Burglary
4338,80-16-038776,Wpns Law Violation
4339,80-16-047534,Wpns Law Violation
4340,80-16-069522,Stolen Property
4341,80-16-077377,Stolen Property
4342,80-14-081602,Wpns Law Violation
4343,80-13-003644,Narcotics
4344,80-13-003644,Narcotics
4345,80-11-008744,Narcotics
4346,80-10-004819,Wpns Law Violation
4347,80-13-055332,Wpns Law Violation
4348,80-12-050371,Aggravated Assault
4349,80-13-059843,Robbery
4350,80-13-009933,Wpns Law Violation
4351,80-13-059843,Robbery
4352,80-13-067007,Narcotics
4353,80-13-081915,Wpns Law Violation
4354,80-13-081413,Narcotics
4355,80-13-081413,Narcotics
4356,80-13-087298,Wpns Law Violation
4357,80-13-089551,Narcotics
4358,80-13-089933,Stolen Property
4359,80-14-003686,Stolen Property
4360,80-14-005353,Aggravated Assault
4361,80-14-005353,Aggravated Assault
4362,80-14-016152,Aggravated Assault
4363,80-14-016152,Aggravated Assault
4364,80-14-050850,Intimidation
4365,80-14-049118,Wpns Law Violation
4366,80-16-028476,Stolen Property
4367,80-16-063866,Wpns Law Violation
4368,80-16-076142,Aggravated Assault
4369,80-16-072606,Aggravated Assault
4370,80-16-072606,Aggravated Assault
4371,80-16-072606,Aggravated Assault
4372,80-16-101135,Aggravated Assault
4373,80-16-101135,Aggravated Assault
4374,80-16-101135,Aggravated Assault
4375,80-13-003644,Narcotics
4376,80-13-003644,Narcotics
4377,80-17-004031,Narcotics
4378,80-17-004031,Narcotics
4379,80-12-094747,Wpns Law Violation
4380,80-12-094747,Wpns Law Violation
4381,80-15-065953,Stolen Property
4382,80-15-020604,Narcotics
4383,80-15-020381,Wpns Law Violation
4384,80-15-022966,Wpns Law Violation
4385,80-15-025779,Wpns Law Violation
4386,80-15-025475,Aggravated Assault
4387,80-15-025475,Aggravated Assault
4388,80-15-032180,Wpns Law Violation
4389,80-15-032744,Wpns Law Violation
4390,80-15-034113,Wpns Law Violation
4391,80-15-034113,Wpns Law Violation
4392,80-15-034438,Wpns Law Violation
4393,80-15-037147,Aggravated Assault
4394,80-15-041113,Narcotics
4395,80-15-041113,Narcotics
4396,80-15-043786,Aggravated Assault
4397,80-15-054709,Wpns Law Violation
4398,80-15-054393,Aggravated Assault
4399,80-15-090709,Robbery
4400,80-12-102887,Wpns Law Violation
4401,80-12-102887,Wpns Law Violation
4402,80-12-102887,Wpns Law Violation
4403,80-12-102887,Wpns Law Violation
4404,80-12-028416,Aggravated Assault
4405,80-13-042000,Wpns Law Violation
4406,80-13-080001,Wpns Law Violation
4407,80-14-030192,Wpns Law Violation
4408,80-15-058214,Wpns Law Violation
4409,80-11-029194,Wpns Law Violation
4410,80-15-027193,Robbery
4411,80-11-068853,Intimidation
4412,80-16-067899,Wpns Law Violation
4413,80-12-038574,Narcotics
4414,80-14-009126,Narcotics
4415,80-14-009126,Narcotics
4416,80-14-009126,Narcotics
4417,80-14-009126,Narcotics
4418,80-14-009126,Narcotics
4419,80-11-032779,Wpns Law Violation
4420,80-13-081609,Narcotics
4421,80-13-081609,Narcotics
4422,80-16-109023,Wpns Law Violation
4423,80-13-081609,Narcotics
4424,80-16-083714,Wpns Law Violation
4425,80-11-022186,Aggravated Assault
4426,80-11-068853,Intimidation
4427,80-11-017753,Theft Other
4428,80-15-088981,Wpns Law Violation
4429,80-10-075682,Narcotics
4430,80-10-075682,Narcotics
4431,80-16-062296,Robbery
4432,80-11-033335,Wpns Law Violation
4433,80-16-062296,Robbery
4434,80-11-000740,Narcotics
4435,80-11-000740,Narcotics
4436,80-11-000740,Narcotics
4437,80-11-000740,Narcotics
4438,80-11-000740,Narcotics
4439,80-11-000740,Narcotics
4440,80-11-000740,Narcotics
4441,80-16-096774,Stolen Property
4442,80-11-000740,Narcotics
4443,80-11-000740,Narcotics
4444,80-11-000740,Narcotics
4445,80-14-011222,Narcotics
4446,80-16-012378,Wpns Law Violation
4447,80-16-011377,Aggravated Assault
4448,80-12-032324,Aggravated Assault
4449,80-12-030399,Aggravated Assault
4450,80-13-040086,All Other Offenses
4451,80-12-031816,Aggravated Assault
4452,80-16-012943,Narcotics
4453,80-16-091364,Aggravated Assault
4454,80-15-103038,Bribery
4455,80-11-003369,Wpns Law Violation
4456,80-12-046214,Simple Assault
4457,80-15-092348,Narcotics
4458,80-13-069693,Narcotics
4459,80-13-067368,Aggravated Assault
4460,80-16-012943,Narcotics
4461,80-15-103038,Bribery
4462,80-15-092348,Narcotics
4463,80-14-045134,Narcotics
4464,80-13-049715,Wpns Law Violation
4465,80-14-015500,Aggravated Assault
4466,80-11-035907,Aggravated Assault
4467,80-12-036545,Narcotics
4468,80-12-036545,Narcotics
4469,80-12-036545,Narcotics
4470,80-12-079440,Aggravated Assault
4471,80-16-001242,Wpns Law Violation
4472,80-16-001242,Wpns Law Violation
4473,80-12-070349,Wpns Law Violation
4474,80-11-036505,Counterfeiting
4475,80-15-079125,Narcotics
4476,80-15-079125,Narcotics
4477,80-11-013674,Wpns Law Violation
4478,80-13-047039,Burglary
4479,80-10-062985,Narcotics
4480,80-11-027778,Burglary
4481,80-16-028341,Theft Other
4482,80-11-062615,Theft Other
4483,80-12-067452,Intimidation
4484,80-11-065850,Narcotics
4485,80-11-065850,Narcotics
4486,80-17-010371,Aggravated Assault
4487,80-13-044383,Wpns Law Violation
4488,80-16-027356,Wpns Law Violation
4489,80-14-025668,Auto Theft
4490,80-16-035868,Wpns Law Violation
4491,80-15-030635,Wpns Law Violation
4492,80-13-044612,Narcotics
4493,80-16-016626,Wpns Law Violation
4494,80-11-042042,Wpns Law Violation
4495,80-11-049457,Robbery
4496,80-16-012378,Wpns Law Violation
4497,80-12-040663,Wpns Law Violation
4498,80-14-045810,Wpns Law Violation
4499,80-13-098998,Wpns Law Violation
4500,80-13-098998,Wpns Law Violation
4501,80-16-064245,Wpns Law Violation
4502,80-16-064245,Wpns Law Violation
4503,80-11-060761,Aggravated Assault
4504,80-17-012098,Aggravated Assault
4505,80-16-105229,Aggravated Assault
4506,80-16-105229,Aggravated Assault
4507,80-16-105229,Aggravated Assault
4508,80-16-006610,Stolen Property
4509,80-12-102964,Wpns Law Violation
4510,80-12-102964,Wpns Law Violation
4511,80-12-018298,Intimidation
4512,80-15-029564,Intimidation
4513,80-16-062296,Robbery
4514,80-16-047879,Stolen Property
4515,80-15-027590,Wpns Law Violation
4516,80-11-024530,Wpns Law Violation
4517,80-10-084193,Wpns Law Violation
4518,80-16-101704,Narcotics
4519,80-14-045134,Narcotics
4520,80-16-088062,Burglary
4521,80-15-054505,Narcotics
4522,80-16-104222,Wpns Law Violation
4523,80-14-045134,Narcotics
4524,80-14-045134,Narcotics
4525,80-13-045271,Narcotics
4526,80-13-045271,Narcotics
4527,80-13-045271,Narcotics
4528,80-13-045271,Narcotics
4529,80-13-045271,Narcotics
4530,80-13-045271,Narcotics
4531,80-13-045271,Narcotics
4532,80-13-045271,Narcotics
4533,80-14-046715,Wpns Law Violation
4534,80-16-075101,Narcotics
4535,80-14-083740,Burglary
4536,80-14-083740,Burglary
4537,80-14-083740,Burglary
4538,80-14-093625,Wpns Law Violation
4539,80-14-093625,Wpns Law Violation
4540,80-15-105963,Narcotics
4541,80-13-059885,Wpns Law Violation
4542,80-13-071505,Narcotics
4543,80-11-058327,Narcotics
4544,80-11-058327,Narcotics
4545,80-11-058327,Narcotics
4546,80-11-058327,Narcotics
4547,80-11-063430,Wpns Law Violation
4548,80-12-047988,Wpns Law Violation
4549,80-14-020683,Narcotics
4550,80-17-001264,Wpns Law Violation
4551,80-17-001264,Wpns Law Violation
4552,80-12-061042,Narcotics
4553,80-12-061042,Narcotics
4554,80-16-014537,Narcotics
4555,80-17-011481,Narcotics
4556,80-12-010438,Aggravated Assault
4557,80-15-047486,Wpns Law Violation
4558,80-12-000915,Aggravated Assault
4559,80-12-000915,Aggravated Assault
4560,80-12-010438,Aggravated Assault
4561,80-11-052638,Narcotics
4562,80-16-083590,Stolen Property
4563,80-15-068068,Aggravated Assault
4564,80-16-090159,Wpns Law Violation
4565,80-12-022464,Aggravated Assault
4566,80-11-037399,Aggravated Assault
4567,80-11-037399,Aggravated Assault
4568,80-15-061271,Narcotics
4569,80-12-067452,Intimidation
4570,80-16-088062,Burglary
4571,80-11-073650,Narcotics
4572,80-11-073650,Narcotics
4573,80-11-073650,Narcotics
4574,80-11-073650,Narcotics
4575,80-11-073650,Narcotics
4576,80-13-041881,Narcotics
4577,80-13-041881,Narcotics
4578,80-15-052708,Wpns Law Violation
4579,80-16-035917,Narcotics
4580,80-16-035917,Narcotics
4581,80-16-035917,Narcotics
4582,80-12-006028,Wpns Law Violation
4583,80-16-076418,Wpns Law Violation
4584,80-16-076418,Wpns Law Violation
4585,80-16-076418,Wpns Law Violation
4586,80-11-071335,Wpns Law Violation
4587,80-15-056599,Aggravated Assault
4588,80-16-089319,Wpns Law Violation
4589,80-11-036193,Narcotics
4590,80-13-028656,Aggravated Assault
4591,80-11-009630,Narcotics
4592,80-14-046551,Vandalism
4593,80-15-060276,Burglary
4594,80-12-036440,Stolen Property
4595,80-13-081045,Narcotics
4596,80-14-079011,Wpns Law Violation
4597,80-17-002570,Wpns Law Violation
4598,80-17-005736,Narcotics
4599,80-11-101788,Narcotics
4600,80-16-076418,Wpns Law Violation
4601,80-16-076418,Wpns Law Violation
4602,80-16-076418,Wpns Law Violation
4603,80-15-073206,Aggravated Assault
4604,80-11-091052,Narcotics
4605,80-15-018574,Stolen Property
4606,80-15-022970,Narcotics
4607,80-15-022970,Narcotics
4608,80-15-022970,Narcotics
4609,80-11-091052,Narcotics
4610,80-12-098065,Narcotics
4611,80-11-023964,Wpns Law Violation
4612,80-11-023964,Wpns Law Violation
4613,80-10-090002,Stolen Property
4614,80-10-062985,Narcotics
4615,80-10-062985,Narcotics
4616,80-15-025379,Wpns Law Violation
4617,80-15-025379,Wpns Law Violation
4618,80-13-067435,Narcotics
4619,80-16-101704,Narcotics
4620,80-10-020884,Narcotics
4621,80-10-020884,Narcotics
4622,80-13-099948,Wpns Law Violation
4623,80-16-101704,Narcotics
4624,80-11-097647,Wpns Law Violation
4625,80-10-098845,Wpns Law Violation
4626,80-16-063382,Aggravated Assault
4627,80-16-053537,Wpns Law Violation
4628,80-15-024708,Wpns Law Violation
4629,80-11-023785,Wpns Law Violation
4630,80-11-051789,Aggravated Assault
4631,80-12-081058,Wpns Law Violation
4632,80-16-043222,Aggravated Assault
4633,80-12-087714,Aggravated Assault
4634,80-16-063213,Narcotics
4635,80-15-048920,Wpns Law Violation
4636,80-13-045472,Narcotics
4637,80-16-090159,Wpns Law Violation
4638,80-16-054708,Wpns Law Violation
4639,80-12-044709,Narcotics
4640,80-12-044709,Narcotics
4641,80-16-026353,Robbery
4642,80-16-026353,Robbery
4643,80-15-089077,Wpns Law Violation
4644,80-15-053626,Aggravated Assault
4645,80-15-053626,Aggravated Assault
4646,80-15-053626,Aggravated Assault
4647,80-15-053626,Aggravated Assault
4648,80-15-053626,Aggravated Assault
4649,80-15-053626,Aggravated Assault
4650,80-15-053626,Aggravated Assault
4651,80-13-040206,Wpns Law Violation
4652,80-13-029201,Narcotics
4653,80-13-040362,Aggravated Assault
4654,80-12-062539,Aggravated Assault
4655,80-17-012491,Stolen Property
4656,80-16-030540,Wpns Law Violation
4657,80-15-086975,Wpns Law Violation
4658,80-14-073299,Wpns Law Violation
4659,80-10-101174,Wpns Law Violation
4660,80-10-101174,Wpns Law Violation
4661,80-10-055015,Wpns Law Violation
4662,80-10-094543,Aggravated Assault
4663,80-11-000084,Robbery
4664,80-16-055038,Wpns Law Violation
4665,80-15-004373,Wpns Law Violation
4666,80-12-096700,Wpns Law Violation
4667,80-10-052770,Aggravated Assault
4668,80-10-052770,Aggravated Assault
4669,80-10-052770,Aggravated Assault
4670,80-11-010143,Wpns Law Violation
4671,80-12-004877,Wpns Law Violation
4672,80-10-049308,Narcotics
4673,80-16-015923,Wpns Law Violation
4674,80-16-015923,Wpns Law Violation
4675,80-12-098065,Narcotics
4676,80-10-083079,Wpns Law Violation
4677,80-15-070842,Simple Assault
4678,80-11-033980,All Other Offenses
4679,80-11-033980,All Other Offenses
4680,80-16-023180,Wpns Law Violation
4681,80-16-103050,Aggravated Assault
4682,80-16-023180,Wpns Law Violation
4683,80-10-093875,Wpns Law Violation
4684,80-11-091127,Wpns Law Violation
4685,80-12-087512,Wpns Law Violation
4686,80-12-066938,Robbery
4687,80-16-063213,Narcotics
4688,80-13-087263,Wpns Law Violation
4689,80-16-098917,Narcotics
4690,80-13-087263,Wpns Law Violation
4691,80-15-040450,Robbery
4692,80-13-079651,Wpns Law Violation
4693,80-13-088680,Aggravated Assault
4694,80-10-002102,Burglary
4695,80-15-060270,Stolen Property
4696,80-16-103041,Simple Assault
4697,80-16-103041,Simple Assault
4698,80-16-103041,Simple Assault
4699,80-16-103041,Simple Assault
4700,80-16-103041,Simple Assault
4701,80-16-103041,Simple Assault
4702,80-16-103041,Simple Assault
4703,80-16-103041,Simple Assault
4704,80-16-103041,Simple Assault
4705,80-16-109420,Aggravated Assault
4706,80-10-095181,Wpns Law Violation
4707,80-10-084709,Robbery
4708,80-15-096102,Narcotics
4709,80-10-049308,Narcotics
4710,80-14-062401,Aggravated Assault
4711,80-14-100699,Stolen Property
4712,80-11-063772,Aggravated Assault
4713,80-14-021610,Shoplifting
4714,80-10-020884,Narcotics
4715,80-15-106319,Stolen Property
4716,80-11-028479,Aggravated Assault
4717,80-16-099192,Narcotics
4718,80-12-067343,Narcotics
4719,80-15-053626,Aggravated Assault
4720,80-12-055689,Narcotics Equip
4721,80-17-013639,Wpns Law Violation
4722,80-17-013639,Wpns Law Violation
4723,80-14-027029,Aggravated Assault
4724,80-14-027029,Aggravated Assault
4725,80-14-027029,Aggravated Assault
4726,80-16-036291,Narcotics
4727,80-13-051041,Narcotics
4728,80-13-051041,Narcotics
4729,80-13-051041,Narcotics
4730,80-13-051041,Narcotics
4731,80-12-066938,Robbery
4732,80-12-000014,Wpns Law Violation
4733,80-16-030442,Aggravated Assault
4734,80-16-030442,Aggravated Assault
4735,80-12-001771,Robbery
4736,80-12-001771,Robbery
4737,80-12-001771,Robbery
4738,80-12-001771,Robbery
4739,80-12-001771,Robbery
4740,80-10-063020,Wpns Law Violation
4741,80-10-054998,Wpns Law Violation
4742,80-15-055401,Wpns Law Violation
4743,80-14-052206,Narcotics
4744,80-14-052206,Narcotics
4745,80-16-070110,Narcotics
4746,80-16-070110,Narcotics
4747,80-16-070110,Narcotics
4748,80-16-070110,Narcotics
4749,80-15-040450,Robbery
4750,80-10-096029,Aggravated Assault
4751,80-10-050291,Wpns Law Violation
4752,80-14-002031,Aggravated Assault
4753,80-12-084527,Narcotics
4754,80-12-084527,Narcotics
4755,80-11-047932,Simple Assault
4756,80-11-029936,Narcotics
4757,80-11-029936,Narcotics
4758,80-13-096277,Aggravated Assault
4759,80-15-056258,Wpns Law Violation
4760,80-10-093875,Wpns Law Violation
4761,80-13-044612,Narcotics
4762,80-10-073840,Wpns Law Violation
4763,80-11-044762,Wpns Law Violation
4764,80-14-042720,Wpns Law Violation
4765,80-12-063942,Wpns Law Violation
4766,80-10-075923,Aggravated Assault
4767,80-17-007159,Narcotics
4768,80-17-007159,Narcotics
4769,80-17-007159,Narcotics
4770,80-17-007159,Narcotics
4771,80-17-007159,Narcotics
4772,80-17-002570,Wpns Law Violation
4773,80-15-067658,Wpns Law Violation
4774,80-11-101788,Narcotics
4775,80-15-063541,Stolen Property
4776,80-11-038501,Burglary
4777,80-11-010488,Narcotics
4778,80-11-010488,Narcotics
4779,80-11-011682,Narcotics
4780,80-15-054776,Narcotics
4781,80-15-054776,Narcotics
4782,80-15-054776,Narcotics
4783,80-15-054776,Narcotics
4784,80-15-054776,Narcotics
4785,80-15-054776,Narcotics
4786,80-14-051223,Robbery
4787,80-14-051223,Robbery
4788,80-14-051223,Robbery
4789,80-14-032360,Stolen Property
4790,80-11-028479,Aggravated Assault
4791,80-12-095235,Narcotics
4792,80-11-057130,Narcotics
4793,80-11-057130,Narcotics
4794,80-10-037515,Narcotics
4795,80-10-040571,Wpns Law Violation
4796,80-14-047055,Narcotics
4797,80-14-047055,Narcotics
4798,80-12-003161,Wpns Law Violation
4799,80-15-079125,Narcotics
4800,80-14-081819,Wpns Law Violation
4801,80-15-047689,Wpns Law Violation
4802,80-16-034503,Wpns Law Violation
4803,80-15-050342,Aggravated Assault
4804,80-15-051656,Wpns Law Violation
4805,80-17-014610,Wpns Law Violation
4806,80-14-068027,Aggravated Assault
4807,80-13-091931,Robbery
4808,80-13-033236,Narcotics
4809,80-16-102088,Narcotics
4810,80-16-102088,Narcotics
4811,80-13-051266,Narcotics
4812,80-13-051266,Narcotics
4813,80-13-051266,Narcotics
4814,80-13-051266,Narcotics
4815,80-16-037543,Stolen Property
4816,80-12-017625,Narcotics
4817,80-11-050068,Wpns Law Violation
4818,80-14-052493,Narcotics
4819,80-13-086140,Simple Assault
4820,80-10-043941,Wpns Law Violation
4821,80-12-024658,Narcotics
4822,80-14-055474,Wpns Law Violation
4823,80-12-031232,Shoplifting
4824,80-12-069239,Narcotics
4825,80-12-069239,Narcotics
4826,80-12-069239,Narcotics
4827,80-12-069239,Narcotics
4828,80-16-027967,Wpns Law Violation
4829,80-16-027967,Wpns Law Violation
4830,80-16-089881,Narcotics
4831,80-16-089881,Narcotics
4832,80-16-089881,Narcotics
4833,80-16-089881,Narcotics
4834,80-16-089881,Narcotics
4835,80-16-089881,Narcotics
4836,80-15-001444,Narcotics
4837,80-16-065127,Narcotics
4838,80-11-043862,Aggravated Assault
4839,80-13-087052,Narcotics
4840,80-11-009159,Narcotics
4841,80-11-009159,Narcotics
4842,80-11-009159,Narcotics
4843,80-13-087052,Narcotics
4844,80-13-087052,Narcotics
4845,80-16-085012,Narcotics
4846,80-13-087052,Narcotics
4847,80-10-008651,Wpns Law Violation
4848,80-10-023820,Wpns Law Violation
4849,80-13-087052,Narcotics
4850,80-16-028476,Stolen Property
4851,80-13-087052,Narcotics
4852,80-14-073616,Wpns Law Violation
4853,80-16-081303,Wpns Law Violation
4854,80-17-002365,Narcotics
4855,80-16-072288,Vandalism
4856,80-13-015545,Aggravated Assault
4857,80-16-102285,Wpns Law Violation
4858,80-12-034969,Wpns Law Violation
4859,80-12-034969,Wpns Law Violation
4860,80-12-034969,Wpns Law Violation
4861,80-16-073413,Aggravated Assault
4862,80-11-005586,Burglary
4863,80-10-016863,Wpns Law Violation
4864,80-13-009265,Narcotics
4865,80-10-004293,Narcotics
4866,80-10-003061,Robbery
4867,80-10-003061,Robbery
4868,80-15-023278,Narcotics
4869,80-15-023278,Narcotics
4870,80-15-023278,Narcotics
4871,80-15-023278,Narcotics
4872,80-15-023278,Narcotics
4873,80-15-021881,Wpns Law Violation
4874,80-15-022943,Wpns Law Violation
4875,80-15-029535,Wpns Law Violation
4876,80-15-030343,Aggravated Assault
4877,80-15-035713,Narcotics
4878,80-13-015545,Aggravated Assault
4879,80-12-005790,Wpns Law Violation
4880,80-17-002365,Narcotics
4881,80-10-087737,Counterfeiting
4882,80-15-030021,Robbery
4883,80-13-087052,Narcotics
4884,80-15-035713,Narcotics
4885,80-15-036654,Wpns Law Violation
4886,80-15-036951,Narcotics
4887,80-15-036951,Narcotics
4888,80-15-035713,Narcotics
4889,80-15-042280,Narcotics
4890,80-15-048314,Wpns Law Violation
4891,80-15-049256,Wpns Law Violation
4892,80-15-042653,Burglary
4893,80-15-050979,Wpns Law Violation
4894,80-15-051165,Wpns Law Violation
4895,80-15-060952,Narcotics
4896,80-15-060952,Narcotics
4897,80-15-079490,Theft Other
4898,80-15-083800,Aggravated Assault
4899,80-15-083800,Aggravated Assault
4900,80-10-032350,Robbery
4901,80-10-072057,Aggravated Assault
4902,80-10-072057,Aggravated Assault
4903,80-10-037551,Burglary
4904,80-10-037580,Robbery
4905,80-10-037580,Robbery
4906,80-10-037580,Robbery
4907,80-10-050884,Burglary
4908,80-10-050884,Burglary
4909,80-11-004841,Robbery
4910,80-11-004841,Robbery
4911,80-11-004841,Robbery
4912,80-15-093771,Stolen Property
4913,80-12-004356,Narcotics
4914,80-12-004356,Narcotics
4915,80-15-058392,Wpns Law Violation
4916,80-15-058392,Wpns Law Violation
4917,80-11-005480,Narcotics
4918,80-13-087052,Narcotics
4919,80-11-005480,Narcotics
4920,80-11-031966,Narcotics
4921,80-14-024545,Aggravated Assault
4922,80-15-095553,Wpns Law Violation
4923,80-13-063306,Aggravated Assault
4924,80-13-063306,Aggravated Assault
4925,80-17-002104,Wpns Law Violation
4926,80-13-064406,Intimidation
4927,80-13-064406,Intimidation
4928,80-15-053803,Robbery
4929,80-09-098505,Aggravated Assault
4930,80-15-057574,Wpns Law Violation
4931,80-14-075737,Narcotics
4932,80-14-075737,Narcotics
4933,80-16-064214,Narcotics
4934,80-11-084511,Narcotics
4935,80-11-084511,Narcotics
4936,80-13-015545,Aggravated Assault
4937,80-14-060827,Wpns Law Violation
4938,80-12-033923,Narcotics
4939,80-15-063767,Wpns Law Violation
4940,80-14-012531,Aggravated Assault
4941,80-11-015977,Wpns Law Violation
4942,80-17-002365,Narcotics
4943,80-12-087738,Wpns Law Violation
4944,80-12-069033,Wpns Law Violation
4945,80-13-012519,Narcotics
4946,80-10-073314,Robbery
4947,80-15-049278,Robbery
4948,80-13-012519,Narcotics
4949,80-16-069650,Stolen Property
4950,80-16-069650,Stolen Property
4951,80-13-018034,Robbery
4952,80-16-102205,Theft Fr Veh
4953,80-16-102205,Theft Fr Veh
4954,80-14-089098,Robbery
4955,80-15-001618,Narcotics
4956,80-15-001618,Narcotics
4957,80-11-105865,Burglary
4958,80-15-104502,Wpns Law Violation
4959,80-15-104502,Wpns Law Violation
4960,80-15-006115,Wpns Law Violation
4961,80-16-015269,Wpns Law Violation
4962,80-12-014592,Wpns Law Violation
4963,80-13-015545,Aggravated Assault
4964,80-13-015545,Aggravated Assault
4965,80-13-015545,Aggravated Assault
4966,80-13-088210,Wpns Law Violation
4967,80-10-096489,Narcotics
4968,80-10-016511,Wpns Law Violation
4969,80-15-061826,Wpns Law Violation
4970,80-17-012793,Wpns Law Violation
4971,80-10-053891,Wpns Law Violation
4972,80-13-088210,Wpns Law Violation
4973,80-14-077460,Aggravated Assault
4974,80-16-111325,Aggravated Assault
4975,80-16-012377,Narcotics
4976,80-16-109029,Stolen Property
4977,80-12-022248,Aggravated Assault
4978,80-13-088210,Wpns Law Violation
4979,80-17-002061,Aggravated Assault
4980,80-16-012377,Narcotics
4981,80-13-004808,Narcotics
4982,80-14-025140,Stolen Property
4983,80-13-088210,Wpns Law Violation
4984,80-12-030088,Burglary
4985,80-11-035915,Narcotics
4986,80-11-035915,Narcotics
4987,80-14-028259,Burglary
4988,80-13-073986,Narcotics
4989,80-13-073986,Narcotics
4990,80-11-029202,Narcotics
4991,80-14-052572,Narcotics
4992,80-14-052572,Narcotics
4993,80-14-052572,Narcotics
4994,80-15-008031,Wpns Law Violation
4995,80-16-076601,Aggravated Assault
4996,80-15-017939,Aggravated Assault
4997,80-16-064237,Wpns Law Violation
4998,80-16-064237,Wpns Law Violation
4999,80-15-018853,Aggravated Assault
5000,80-16-024593,Aggravated Assault
5001,80-16-108688,Intimidation
5002,80-16-108688,Intimidation
5003,80-16-108688,Intimidation
5004,80-16-055073,Robbery
5005,80-16-063564,Burglary
5006,80-15-044408,Wpns Law Violation
5007,80-16-075049,Robbery
5008,80-11-029202,Narcotics
5009,80-11-016482,Wpns Law Violation
5010,80-11-106042,Aggravated Assault
5011,80-11-001776,Aggravated Assault
5012,80-14-020215,Wpns Law Violation
5013,80-10-064692,Aggravated Assault
5014,80-14-064145,Narcotics Equip
5015,80-13-015965,Wpns Law Violation
5016,80-11-072246,Narcotics
5017,80-11-072246,Narcotics
5018,80-15-060876,Wpns Law Violation
5019,80-16-067128,Forcible Rape
5020,80-16-035638,Wpns Law Violation
5021,80-11-084277,Wpns Law Violation
5022,80-16-075049,Robbery
5023,80-15-050342,Aggravated Assault
5024,80-17-006070,Narcotics
5025,80-17-006070,Narcotics
5026,80-13-004808,Narcotics
5027,80-15-001618,Narcotics
5028,80-14-013516,Narcotics
5029,80-13-018034,Robbery
5030,80-13-024800,Robbery
5031,80-16-110645,Wpns Law Violation
5032,80-15-066492,Wpns Law Violation
5033,80-15-015477,Narcotics
5034,80-15-022439,Wpns Law Violation
5035,80-15-017939,Aggravated Assault
5036,80-15-017939,Aggravated Assault
5037,80-15-017939,Aggravated Assault
5038,80-15-017939,Aggravated Assault
5039,80-13-054334,Theft Fr Veh
5040,80-15-038918,Wpns Law Violation
5041,80-10-068641,Narcotics
5042,80-10-068641,Narcotics
5043,80-11-059577,Wpns Law Violation
5044,80-12-000032,Wpns Law Violation
5045,80-15-028715,Forcible Rape
5046,80-16-087608,Narcotics
5047,80-16-035985,Wpns Law Violation
5048,80-13-023207,Stolen Property
5049,80-13-007844,Wpns Law Violation
5050,80-13-041947,Narcotics
5051,80-15-097961,Wpns Law Violation
5052,80-13-091931,Robbery
5053,80-17-003780,Wpns Law Violation
5054,80-17-006427,Aggravated Assault
5055,80-10-004503,Aggravated Assault
5056,80-16-012377,Narcotics
5057,80-14-087994,Wpns Law Violation
5058,80-14-000975,Aggravated Assault
5059,80-14-000975,Aggravated Assault
5060,80-14-000975,Aggravated Assault
5061,80-16-037230,Robbery
5062,80-15-028658,Simple Assault
5063,80-14-050855,Narcotics
5064,80-14-050855,Narcotics
5065,80-14-076025,Aggravated Assault
5066,80-14-015952,Burglary
5067,80-14-065699,Theft Other
5068,80-13-008196,Robbery
5069,80-17-009273,Wpns Law Violation
5070,80-15-055670,Wpns Law Violation
5071,80-14-081819,Wpns Law Violation
5072,80-14-081819,Wpns Law Violation
5073,80-17-006427,Aggravated Assault
5074,80-17-006427,Aggravated Assault
5075,80-17-006427,Aggravated Assault
5076,80-15-105022,Aggravated Assault
5077,80-15-059524,Wpns Law Violation
5078,80-15-059524,Wpns Law Violation
5079,80-11-058273,Robbery
5080,80-15-048195,Stolen Property
5081,80-13-005139,Narcotics
5082,80-13-005139,Narcotics
5083,80-16-012377,Narcotics
5084,80-13-096307,Wpns Law Violation
5085,80-16-106571,Narcotics
5086,80-16-106571,Narcotics
5087,80-16-106571,Narcotics
5088,80-14-037446,Wpns Law Violation
5089,80-16-106571,Narcotics
5090,80-16-106571,Narcotics
5091,80-16-106571,Narcotics
5092,80-10-036141,Aggravated Assault
5093,80-14-061630,Family Offenses
5094,80-15-085835,Wpns Law Violation
5095,80-10-085287,Narcotics
5096,80-10-016863,Wpns Law Violation
5097,80-10-016863,Wpns Law Violation
5098,80-15-059392,Narcotics
5099,80-16-046936,Stolen Property
5100,80-13-051347,Narcotics
5101,80-12-027561,Aggravated Assault
5102,80-11-084159,Vandalism
5103,80-16-109160,Stolen Property
5104,80-16-031684,Wpns Law Violation
5105,80-10-080128,Narcotics
5106,80-17-008918,Wpns Law Violation
5107,80-17-010122,Wpns Law Violation
5108,80-17-005736,Narcotics
5109,80-15-106757,Burglary
5110,80-16-022236,Aggravated Assault
5111,80-16-033308,All Other Offenses
5112,80-16-043845,Accidental Shooting
5113,80-16-055112,Stolen Property
5114,80-16-067279,Aggravated Assault
5115,80-16-079112,Aggravated Assault
5116,80-16-079795,Wpns Law Violation
5117,80-16-087626,Wpns Law Violation
5118,80-15-035713,Narcotics
5119,80-15-035713,Narcotics
5120,80-15-035713,Narcotics
5121,80-16-085272,Robbery
5122,80-16-085272,Robbery
5123,80-15-027428,Wpns Law Violation
5124,80-16-012377,Narcotics
5125,80-15-027428,Wpns Law Violation
5126,80-17-003774,Aggravated Assault
5127,80-17-011680,Narcotics
5128,80-14-031450,Aggravated Assault
5129,80-14-031450,Aggravated Assault
5130,80-14-045551,Simple Assault
5131,80-14-067986,Aggravated Assault
5132,80-14-067986,Aggravated Assault
5133,80-14-065309,Wpns Law Violation
5134,80-14-081473,Stolen Property
5135,80-13-062660,Aggravated Assault
5136,80-16-025780,Aggravated Assault
5137,80-16-026933,Robbery
5138,80-16-065127,Narcotics
5139,80-16-037159,Robbery
5140,80-13-007996,Narcotics
5141,80-13-007996,Narcotics
5142,80-16-047576,Simple Assault
5143,80-16-108688,Intimidation
5144,80-16-055073,Robbery
5145,80-14-019221,Aggravated Assault
5146,80-17-000261,Wpns Law Violation
5147,80-17-008918,Wpns Law Violation
5148,80-17-010698,Wpns Law Violation
5149,80-15-007971,Wpns Law Violation
5150,80-15-007971,Wpns Law Violation
5151,80-15-010743,Wpns Law Violation
5152,80-15-015469,Wpns Law Violation
5153,80-15-010902,Robbery
5154,80-15-010902,Robbery
5155,80-11-046579,Narcotics
5156,80-11-046579,Narcotics
5157,80-10-014876,Fraud Impersonation
5158,80-10-097841,Aggravated Assault
5159,80-11-094999,Narcotics
5160,80-16-012377,Narcotics
5161,80-14-022618,Narcotics
5162,80-15-036306,Wpns Law Violation
5163,80-15-056077,Wpns Law Violation
5164,80-10-087165,Aggravated Assault
5165,80-10-087165,Aggravated Assault
5166,80-10-087165,Aggravated Assault
5167,80-10-087165,Aggravated Assault
5168,80-10-087165,Aggravated Assault
5169,80-10-087165,Aggravated Assault
5170,80-10-087165,Aggravated Assault
5171,80-10-087165,Aggravated Assault
5172,80-10-087165,Aggravated Assault
5173,80-10-087165,Aggravated Assault
5174,80-10-087165,Aggravated Assault
5175,80-10-087165,Aggravated Assault
5176,80-10-087165,Aggravated Assault
5177,80-10-087165,Aggravated Assault
5178,80-10-087165,Aggravated Assault
5179,80-10-087165,Aggravated Assault
5180,80-11-015876,Wpns Law Violation
5181,80-16-098281,Stolen Property
5182,80-16-098281,Stolen Property
5183,80-12-077821,Robbery
5184,80-13-096545,Wpns Law Violation
5185,80-17-001054,Theft Fr Veh
5186,80-17-001054,Theft Fr Veh
5187,80-12-079679,Aggravated Assault
5188,80-12-059209,Wpns Law Violation
5189,80-12-079925,Aggravated Assault
5190,80-16-007269,Wpns Law Violation
5191,80-16-007269,Wpns Law Violation
5192,80-14-047055,Narcotics
5193,80-15-075237,Narcotics
5194,80-14-012654,Narcotics
5195,80-13-013425,Wpns Law Violation
5196,80-13-013425,Wpns Law Violation
5197,80-16-092701,Wpns Law Violation
5198,80-14-011222,Narcotics
5199,80-12-081096,Stolen Property
5200,80-12-028320,Wpns Law Violation
5201,80-12-028320,Wpns Law Violation
5202,80-17-002739,Narcotics
5203,80-17-002739,Narcotics
5204,80-17-002739,Narcotics
5205,80-17-002739,Narcotics
5206,80-12-004368,Wpns Law Violation
5207,80-12-012769,Wpns Law Violation
5208,80-12-012769,Wpns Law Violation
5209,80-14-035465,Wpns Law Violation
5210,80-11-097348,Wpns Law Violation
5211,80-14-061587,Aggravated Assault
5212,80-11-097647,Wpns Law Violation
5213,80-10-093009,Stolen Property
5214,80-10-093009,Stolen Property
5215,80-10-093009,Stolen Property
5216,80-10-093009,Stolen Property
5217,80-17-003909,Family Offenses
5218,80-13-062101,Burglary
5219,80-16-042296,Narcotics
5220,80-14-029172,Narcotics
5221,80-14-029172,Narcotics
5222,80-16-030442,Aggravated Assault
5223,80-12-075796,Aggravated Assault
5224,80-16-026068,Disorderly Conduct
5225,80-11-029998,Aggravated Assault
5226,80-16-092598,Narcotics
5227,80-13-016102,Narcotics
5228,80-11-072246,Narcotics
5229,80-10-054792,Wpns Law Violation
5230,80-10-054097,Aggravated Assault
5231,80-16-032213,Narcotics
5232,80-11-021077,Narcotics
5233,80-10-054097,Aggravated Assault
5234,80-10-097841,Aggravated Assault
5235,80-10-058047,Narcotics
5236,80-10-058047,Narcotics
5237,80-10-058047,Narcotics
5238,80-10-058047,Narcotics
5239,80-10-058047,Narcotics
5240,80-10-058047,Narcotics
5241,80-11-004065,Vandalism
5242,80-12-024497,Wpns Law Violation
5243,80-14-051432,Wpns Law Violation
5244,80-16-030442,Aggravated Assault
5245,80-16-030442,Aggravated Assault
5246,80-12-089067,Narcotics
5247,80-12-089067,Narcotics
5248,80-12-089067,Narcotics
5249,80-12-067188,Wpns Law Violation
5250,80-15-054728,Wpns Law Violation
5251,80-13-087287,Narcotics
5252,80-15-044100,Wpns Law Violation
5253,80-14-073570,Aggravated Assault
5254,80-13-087287,Narcotics
5255,80-13-087287,Narcotics
5256,80-11-021359,Wpns Law Violation
5257,80-14-012247,Wpns Law Violation
5258,80-15-045410,Wpns Law Violation
5259,80-14-073570,Aggravated Assault
5260,80-16-070110,Narcotics
5261,80-11-021359,Wpns Law Violation
5262,80-12-010600,Narcotics
5263,80-11-029936,Narcotics
5264,80-12-066955,Narcotics
5265,80-10-084429,Wpns Law Violation
5266,80-15-057209,Wpns Law Violation
5267,80-11-029936,Narcotics
5268,80-10-046598,Aggravated Assault
5269,80-14-073570,Aggravated Assault
5270,80-10-086383,Aggravated Assault
5271,80-15-053173,Aggravated Assault
5272,80-11-029936,Narcotics
5273,80-16-032540,Theft Other
5274,80-14-073570,Aggravated Assault
5275,80-11-070255,Narcotics
5276,80-15-061300,Aggravated Assault
5277,80-15-061300,Aggravated Assault
5278,80-15-082737,Wpns Law Violation
5279,80-15-096084,Narcotics
5280,80-15-093576,Wpns Law Violation
5281,80-12-096744,Wpns Law Violation
5282,80-13-012176,Wpns Law Violation
5283,80-13-015563,Aggravated Assault
5284,80-13-028652,Stolen Property
5285,80-13-028652,Stolen Property
5286,80-13-050027,Aggravated Assault
5287,80-13-050172,Robbery
5288,80-13-050723,Narcotics
5289,80-13-053491,Stolen Property
5290,80-13-053491,Stolen Property
5291,80-13-058288,Wpns Law Violation
5292,80-13-061562,Aggravated Assault
5293,80-16-070110,Narcotics
5294,80-11-018928,All Other Offenses
5295,80-13-061562,Aggravated Assault
5296,80-13-064967,Wpns Law Violation
5297,80-13-081413,Narcotics
5298,80-13-081413,Narcotics
5299,80-13-084640,Narcotics
5300,80-13-084640,Narcotics
5301,80-13-084640,Narcotics
5302,80-13-087298,Wpns Law Violation
5303,80-13-089754,Wpns Law Violation
5304,80-14-005657,Robbery
5305,80-14-005657,Robbery
5306,80-14-001182,Wpns Law Violation
5307,80-14-002921,Aggravated Assault
5308,80-14-019438,Wpns Law Violation
5309,80-10-002570,Wpns Law Violation
5310,80-12-004368,Wpns Law Violation
5311,80-12-007696,Narcotics
5312,80-12-007696,Narcotics
5313,80-12-007696,Narcotics
5314,80-16-091366,Robbery
5315,80-12-022248,Aggravated Assault
5316,80-15-053015,Wpns Law Violation
5317,80-11-067710,Wpns Law Violation
5318,80-13-093741,Wpns Law Violation
5319,80-12-066955,Narcotics
5320,80-10-042048,Simple Assault
5321,80-15-054957,Counterfeiting
5322,80-10-032864,Narcotics
5323,80-10-094551,Aggravated Assault
5324,80-17-008372,Wpns Law Violation
5325,80-11-029936,Narcotics
5326,80-11-070255,Narcotics
5327,80-10-029313,Wpns Law Violation
5328,80-11-029936,Narcotics
5329,80-15-000883,Wpns Law Violation
5330,80-11-029936,Narcotics
5331,80-15-099889,Narcotics
5332,80-12-088281,Wpns Law Violation
5333,80-11-031306,Aggravated Assault
5334,80-10-091417,Wpns Law Violation
5335,80-16-070110,Narcotics
5336,80-12-088281,Wpns Law Violation
5337,80-13-033671,Theft Fr Veh
5338,80-10-028073,Wpns Law Violation
5339,80-10-028073,Wpns Law Violation
5340,80-14-016255,Wpns Law Violation
5341,80-11-029145,Aggravated Assault
5342,80-11-029145,Aggravated Assault
5343,80-11-029145,Aggravated Assault
5344,80-12-028891,Narcotics
5345,80-13-035888,Narcotics
5346,80-11-056936,Wpns Law Violation
5347,80-12-028891,Narcotics
5348,80-14-054190,Robbery
5349,80-14-069374,Narcotics
5350,80-14-069374,Narcotics
5351,80-14-069374,Narcotics
5352,80-14-067464,Robbery
5353,80-14-067464,Robbery
5354,80-10-102567,Wpns Law Violation
5355,80-10-079926,Wpns Law Violation
5356,80-14-067464,Robbery
5357,80-14-064473,Simple Assault
5358,80-14-064473,Simple Assault
5359,80-14-095518,Counterfeiting
5360,80-14-096227,Aggravated Assault
5361,80-15-014534,Narcotics
5362,80-15-023806,Aggravated Assault
5363,80-15-023806,Aggravated Assault
5364,80-15-023806,Aggravated Assault
5365,80-15-023806,Aggravated Assault
5366,80-15-023806,Aggravated Assault
5367,80-15-023806,Aggravated Assault
5368,80-15-023806,Aggravated Assault
5369,80-15-029278,Aggravated Assault
5370,80-15-034775,Aggravated Assault
5371,80-15-035713,Narcotics
5372,80-15-035713,Narcotics
5373,80-15-035713,Narcotics
5374,80-15-036646,Narcotics
5375,80-15-037891,Aggravated Assault
5376,80-15-036277,Wpns Law Violation
5377,80-15-040958,All Other Offenses
5378,80-15-039914,Wpns Law Violation
5379,80-15-041691,Wpns Law Violation
5380,80-15-041691,Wpns Law Violation
5381,80-15-031881,Wpns Law Violation
5382,80-11-029998,Aggravated Assault
5383,80-16-070110,Narcotics
5384,80-10-102635,Wpns Law Violation
5385,80-11-031306,Aggravated Assault
5386,80-15-037908,Wpns Law Violation
5387,80-11-031306,Aggravated Assault
5388,80-14-069087,Wpns Law Violation
5389,80-10-065579,Narcotics
5390,80-15-022422,Aggravated Assault
5391,80-11-044472,Wpns Law Violation
5392,80-14-044447,Narcotics
5393,80-16-091591,Wpns Law Violation
5394,80-10-065579,Narcotics
5395,80-11-067457,Aggravated Assault
5396,80-11-065524,Theft Other
5397,80-11-087101,All Other Offenses
5398,80-11-082095,Wpns Law Violation
5399,80-11-082095,Wpns Law Violation
5400,80-12-014084,Aggravated Assault
5401,80-16-002945,Aggravated Assault
5402,80-16-014248,Narcotics
5403,80-16-010484,Simple Assault
5404,80-16-016400,Stolen Property
5405,80-16-023445,Accidental Shooting
5406,80-16-065758,Injured Person Report
5407,80-16-055112,Stolen Property
5408,80-16-097677,Wpns Law Violation
5409,80-16-097677,Wpns Law Violation
5410,80-10-003061,Robbery
5411,80-10-003061,Robbery
5412,80-10-003061,Robbery
5413,80-10-003061,Robbery
5414,80-11-010000,Aggravated Assault
5415,80-12-069819,Wpns Law Violation
5416,80-10-043368,Wpns Law Violation
5417,80-15-099889,Narcotics
5418,80-11-043829,Wpns Law Violation
5419,80-10-027197,Robbery
5420,80-10-027197,Robbery
5421,80-16-101135,Aggravated Assault
5422,80-16-101135,Aggravated Assault
5423,80-16-101135,Aggravated Assault
5424,80-16-101135,Aggravated Assault
5425,80-16-106970,Wpns Law Violation
5426,80-17-011680,Narcotics
5427,80-17-010681,Wpns Law Violation
5428,80-14-035121,Stolen Property
5429,80-14-050993,Wpns Law Violation
5430,80-14-058782,Aggravated Assault
5431,80-14-058782,Aggravated Assault
5432,80-14-058782,Aggravated Assault
5433,80-14-058782,Aggravated Assault
5434,80-14-058782,Aggravated Assault
5435,80-14-058782,Aggravated Assault
5436,80-10-086383,Aggravated Assault
5437,80-12-057146,Aggravated Assault
5438,80-10-065579,Narcotics
5439,80-11-031716,Narcotics
5440,80-10-065579,Narcotics
5441,80-11-105746,All Other Offenses
5442,80-15-016978,Robbery
5443,80-10-091196,Narcotics Equip
5444,80-10-083927,Wpns Law Violation
5445,80-10-095293,Wpns Law Violation
5446,80-10-087971,Wpns Law Violation
5447,80-10-095293,Wpns Law Violation
5448,80-16-079105,Wpns Law Violation
5449,80-14-089992,Wpns Law Violation
5450,80-12-081308,Wpns Law Violation
5451,80-11-005506,Simple Assault
5452,80-10-062415,Narcotics
5453,80-15-012421,Stolen Property
5454,80-10-062415,Narcotics
5455,80-12-068240,Wpns Law Violation
5456,80-13-010324,Narcotics
5457,80-16-017536,Narcotics
5458,80-14-021462,Narcotics
5459,80-16-063564,Burglary
5460,80-16-071989,Aggravated Assault
5461,80-14-090192,Narcotics
5462,80-10-064959,Narcotics
5463,80-14-088762,Wpns Law Violation
5464,80-13-035888,Narcotics
5465,80-15-088022,Robbery
5466,80-12-007696,Narcotics
5467,80-10-003363,Wpns Law Violation
5468,80-12-014650,Simple Assault
5469,80-10-041173,Wpns Law Violation
5470,80-13-047039,Burglary
5471,80-10-057339,Robbery
5472,80-10-085739,Stolen Property
5473,80-16-016538,Aggravated Assault
5474,80-12-012699,Narcotics
5475,80-10-064959,Narcotics
5476,80-16-043838,Wpns Law Violation
5477,80-11-047070,Aggravated Assault
5478,80-10-064959,Narcotics
5479,80-12-020096,Wpns Law Violation
5480,80-16-016538,Aggravated Assault
5481,80-13-057811,Aggravated Assault
5482,80-10-064959,Narcotics
5483,80-16-016538,Aggravated Assault
5484,80-15-018415,Wpns Law Violation
5485,80-11-023785,Wpns Law Violation
5486,80-10-064959,Narcotics
5487,80-16-016538,Aggravated Assault
5488,80-11-023785,Wpns Law Violation
5489,80-10-098306,Wpns Law Violation
5490,80-16-108681,Wpns Law Violation
5491,80-10-064959,Narcotics
5492,80-15-045165,Wpns Law Violation
5493,80-15-028008,Intimidation
5494,80-14-087993,Auto Theft
5495,80-10-061295,All Other Offenses
5496,80-12-016999,Wpns Law Violation
5497,80-10-088026,Aggravated Assault
5498,80-16-048459,Narcotics
5499,80-12-034969,Wpns Law Violation
5500,80-16-096286,Wpns Law Violation
5501,80-14-017872,Narcotics
5502,80-12-016999,Wpns Law Violation
5503,80-12-001997,Wpns Law Violation
5504,80-10-088821,Wpns Law Violation
5505,80-14-012724,Wpns Law Violation
5506,80-14-017872,Narcotics
5507,80-10-072647,Narcotics
5508,80-16-091591,Wpns Law Violation
5509,80-14-017872,Narcotics
5510,80-11-094995,Wpns Law Violation
5511,80-10-072647,Narcotics
5512,80-11-044932,Robbery
5513,80-16-017536,Narcotics
5514,80-11-009977,Wpns Law Violation
5515,80-14-001716,Wpns Law Violation
5516,80-16-051913,Stolen Property
5517,80-11-044932,Robbery
5518,80-16-018786,Narcotics
5519,80-11-005506,Simple Assault
5520,80-16-051913,Stolen Property
5521,80-10-096044,Aggravated Assault
5522,80-16-018786,Narcotics
5523,80-17-008497,Wpns Law Violation
5524,80-12-034934,Aggravated Assault
5525,80-17-008497,Wpns Law Violation
5526,80-10-000185,Narcotics
5527,80-11-039764,Narcotics
5528,80-11-003369,Wpns Law Violation
5529,80-13-009265,Narcotics
5530,80-16-085624,Aggravated Assault
5531,80-13-025430,Simple Assault
5532,80-17-015000,Wpns Law Violation
5533,80-16-070118,Narcotics
5534,80-13-012802,Narcotics
5535,80-15-043269,Wpns Law Violation
5536,80-11-051842,Aggravated Assault
5537,80-13-071505,Narcotics
5538,80-15-033475,Stolen Property
5539,80-13-006004,Wpns Law Violation
5540,80-13-006004,Wpns Law Violation
5541,80-11-077902,Wpns Law Violation
5542,80-10-066951,Wpns Law Violation
5543,80-13-081413,Narcotics
5544,80-13-081413,Narcotics
5545,80-16-095322,Wpns Law Violation
5546,80-10-015081,Wpns Law Violation
5547,80-10-083927,Wpns Law Violation
5548,80-14-003246,All Other Offenses
5549,80-12-049274,Wpns Law Violation
5550,80-10-102584,Robbery
5551,80-10-060752,Wpns Law Violation
5552,80-14-005100,Robbery
5553,80-14-045134,Narcotics
5554,80-14-045134,Narcotics
5555,80-13-045271,Narcotics
5556,80-13-045271,Narcotics
5557,80-13-045271,Narcotics
5558,80-13-045271,Narcotics
5559,80-14-073570,Aggravated Assault
5560,80-17-002107,Aggravated Assault
5561,80-10-098116,All Other Offenses
5562,80-17-002107,Aggravated Assault
5563,80-11-058327,Narcotics
5564,80-14-071383,Wpns Law Violation
5565,80-15-037152,Wpns Law Violation
5566,80-11-058327,Narcotics
5567,80-14-081774,Wpns Law Violation
5568,80-11-058327,Narcotics
5569,80-11-081121,Wpns Law Violation
5570,80-11-058327,Narcotics
5571,80-16-020941,Narcotics
5572,80-16-046310,Wpns Law Violation
5573,80-13-004513,Wpns Law Violation
5574,80-10-044757,Intimidation
5575,80-16-020941,Narcotics
5576,80-16-098698,Wpns Law Violation
5577,80-12-068240,Wpns Law Violation
5578,80-11-106032,Wpns Law Violation
5579,80-16-076418,Wpns Law Violation
5580,80-16-076418,Wpns Law Violation
5581,80-16-076418,Wpns Law Violation
5582,80-16-092314,Wpns Law Violation
5583,80-16-092314,Wpns Law Violation
5584,80-16-032213,Narcotics
5585,80-15-055687,Robbery
5586,80-14-030887,Wpns Law Violation
5587,80-14-073298,Counterfeiting
5588,80-11-083457,Wpns Law Violation
5589,80-14-030292,Wpns Law Violation
5590,80-15-055687,Robbery
5591,80-12-006496,Wpns Law Violation
5592,80-12-015824,Wpns Law Violation
5593,80-12-015824,Wpns Law Violation
5594,80-15-103038,Bribery
5595,80-15-030965,Robbery
5596,80-16-085516,Wpns Law Violation
5597,80-14-054128,Aggravated Assault
5598,80-16-096878,Wpns Law Violation
5599,80-16-096878,Wpns Law Violation
5600,80-14-007113,Burglary
5601,80-14-007113,Burglary
5602,80-14-007113,Burglary
5603,80-14-007113,Burglary
5604,80-12-090323,Wpns Law Violation
5605,80-15-077132,Aggravated Assault
5606,80-15-072283,All Other Offenses
5607,80-13-000005,Aggravated Assault
5608,80-13-098012,Robbery
5609,80-15-064156,Stolen Property
5610,80-11-091354,Wpns Law Violation
5611,80-16-106389,Fraud Impersonation
5612,80-12-028106,Narcotics
5613,80-12-039578,Wpns Law Violation
5614,80-16-020876,Narcotics
5615,80-14-040910,Wpns Law Violation
5616,80-14-070232,Wpns Law Violation
5617,80-16-052240,Wpns Law Violation
5618,80-15-078872,Burglary
5619,80-17-001054,Theft Fr Veh
5620,80-15-017941,Aggravated Assault
5621,80-14-084703,Burglary
5622,80-12-026770,Aggravated Assault
5623,80-12-064103,Aggravated Assault
5624,80-14-077468,Narcotics
5625,80-10-003061,Robbery
5626,80-10-003061,Robbery
5627,80-10-003061,Robbery
5628,80-13-030930,Robbery
5629,80-14-083050,Aggravated Assault
5630,80-14-049352,Simple Assault
5631,80-10-077446,Wpns Law Violation
5632,80-14-089624,Narcotics
5633,80-14-083050,Aggravated Assault
5634,80-15-048558,Aggravated Assault
5635,80-11-001010,Wpns Law Violation
5636,80-16-010622,Robbery
5637,80-14-050663,Fraud
5638,80-13-058919,Wpns Law Violation
5639,80-16-062810,Wpns Law Violation
5640,80-16-062810,Wpns Law Violation
5641,80-16-083088,Wpns Law Violation
5642,80-13-070130,Intimidation
5643,80-13-069631,Theft Other
5644,80-10-003061,Robbery
5645,80-10-003061,Robbery
5646,80-10-003061,Robbery
5647,80-15-095983,Intimidation
5648,80-16-051573,Wpns Law Violation
5649,80-16-051573,Wpns Law Violation
5650,80-14-075737,Narcotics
5651,80-11-069200,Stolen Property
5652,80-15-017941,Aggravated Assault
5653,80-15-033311,Fraud
5654,80-14-025666,Aggravated Assault
5655,80-14-025666,Aggravated Assault
5656,80-10-098845,Wpns Law Violation
5657,80-14-077468,Narcotics
5658,80-14-025666,Aggravated Assault
5659,80-15-003249,Stolen Property
5660,80-14-089624,Narcotics
5661,80-17-006416,Wpns Law Violation
5662,80-14-077468,Narcotics
5663,80-14-089624,Narcotics
5664,80-15-003249,Stolen Property
5665,80-14-025666,Aggravated Assault
5666,80-16-105396,Shoplifting
5667,80-15-040450,Robbery
5668,80-14-077468,Narcotics
5669,80-17-006416,Wpns Law Violation
5670,80-12-045081,Wpns Law Violation
5671,80-12-045081,Wpns Law Violation
5672,80-11-000740,Narcotics
5673,80-14-069523,Aggravated Assault
5674,80-12-018264,Narcotics
5675,80-15-040450,Robbery
5676,80-15-054776,Narcotics
5677,80-14-025666,Aggravated Assault
5678,80-14-069910,Wpns Law Violation
5679,80-11-000740,Narcotics
5680,80-14-025666,Aggravated Assault
5681,80-15-054776,Narcotics
5682,80-17-007159,Narcotics
5683,80-14-077468,Narcotics
5684,80-12-018264,Narcotics
5685,80-11-000740,Narcotics
5686,80-13-053196,Wpns Law Violation
5687,80-14-077468,Narcotics
5688,80-15-102535,Aggravated Assault
5689,80-15-047986,Wpns Law Violation
5690,80-12-018264,Narcotics
5691,80-12-063475,Narcotics
5692,80-14-077468,Narcotics
5693,80-11-064924,Narcotics
5694,80-11-000740,Narcotics
5695,80-15-047986,Wpns Law Violation
5696,80-16-107976,Aggravated Assault
5697,80-16-062319,Wpns Law Violation
5698,80-11-000740,Narcotics
5699,80-10-085349,Simple Assault
5700,80-11-042401,Wpns Law Violation
5701,80-14-092701,Wpns Law Violation
5702,80-10-037478,Narcotics
5703,80-15-056948,Wpns Law Violation
5704,80-10-085420,Narcotics
5705,80-16-006586,Narcotics
5706,80-16-072606,Aggravated Assault
5707,80-16-062319,Wpns Law Violation
5708,80-14-077468,Narcotics
5709,80-16-103854,Wpns Law Violation
5710,80-16-072606,Aggravated Assault
5711,80-16-039751,Accidental Shooting
5712,80-10-057339,Robbery
5713,80-12-055756,Stolen Property
5714,80-14-077468,Narcotics
5715,80-16-103854,Wpns Law Violation
5716,80-15-009632,Aggravated Assault
5717,80-10-044757,Intimidation
5718,80-14-077468,Narcotics
5719,80-14-081406,Aggravated Assault
5720,80-12-042632,Wpns Law Violation
5721,80-11-099991,Narcotics
5722,80-16-095851,Aggravated Assault
5723,80-16-072606,Aggravated Assault
5724,80-15-004308,Wpns Law Violation
5725,80-12-042632,Wpns Law Violation
5726,80-15-057559,Wpns Law Violation
5727,80-15-042876,Wpns Law Violation
5728,80-11-019090,Wpns Law Violation
5729,80-15-066011,Wpns Law Violation
5730,80-10-016808,Wpns Law Violation
5731,80-11-089157,Aggravated Assault
5732,80-15-009632,Aggravated Assault
5733,80-15-059404,Counterfeiting
5734,80-16-022894,Wpns Law Violation
5735,80-15-016718,Wpns Law Violation
5736,80-12-059162,Narcotics
5737,80-10-087165,Aggravated Assault
5738,80-10-087165,Aggravated Assault
5739,80-10-087165,Aggravated Assault
5740,80-17-001054,Theft Fr Veh
5741,80-13-069157,Aggravated Assault
5742,80-13-069157,Aggravated Assault
5743,80-13-070130,Intimidation
5744,80-12-006643,Theft Other
5745,80-12-027328,Wpns Law Violation
5746,80-16-032982,Narcotics
5747,80-16-032982,Narcotics
5748,80-13-090404,Stolen Property
5749,80-16-034155,Wpns Law Violation
5750,80-16-006283,Narcotics
5751,80-12-013947,Simple Assault
5752,80-12-055716,Wpns Law Violation
5753,80-10-087165,Aggravated Assault
5754,80-10-087165,Aggravated Assault
5755,80-10-087165,Aggravated Assault
5756,80-10-087165,Aggravated Assault
5757,80-10-087165,Aggravated Assault
5758,80-12-082638,Wpns Law Violation
5759,80-16-032619,Wpns Law Violation
5760,80-11-060739,Narcotics
5761,80-10-043083,Wpns Law Violation
5762,80-14-020896,Wpns Law Violation
5763,80-14-049435,Wpns Law Violation
5764,80-12-081096,Stolen Property
5765,80-16-093750,Wpns Law Violation
5766,80-12-102517,Shoplifting
5767,80-15-093771,Stolen Property
5768,80-15-093771,Stolen Property
5769,80-15-093771,Stolen Property
5770,80-12-066280,Aggravated Assault
5771,80-16-054416,Aggravated Assault
5772,80-10-099587,Burglary
5773,80-14-062385,Wpns Law Violation
5774,80-15-011938,Wpns Law Violation
5775,80-17-009709,Wpns Law Violation
5776,80-15-011938,Wpns Law Violation
5777,80-10-045167,Simple Assault
5778,80-11-060739,Narcotics
5779,80-12-010600,Narcotics
5780,80-16-012064,Narcotics
5781,80-15-026296,Wpns Law Violation
5782,80-13-015488,Narcotics
5783,80-11-054754,Aggravated Assault
5784,80-16-012064,Narcotics
5785,80-15-102504,Wpns Law Violation
5786,80-14-046149,Simple Assault
5787,80-11-069822,Robbery
5788,80-16-020876,Narcotics
5789,80-13-030930,Robbery
5790,80-13-030930,Robbery
5791,80-13-030930,Robbery
5792,80-13-030930,Robbery
5793,80-11-103268,Intimidation
5794,80-16-073559,Wpns Law Violation
5795,80-16-079105,Wpns Law Violation
5796,80-15-046388,Wpns Law Violation
5797,80-10-049665,Wpns Law Violation
5798,80-14-095858,Wpns Law Violation
5799,80-14-095858,Wpns Law Violation
5800,80-14-095858,Wpns Law Violation
5801,80-11-102484,Simple Assault
5802,80-13-021713,Wpns Law Violation
5803,80-15-082047,Narcotics
5804,80-15-082047,Narcotics
5805,80-15-082047,Narcotics
5806,80-15-082047,Narcotics
5807,80-15-066011,Wpns Law Violation
5808,80-11-047920,Wpns Law Violation
5809,80-15-082047,Narcotics
5810,80-16-039944,Wpns Law Violation
5811,80-14-033587,Aggravated Assault
5812,80-16-026550,Wpns Law Violation
5813,80-15-015477,Narcotics
5814,80-17-001766,Aggravated Assault
5815,80-15-041967,Stolen Property
5816,80-15-048558,Aggravated Assault
5817,80-15-020893,Burglary
5818,80-13-051041,Narcotics
5819,80-13-051041,Narcotics
5820,80-13-054576,Wpns Law Violation
5821,80-15-088467,Narcotics
5822,80-15-088467,Narcotics
5823,80-15-088467,Narcotics
5824,80-16-078361,Wpns Law Violation
5825,80-13-058919,Wpns Law Violation
5826,80-13-058919,Wpns Law Violation
5827,80-13-007844,Wpns Law Violation
5828,80-14-062068,Wpns Law Violation
5829,80-14-090088,Narcotics
5830,80-10-071525,Intimidation
5831,80-12-014461,Robbery
5832,80-16-107976,Aggravated Assault
5833,80-10-054899,All Other Offenses
5834,80-14-040910,Wpns Law Violation
5835,80-16-068792,Narcotics
5836,80-16-107976,Aggravated Assault
5837,80-12-011754,Wpns Law Violation
5838,80-11-069822,Robbery
5839,80-15-030965,Robbery
5840,80-10-021797,Aggravated Assault
5841,80-14-052117,Robbery
5842,80-14-083352,Wpns Law Violation
5843,80-16-024907,Stolen Property
5844,80-12-027080,Wpns Law Violation
5845,80-17-007159,Narcotics
5846,80-16-027119,Intimidation
5847,80-12-065172,Narcotics
5848,80-16-027119,Intimidation
5849,80-16-002945,Aggravated Assault
5850,80-16-026237,Narcotics
5851,80-16-026237,Narcotics
5852,80-15-053385,Wpns Law Violation
5853,80-16-034135,Wpns Law Violation
5854,80-16-034135,Wpns Law Violation
5855,80-15-013641,Robbery
5856,80-15-051024,Stolen Property
5857,80-15-106401,Wpns Law Violation
5858,80-16-049398,Burglary
5859,80-16-055430,Intimidation
5860,80-16-055430,Intimidation
5861,80-12-008929,Simple Assault
5862,80-15-094054,Wpns Law Violation
5863,80-15-052660,Wpns Law Violation
5864,80-15-051719,Aggravated Assault
5865,80-15-051719,Aggravated Assault
5866,80-15-051719,Aggravated Assault
5867,80-16-048788,Wpns Law Violation
5868,80-11-066593,Aggravated Assault
5869,80-12-007153,Simple Assault
5870,80-15-064346,Narcotics
5871,80-15-038565,Counterfeiting
5872,80-15-070057,Aggravated Assault
5873,80-11-028138,Wpns Law Violation
5874,80-15-080518,Aggravated Assault
5875,80-16-091552,Burglary
5876,80-17-007159,Narcotics
5877,80-17-007159,Narcotics
5878,80-11-070443,Robbery
5879,80-17-007159,Narcotics
5880,80-10-100839,Aggravated Assault
5881,80-17-007159,Narcotics
5882,80-14-075156,Aggravated Assault
5883,80-17-007159,Narcotics
5884,80-15-067064,Wpns Law Violation
5885,80-10-102635,Wpns Law Violation
5886,80-11-080789,Aggravated Assault
5887,80-11-080789,Aggravated Assault
5888,80-11-039764,Narcotics
5889,80-11-011828,Wpns Law Violation
5890,80-11-082845,Narcotics
5891,80-11-082845,Narcotics
5892,80-11-082845,Narcotics
5893,80-12-096700,Wpns Law Violation
5894,80-11-053909,Wpns Law Violation
5895,80-11-010143,Wpns Law Violation
5896,80-16-032191,Narcotics
5897,80-13-008383,Wpns Law Violation
5898,80-13-008383,Wpns Law Violation
5899,80-13-008383,Wpns Law Violation
5900,80-13-008383,Wpns Law Violation
5901,80-16-015923,Wpns Law Violation
5902,80-16-015923,Wpns Law Violation
5903,80-16-003482,Aggravated Assault
5904,80-15-050382,Wpns Law Violation
5905,80-15-050382,Wpns Law Violation
5906,80-11-015610,Wpns Law Violation
5907,80-15-053040,Wpns Law Violation
5908,80-12-042950,Wpns Law Violation
5909,80-15-033454,Aggravated Assault
5910,80-15-033454,Aggravated Assault
5911,80-15-090366,Wpns Law Violation
5912,80-15-082694,Narcotics
5913,80-11-031716,Narcotics
5914,80-11-037855,Narcotics
5915,80-15-082702,Narcotics
5916,80-12-003161,Wpns Law Violation
5917,80-11-086133,Burglary
5918,80-11-044932,Robbery
5919,80-12-012994,Wpns Law Violation
5920,80-15-038525,Stolen Property
5921,80-12-061973,Narcotics Equip
5922,80-14-094929,Aggravated Assault
5923,80-17-000125,Wpns Law Violation
5924,80-10-000185,Narcotics
5925,80-15-104170,Aggravated Assault
5926,80-16-006283,Narcotics
5927,80-12-039487,Auto Theft
5928,80-16-105229,Aggravated Assault
5929,80-16-105229,Aggravated Assault
5930,80-16-105229,Aggravated Assault
5931,80-16-042567,Theft Other
5932,80-16-079132,Wpns Law Violation
5933,80-16-049337,Wpns Law Violation
5934,80-11-050553,Wpns Law Violation
5935,80-11-050553,Wpns Law Violation
5936,80-11-069822,Robbery
5937,80-11-070443,Robbery
5938,80-14-067555,Wpns Law Violation
5939,80-14-067555,Wpns Law Violation
5940,80-15-030225,Stolen Property
5941,80-12-066280,Aggravated Assault
5942,80-14-089624,Narcotics
5943,80-14-089624,Narcotics
5944,80-14-089624,Narcotics
5945,80-14-000300,Robbery
5946,80-16-057073,Wpns Law Violation
5947,80-11-080789,Aggravated Assault
5948,80-16-054416,Aggravated Assault
5949,80-15-082723,Narcotics
5950,80-15-082723,Narcotics
5951,80-14-007149,Narcotics
5952,80-14-007149,Narcotics
5953,80-15-054556,Narcotics
5954,80-14-022671,Narcotics
5955,80-11-082520,Narcotics
5956,80-11-089157,Aggravated Assault
5957,80-13-060356,Narcotics
5958,80-14-072865,Narcotics
5959,80-16-096098,Shoplifting
5960,80-15-017941,Aggravated Assault
5961,80-15-017941,Aggravated Assault
5962,80-14-056321,Aggravated Assault
5963,80-14-021136,Wpns Law Violation
5964,80-14-021136,Wpns Law Violation
5965,80-09-098505,Aggravated Assault
5966,80-11-097259,Wpns Law Violation
5967,80-15-012840,Narcotics
5968,80-15-012840,Narcotics
5969,80-14-000300,Robbery
5970,80-16-048837,Narcotics
5971,80-15-077132,Aggravated Assault
5972,80-13-033015,Wpns Law Violation
5973,80-17-000243,Wpns Law Violation
5974,80-15-106401,Wpns Law Violation
5975,80-16-057395,Narcotics
5976,80-16-057395,Narcotics
5977,80-14-059150,Stolen Property
5978,80-14-027010,Wpns Law Violation
5979,80-14-027010,Wpns Law Violation
5980,80-14-036928,Robbery
5981,80-11-059728,Narcotics
5982,80-13-021713,Wpns Law Violation
5983,80-10-037478,Narcotics
5984,80-10-037478,Narcotics
5985,80-12-093091,Burglary
5986,80-12-093091,Burglary
5987,80-12-093091,Burglary
5988,80-12-093091,Burglary
5989,80-13-057811,Aggravated Assault
5990,80-16-061093,Stolen Property
5991,80-14-051422,Stolen Property
5992,80-16-105634,Wpns Law Violation
5993,80-16-054897,Narcotics
5994,80-17-013475,Wpns Law Violation
5995,80-16-080066,Robbery
5996,80-14-045235,Aggravated Assault
5997,80-15-005121,Narcotics
5998,80-15-005121,Narcotics
5999,80-14-047154,Robbery
6000,80-11-091082,Stolen Property
6001,80-16-002945,Aggravated Assault
6002,80-16-002945,Aggravated Assault
6003,80-16-022418,Aggravated Assault
6004,80-16-022418,Aggravated Assault
6005,80-16-033308,All Other Offenses
6006,80-16-036866,Robbery
6007,80-16-037233,Wpns Law Violation
6008,80-16-041480,Simple Assault
6009,80-16-069152,Wpns Law Violation
6010,80-16-084107,Accidental Shooting
6011,80-17-008497,Wpns Law Violation
6012,80-16-030488,Shoplifting
6013,80-16-077450,Stolen Property
6014,80-16-101135,Aggravated Assault
6015,80-16-101135,Aggravated Assault
6016,80-16-101135,Aggravated Assault
6017,80-16-101135,Aggravated Assault
6018,80-16-106970,Wpns Law Violation
6019,80-17-010601,Robbery
6020,80-17-010601,Robbery
6021,80-17-010601,Robbery
6022,80-17-011680,Narcotics
6023,80-14-021141,Wpns Law Violation
6024,80-14-027572,Aggravated Assault
6025,80-14-039500,Aggravated Assault
6026,80-14-042010,Wpns Law Violation
6027,80-14-043778,Burglary
6028,80-14-053958,Aggravated Assault
6029,80-14-053958,Aggravated Assault
6030,80-14-066509,Wpns Law Violation
6031,80-14-073299,Wpns Law Violation
6032,80-15-009057,Narcotics
6033,80-16-044915,Wpns Law Violation
6034,80-14-081794,Wpns Law Violation
6035,80-14-087843,Stolen Property
6036,80-15-006777,Wpns Law Violation
6037,80-13-020399,Intimidation
6038,80-15-003759,Narcotics
6039,80-15-003759,Narcotics
6040,80-15-003759,Narcotics
6041,80-15-003759,Narcotics
6042,80-14-065576,Wpns Law Violation
6043,80-14-065576,Wpns Law Violation
6044,80-16-037378,Wpns Law Violation
6045,80-14-034054,Wpns Law Violation
6046,80-12-074519,Wpns Law Violation
6047,80-12-074519,Wpns Law Violation
6048,80-12-074519,Wpns Law Violation
6049,80-15-010588,Simple Assault
6050,80-14-025140,Stolen Property
6051,80-15-013886,Aggravated Assault
6052,80-16-003218,Auto Theft
6053,80-15-050637,Wpns Law Violation
6054,80-17-010118,Wpns Law Violation
6055,80-15-009057,Narcotics
6056,80-12-074627,Narcotics Equip
6057,80-15-050637,Wpns Law Violation
6058,80-16-007428,Wpns Law Violation
6059,80-15-055053,Stolen Property
6060,80-17-008497,Wpns Law Violation
6061,80-15-055053,Stolen Property
6062,80-14-026428,Wpns Law Violation
6063,80-16-008391,Aggravated Assault
6064,80-16-012548,Wpns Law Violation
6065,80-15-094569,Intimidation
6066,80-17-010862,Aggravated Assault
6067,80-15-009057,Narcotics
6068,80-16-110946,Wpns Law Violation
6069,80-15-009057,Narcotics
6070,80-12-022247,Wpns Law Violation
6071,80-16-068592,Narcotics
6072,80-11-037620,Wpns Law Violation
6073,80-10-010799,Narcotics
6074,80-12-081058,Wpns Law Violation
6075,80-17-012218,Robbery
6076,80-15-009057,Narcotics
6077,80-15-014816,Wpns Law Violation
6078,80-15-015468,Wpns Law Violation
6079,80-15-015468,Wpns Law Violation
6080,80-10-023313,Aggravated Assault
6081,80-11-019587,Wpns Law Violation
6082,80-11-020278,Narcotics
6083,80-15-019245,Intimidation
6084,80-17-013774,Wpns Law Violation
6085,80-12-022247,Wpns Law Violation
6086,80-16-059290,Accidental Shooting
6087,80-14-076720,Shoplifting
6088,80-16-080507,Aggravated Assault
6089,80-17-011680,Narcotics
6090,80-16-002626,Narcotics
6091,80-12-022859,Burglary
6092,80-16-044200,Wpns Law Violation
6093,80-15-019245,Intimidation
6094,80-16-063564,Burglary
6095,80-16-080507,Aggravated Assault
6096,80-14-032784,Wpns Law Violation
6097,80-10-060992,Robbery
6098,80-12-029129,Theft Other
6099,80-15-020158,Wpns Law Violation
6100,80-16-035998,Wpns Law Violation
6101,80-14-047615,Aggravated Assault
6102,80-12-047851,Burglary
6103,80-16-017442,Wpns Law Violation
6104,80-15-020158,Wpns Law Violation
6105,80-12-059478,Narcotics
6106,80-14-053560,Burglary
6107,80-16-016990,Aggravated Assault
6108,80-16-066762,Aggravated Assault
6109,80-11-043207,Wpns Law Violation
6110,80-16-080507,Aggravated Assault
6111,80-16-022889,Robbery
6112,80-14-061199,Wpns Law Violation
6113,80-16-022889,Robbery
6114,80-12-081184,Burglary
6115,80-16-080507,Aggravated Assault
6116,80-15-021888,Wpns Law Violation
6117,80-16-034626,Robbery
6118,80-12-098766,Wpns Law Violation
6119,80-16-022889,Robbery
6120,80-14-058782,Aggravated Assault
6121,80-16-080507,Aggravated Assault
6122,80-16-066762,Aggravated Assault
6123,80-13-001907,Robbery
6124,80-14-058782,Aggravated Assault
6125,80-15-021888,Wpns Law Violation
6126,80-16-034626,Robbery
6127,80-16-080507,Aggravated Assault
6128,80-15-057569,Simple Assault
6129,80-15-088126,Counterfeiting
6130,80-15-005121,Narcotics
6131,80-15-079555,Stolen Property
6132,80-16-104602,Wpns Law Violation
6133,80-16-104602,Wpns Law Violation
6134,80-15-082507,All Other Offenses
6135,80-16-105194,Wpns Law Violation
6136,80-16-105194,Wpns Law Violation
6137,80-14-023476,Wpns Law Violation
6138,80-13-069123,Simple Assault
6139,80-11-059094,Narcotics
6140,80-11-059094,Narcotics
6141,80-12-020659,Wpns Law Violation
6142,80-11-009159,Narcotics
6143,80-11-009159,Narcotics
6144,80-11-009159,Narcotics
6145,80-11-009159,Narcotics
6146,80-16-053068,Wpns Law Violation
6147,80-11-009159,Narcotics
6148,80-11-009159,Narcotics
6149,80-14-089908,Wpns Law Violation
6150,80-14-089908,Wpns Law Violation
6151,80-14-025666,Aggravated Assault
6152,80-14-025666,Aggravated Assault
6153,80-15-015507,Wpns Law Violation
6154,80-12-067500,Wpns Law Violation
6155,80-10-006847,Robbery
6156,80-15-076202,Aggravated Assault
6157,80-14-046150,Wpns Law Violation
6158,80-16-028476,Stolen Property
6159,80-16-028476,Stolen Property
6160,80-16-028476,Stolen Property
6161,80-12-014308,Narcotics
6162,80-10-009875,Wpns Law Violation
6163,80-16-106047,Narcotics
6164,80-16-106047,Narcotics
6165,80-16-106047,Narcotics
6166,80-16-035662,Counterfeiting
6167,80-14-036311,Wpns Law Violation
6168,80-14-036311,Wpns Law Violation
6169,80-17-007103,Theft Other
6170,80-16-030488,Shoplifting
6171,80-15-028042,Wpns Law Violation
6172,80-15-078938,Wpns Law Violation
6173,80-14-058782,Aggravated Assault
6174,80-14-058782,Aggravated Assault
6175,80-16-080507,Aggravated Assault
6176,80-15-034177,Narcotics
6177,80-13-009382,Wpns Law Violation
6178,80-13-001907,Robbery
6179,80-16-074425,Aggravated Assault
6180,80-14-058782,Aggravated Assault
6181,80-13-001907,Robbery
6182,80-16-092964,Narcotics
6183,80-15-034177,Narcotics
6184,80-15-019574,Stolen Property
6185,80-14-058782,Aggravated Assault
6186,80-16-071294,Accidental Shooting
6187,80-16-092964,Narcotics
6188,80-14-076129,Robbery
6189,80-14-043124,Theft Other
6190,80-14-095518,Counterfeiting
6191,80-15-007971,Wpns Law Violation
6192,80-15-010902,Robbery
6193,80-15-010902,Robbery
6194,80-15-007971,Wpns Law Violation
6195,80-15-017480,Wpns Law Violation
6196,80-15-025475,Aggravated Assault
6197,80-15-025475,Aggravated Assault
6198,80-15-025921,Wpns Law Violation
6199,80-15-034775,Aggravated Assault
6200,80-15-031005,Aggravated Assault
6201,80-15-031005,Aggravated Assault
6202,80-15-034113,Wpns Law Violation
6203,80-16-095686,Narcotics
6204,80-14-003107,Burglary
6205,80-15-077937,Narcotics
6206,80-13-002184,Stolen Property
6207,80-15-077937,Narcotics
6208,80-15-088898,Narcotics
6209,80-15-088898,Narcotics
6210,80-15-088898,Narcotics
6211,80-15-088898,Narcotics
6212,80-15-088898,Narcotics
6213,80-16-001064,Wpns Law Violation
6214,80-12-030762,Aggravated Assault
6215,80-12-030762,Aggravated Assault
6216,80-12-030762,Aggravated Assault
6217,80-15-064863,Wpns Law Violation
6218,80-14-049415,Wpns Law Violation
6219,80-13-020399,Intimidation
6220,80-15-034113,Wpns Law Violation
6221,80-15-038488,Wpns Law Violation
6222,80-15-038488,Wpns Law Violation
6223,80-13-045657,Narcotics
6224,80-13-045657,Narcotics
6225,80-13-005460,Stolen Property
6226,80-11-028821,Wpns Law Violation
6227,80-16-106213,Wpns Law Violation
6228,80-16-041641,Aggravated Assault
6229,80-17-003581,Wpns Law Violation
6230,80-17-003581,Wpns Law Violation
6231,80-15-102535,Aggravated Assault
6232,80-10-085420,Narcotics
6233,80-10-085420,Narcotics
6234,80-17-008918,Wpns Law Violation
6235,80-17-008918,Wpns Law Violation
6236,80-16-086550,Wpns Law Violation
6237,80-16-054012,Wpns Law Violation
6238,80-17-012218,Robbery
6239,80-16-036633,Narcotics
6240,80-17-013774,Wpns Law Violation
6241,80-16-002945,Aggravated Assault
6242,80-16-002945,Aggravated Assault
6243,80-13-009355,Wpns Law Violation
6244,80-15-037225,Wpns Law Violation
6245,80-16-092964,Narcotics
6246,80-11-046579,Narcotics
6247,80-11-046579,Narcotics
6248,80-16-075873,Injured Person Report
6249,80-11-017464,Narcotics
6250,80-12-039136,Wpns Law Violation
6251,80-15-060876,Wpns Law Violation
6252,80-15-076710,Simple Assault
6253,80-15-076710,Simple Assault
6254,80-13-048799,Wpns Law Violation
6255,80-14-079849,Narcotics
6256,80-14-079849,Narcotics
6257,80-14-079849,Narcotics
6258,80-13-028652,Stolen Property
6259,80-16-001796,Narcotics
6260,80-16-001796,Narcotics
6261,80-14-059251,Theft Fr Veh
6262,80-13-063045,Narcotics
6263,80-13-063045,Narcotics
6264,80-13-063045,Narcotics
6265,80-16-090020,Aggravated Assault
6266,80-14-002081,Robbery
6267,80-14-002081,Robbery
6268,80-16-066981,Wpns Law Violation
6269,80-17-008698,Stolen Property
6270,80-12-095100,Robbery
6271,80-16-024964,Wpns Law Violation
6272,80-15-026527,Wpns Law Violation
6273,80-15-021127,Narcotics
6274,80-15-021127,Narcotics
6275,80-13-011757,Stolen Property
6276,80-12-031352,Aggravated Assault
6277,80-10-010799,Narcotics
6278,80-15-029582,Aggravated Assault
6279,80-16-035128,Narcotics
6280,80-17-004031,Narcotics
6281,80-17-004031,Narcotics
6282,80-16-077377,Stolen Property
6283,80-16-090182,Robbery
6284,80-17-004031,Narcotics
6285,80-10-001933,Robbery
6286,80-10-001933,Robbery
6287,80-10-001933,Robbery
6288,80-10-001933,Robbery
6289,80-15-034920,Robbery
6290,80-15-034920,Robbery
6291,80-14-093491,Narcotics
6292,80-15-038797,Wpns Law Violation
6293,80-15-042280,Narcotics
6294,80-15-076119,Wpns Law Violation
6295,80-15-018989,Wpns Law Violation
6296,80-15-018989,Wpns Law Violation
6297,80-13-009440,Wpns Law Violation
6298,80-17-001924,Narcotics
6299,80-17-001924,Narcotics
6300,80-17-001924,Narcotics
6301,80-17-001924,Narcotics
6302,80-14-026572,All Other Offenses
6303,80-10-006576,Narcotics
6304,80-11-001626,Wpns Law Violation
6305,80-13-021946,Wpns Law Violation
6306,80-16-098773,Wpns Law Violation
6307,80-13-023249,Wpns Law Violation
6308,80-17-009087,Stolen Property
6309,80-13-021195,Robbery
6310,80-15-092243,Stolen Property
6311,80-13-021195,Robbery
6312,80-13-037393,Wpns Law Violation
6313,80-13-033023,Wpns Law Violation
6314,80-13-046997,Robbery
6315,80-13-046078,Wpns Law Violation
6316,80-13-054753,Narcotics
6317,80-13-059161,Narcotics
6318,80-13-055994,Wpns Law Violation
6319,80-13-055994,Wpns Law Violation
6320,80-13-061562,Aggravated Assault
6321,80-13-061562,Aggravated Assault
6322,80-13-076628,Wpns Law Violation
6323,80-13-085458,Stolen Property
6324,80-13-090279,Burglary
6325,80-13-090279,Burglary
6326,80-14-001512,Wpns Law Violation
6327,80-14-007138,Narcotics Equip
6328,80-17-001924,Narcotics
6329,80-14-007581,Wpns Law Violation
6330,80-10-013486,Wpns Law Violation
6331,80-10-036670,Robbery
6332,80-10-079964,Aggravated Assault
6333,80-10-079964,Aggravated Assault
6334,80-10-079964,Aggravated Assault
6335,80-10-095739,All Other Offenses
6336,80-11-044472,Wpns Law Violation
6337,80-11-026173,Wpns Law Violation
6338,80-11-027834,Wpns Law Violation
6339,80-11-053320,All Other Offenses
6340,80-16-033898,Narcotics
6341,80-10-097022,Aggravated Assault
6342,80-16-041159,Wpns Law Violation
6343,80-10-097022,Aggravated Assault
6344,80-16-053981,Aggravated Assault
6345,80-10-097022,Aggravated Assault
6346,80-16-066762,Aggravated Assault
6347,80-10-013073,Narcotics
6348,80-12-093836,Wpns Law Violation
6349,80-14-079898,Aggravated Assault
6350,80-15-088022,Robbery
6351,80-15-077094,Simple Assault
6352,80-12-000046,Narcotics
6353,80-13-009939,Wpns Law Violation
6354,80-13-009939,Wpns Law Violation
6355,80-11-079699,Aggravated Assault
6356,80-12-011854,Stolen Property
6357,80-12-070042,Aggravated Assault
6358,80-12-045211,Narcotics
6359,80-12-045211,Narcotics
6360,80-12-045211,Narcotics
6361,80-13-063680,Aggravated Assault
6362,80-16-040472,Stolen Property
6363,80-16-103832,Wpns Law Violation
6364,80-16-030442,Aggravated Assault
6365,80-16-018906,Wpns Law Violation
6366,80-11-013898,Narcotics
6367,80-16-015710,Aggravated Assault
6368,80-12-093067,Narcotics
6369,80-16-077377,Stolen Property
6370,80-16-065084,Narcotics
6371,80-11-025707,Wpns Law Violation
6372,80-16-024999,Wpns Law Violation
6373,80-11-025707,Wpns Law Violation
6374,80-16-091273,Wpns Law Violation
6375,80-16-099853,Wpns Law Violation
6376,80-16-099853,Wpns Law Violation
6377,80-16-105194,Wpns Law Violation
6378,80-16-107143,Wpns Law Violation
6379,80-16-110344,Wpns Law Violation
6380,80-16-044200,Wpns Law Violation
6381,80-16-065420,Wpns Law Violation
6382,80-15-044767,Narcotics
6383,80-15-044767,Narcotics
6384,80-15-044767,Narcotics
6385,80-15-044767,Narcotics
6386,80-15-044767,Narcotics
6387,80-15-044767,Narcotics
6388,80-13-005139,Narcotics
6389,80-13-005139,Narcotics
6390,80-10-017092,Wpns Law Violation
6391,80-15-018124,Wpns Law Violation
6392,80-16-012553,Wpns Law Violation
6393,80-16-106571,Narcotics
6394,80-16-106571,Narcotics
6395,80-16-106571,Narcotics
6396,80-16-106571,Narcotics
6397,80-16-106571,Narcotics
6398,80-16-106571,Narcotics
6399,80-17-007773,Narcotics
6400,80-13-045271,Narcotics
6401,80-13-045271,Narcotics
6402,80-13-045271,Narcotics
6403,80-13-045271,Narcotics
6404,80-13-045271,Narcotics
6405,80-14-045134,Narcotics
6406,80-14-045134,Narcotics
6407,80-14-045134,Narcotics
6408,80-14-045134,Narcotics
6409,80-16-034031,Wpns Law Violation
6410,80-14-045134,Narcotics
6411,80-14-045134,Narcotics
6412,80-16-054571,Stolen Property
6413,80-12-018814,Aggravated Assault
6414,80-16-012377,Narcotics
6415,80-10-040665,Aggravated Assault
6416,80-11-001602,Wpns Law Violation
6417,80-10-040665,Aggravated Assault
6418,80-16-012377,Narcotics
6419,80-14-097215,Narcotics
6420,80-16-085168,Wpns Law Violation
6421,80-15-028136,Narcotics
6422,80-16-065084,Narcotics
6423,80-14-069118,Narcotics
6424,80-14-097215,Narcotics
6425,80-16-061807,Wpns Law Violation
6426,80-15-016504,Wpns Law Violation
6427,80-14-069118,Narcotics
6428,80-14-073298,Counterfeiting
6429,80-16-014387,Wpns Law Violation
6430,80-16-018786,Narcotics
6431,80-14-069118,Narcotics
6432,80-16-031161,Narcotics
6433,80-11-014695,Wpns Law Violation
6434,80-14-067589,Wpns Law Violation
6435,80-16-018786,Narcotics
6436,80-11-039428,Intimidation
6437,80-14-077468,Narcotics
6438,80-11-093958,Intimidation
6439,80-15-021586,Wpns Law Violation
6440,80-16-018786,Narcotics
6441,80-12-047276,Narcotics
6442,80-12-078018,Wpns Law Violation
6443,80-15-012840,Narcotics
6444,80-11-059032,Wpns Law Violation
6445,80-13-063045,Narcotics
6446,80-16-018786,Narcotics
6447,80-16-029403,Narcotics
6448,80-15-012840,Narcotics
6449,80-15-009195,Wpns Law Violation
6450,80-16-077248,Stolen Property
6451,80-16-080177,Stolen Property
6452,80-14-077468,Narcotics
6453,80-12-014637,Robbery
6454,80-16-065084,Narcotics
6455,80-12-014637,Robbery
6456,80-14-077468,Narcotics
6457,80-13-060521,Theft Other
6458,80-17-005736,Narcotics
6459,80-13-047192,Wpns Law Violation
6460,80-16-065084,Narcotics
6461,80-12-011913,Wpns Law Violation
6462,80-16-075435,Aggravated Assault
6463,80-14-077468,Narcotics
6464,80-12-014637,Robbery
6465,80-11-104064,Intimidation
6466,80-16-075435,Aggravated Assault
6467,80-10-060964,Aggravated Assault
6468,80-16-065084,Narcotics
6469,80-14-077468,Narcotics
6470,80-14-098637,Narcotics
6471,80-10-000582,Burglary
6472,80-16-024139,Wpns Law Violation
6473,80-15-096102,Narcotics
6474,80-16-037180,Wpns Law Violation
6475,80-15-103038,Bribery
6476,80-11-000740,Narcotics
6477,80-17-012200,Aggravated Assault
6478,80-16-076924,Wpns Law Violation
6479,80-10-060964,Aggravated Assault
6480,80-16-029650,Aggravated Assault
6481,80-14-072084,Wpns Law Violation
6482,80-11-031693,Wpns Law Violation
6483,80-14-089867,Narcotics
6484,80-14-056334,Narcotics
6485,80-11-000740,Narcotics
6486,80-12-082708,Wpns Law Violation
6487,80-14-089867,Narcotics
6488,80-11-020040,Wpns Law Violation
6489,80-12-084714,Narcotics
6490,80-16-102348,Narcotics
6491,80-13-092928,Burglary
6492,80-11-000740,Narcotics
6493,80-13-093423,Narcotics
6494,80-14-072084,Wpns Law Violation
6495,80-15-012072,Aggravated Assault
6496,80-15-063389,Wpns Law Violation
6497,80-11-101817,Wpns Law Violation
6498,80-13-093423,Narcotics
6499,80-15-012602,Wpns Law Violation
6500,80-11-000748,Wpns Law Violation
6501,80-12-103297,Aggravated Assault
6502,80-11-081631,Wpns Law Violation
6503,80-16-105152,Narcotics
6504,80-13-087277,Accidental Shooting
6505,80-15-067064,Wpns Law Violation
6506,80-16-093004,Aggravated Assault
6507,80-11-082845,Narcotics
6508,80-11-082845,Narcotics
6509,80-11-082845,Narcotics
6510,80-11-014450,Narcotics
6511,80-11-014450,Narcotics
6512,80-11-014695,Wpns Law Violation
6513,80-16-051583,Aggravated Assault
6514,80-14-049435,Wpns Law Violation
6515,80-15-048605,Wpns Law Violation
6516,80-14-045394,Burglary
6517,80-14-041900,Wpns Law Violation
6518,80-14-041900,Wpns Law Violation
6519,80-14-041900,Wpns Law Violation
6520,80-14-088283,Wpns Law Violation
6521,80-15-093771,Stolen Property
6522,80-15-093771,Stolen Property
6523,80-12-024315,Aggravated Assault
6524,80-16-074428,Narcotics
6525,80-12-028106,Narcotics
6526,80-16-026761,Wpns Law Violation
6527,80-10-019014,Aggravated Assault
6528,80-16-002761,Wpns Law Violation
6529,80-16-051573,Wpns Law Violation
6530,80-16-051573,Wpns Law Violation
6531,80-12-005660,Aggravated Assault
6532,80-10-022891,Wpns Law Violation
6533,80-11-065979,Stolen Property
6534,80-15-094055,Wpns Law Violation
6535,80-17-002739,Narcotics
6536,80-11-000740,Narcotics
6537,80-13-092928,Burglary
6538,80-12-005189,Vandalism
6539,80-14-097011,Aggravated Assault
6540,80-15-089088,Wpns Law Violation
6541,80-13-092928,Burglary
6542,80-16-074670,Wpns Law Violation
6543,80-17-002739,Narcotics
6544,80-12-096700,Wpns Law Violation
6545,80-10-013073,Narcotics
6546,80-10-050484,Stolen Property
6547,80-11-000740,Narcotics
6548,80-12-001399,Stolen Property
6549,80-17-005029,Narcotics
6550,80-12-040003,Robbery
6551,80-11-060211,Narcotics
6552,80-16-044445,Wpns Law Violation
6553,80-15-059822,Aggravated Assault
6554,80-11-067694,Aggravated Assault
6555,80-12-011913,Wpns Law Violation
6556,80-10-006702,Wpns Law Violation
6557,80-12-019445,Wpns Law Violation
6558,80-16-053743,Wpns Law Violation
6559,80-10-040665,Aggravated Assault
6560,80-14-066822,Wpns Law Violation
6561,80-14-066822,Wpns Law Violation
6562,80-15-028136,Narcotics
6563,80-16-006580,Narcotics
6564,80-16-006580,Narcotics
6565,80-16-109048,Wpns Law Violation
6566,80-16-109048,Wpns Law Violation
6567,80-16-109048,Wpns Law Violation
6568,80-10-014172,Narcotics
6569,80-15-009632,Aggravated Assault
6570,80-10-014172,Narcotics
6571,80-15-012851,Wpns Law Violation
6572,80-15-015004,Stolen Property
6573,80-14-002031,Aggravated Assault
6574,80-13-098137,Wpns Law Violation
6575,80-16-014099,Wpns Law Violation
6576,80-15-006957,Narcotics
6577,80-14-003424,Stolen Property
6578,80-16-071756,Aggravated Assault
6579,80-16-071756,Aggravated Assault
6580,80-16-088226,Wpns Law Violation
6581,80-15-082702,Narcotics
6582,80-15-057571,Aggravated Assault
6583,80-17-008846,All Other Offenses
6584,80-14-067023,Narcotics
6585,80-14-067023,Narcotics
6586,80-14-092342,Burglary
6587,80-15-051024,Stolen Property
6588,80-16-020911,Wpns Law Violation
6589,80-16-018842,Stolen Property
6590,80-10-004252,Narcotics
6591,80-15-002704,Wpns Law Violation
6592,80-14-031511,Wpns Law Violation
6593,80-11-021077,Narcotics
6594,80-12-047276,Narcotics
6595,80-16-092356,Wpns Law Violation
6596,80-12-047276,Narcotics
6597,80-11-104635,Aggravated Assault
6598,80-15-101848,Intimidation
6599,80-10-058047,Narcotics
6600,80-10-058047,Narcotics
6601,80-16-095747,Wpns Law Violation
6602,80-10-062415,Narcotics
6603,80-10-062415,Narcotics
6604,80-14-087698,Wpns Law Violation
6605,80-15-057562,Wpns Law Violation
6606,80-15-057562,Wpns Law Violation
6607,80-16-016538,Aggravated Assault
6608,80-16-013451,Wpns Law Violation
6609,80-16-101006,Narcotics
6610,80-16-016538,Aggravated Assault
6611,80-16-016538,Aggravated Assault
6612,80-16-015923,Wpns Law Violation
6613,80-16-016538,Aggravated Assault
6614,80-10-046978,Wpns Law Violation
6615,80-17-005477,Narcotics
6616,80-16-024574,Narcotics
6617,80-17-005477,Narcotics
6618,80-16-015923,Wpns Law Violation
6619,80-16-101006,Narcotics
6620,80-10-046978,Wpns Law Violation
6621,80-14-046416,Narcotics
6622,80-17-005477,Narcotics
6623,80-11-101909,Narcotics
6624,80-13-042790,Narcotics
6625,80-14-006624,Robbery
6626,80-14-056336,Burglary
6627,80-16-035806,Stolen Property
6628,80-15-060254,Stolen Property
6629,80-11-094715,Theft Other
6630,80-16-091591,Wpns Law Violation
6631,80-16-091591,Wpns Law Violation
6632,80-10-094147,Aggravated Assault
6633,80-15-014398,Wpns Law Violation
6634,80-15-046269,Narcotics
6635,80-12-018469,Aggravated Assault
6636,80-14-080677,Wpns Law Violation
6637,80-16-014775,Narcotics
6638,80-16-026375,Wpns Law Violation
6639,80-15-077929,Narcotics
6640,80-16-019043,Shoplifting
6641,80-10-035160,Robbery
6642,80-15-053861,Wpns Law Violation
6643,80-11-015610,Wpns Law Violation
6644,80-14-046416,Narcotics
6645,80-11-043207,Wpns Law Violation
6646,80-12-036805,Narcotics
6647,80-16-101006,Narcotics
6648,80-16-060744,Robbery
6649,80-16-072654,Fraud
6650,80-15-028449,Intimidation
6651,80-16-043217,Wpns Law Violation
6652,80-11-097647,Wpns Law Violation
6653,80-11-097647,Wpns Law Violation
6654,80-15-003249,Stolen Property
6655,80-15-003249,Stolen Property
6656,80-15-086524,Wpns Law Violation
6657,80-10-019014,Aggravated Assault
6658,80-16-083650,Wpns Law Violation
6659,80-16-083650,Wpns Law Violation
6660,80-17-004685,Wpns Law Violation
6661,80-16-044445,Wpns Law Violation
6662,80-15-053861,Wpns Law Violation
6663,80-16-017012,Narcotics
6664,80-12-096160,Wpns Law Violation
6665,80-16-061093,Stolen Property
6666,80-16-092356,Wpns Law Violation
6667,80-14-072863,Narcotics
6668,80-16-090055,Stolen Property
6669,80-11-066704,Narcotics
6670,80-11-066704,Narcotics
6671,80-14-046416,Narcotics
6672,80-11-029202,Narcotics
6673,80-11-029202,Narcotics
6674,80-14-046416,Narcotics
6675,80-12-060039,Aggravated Assault
6676,80-12-016189,Wpns Law Violation
6677,80-11-031973,Wpns Law Violation
6678,80-14-035409,Theft Other
6679,80-15-051744,Wpns Law Violation
6680,80-10-076913,Wpns Law Violation
6681,80-12-036805,Narcotics
6682,80-14-016328,Wpns Law Violation
6683,80-12-036805,Narcotics
6684,80-16-101006,Narcotics
6685,80-16-088226,Wpns Law Violation
6686,80-12-036805,Narcotics
6687,80-12-061286,Wpns Law Violation
6688,80-10-050959,Wpns Law Violation
6689,80-10-069255,Wpns Law Violation
6690,80-10-001933,Robbery
6691,80-16-062326,Narcotics
6692,80-11-088984,Aggravated Assault
6693,80-13-015366,Robbery
6694,80-13-015366,Robbery
6695,80-10-007640,Narcotics
6696,80-10-003785,All Other Offenses
6697,80-15-006957,Narcotics
6698,80-14-015404,Wpns Law Violation
6699,80-13-081413,Narcotics
6700,80-13-081413,Narcotics
6701,80-13-081413,Narcotics
6702,80-13-081413,Narcotics
6703,80-14-063014,Wpns Law Violation
6704,80-14-006624,Robbery
6705,80-12-018633,Narcotics
6706,80-16-092964,Narcotics
6707,80-15-057571,Aggravated Assault
6708,80-16-027356,Wpns Law Violation
6709,80-14-032360,Stolen Property
6710,80-11-000022,Aggravated Assault
6711,80-14-097099,Wpns Law Violation
6712,80-14-085176,Wpns Law Violation
6713,80-15-092348,Narcotics
6714,80-15-092348,Narcotics
6715,80-16-007711,Theft Other
6716,80-13-032439,Wpns Law Violation
6717,80-15-070345,Narcotics
6718,80-16-101704,Narcotics
6719,80-10-096964,Narcotics
6720,80-12-070847,Wpns Law Violation
6721,80-16-063276,Wpns Law Violation
6722,80-11-083521,Counterfeiting
6723,80-12-031816,Aggravated Assault
6724,80-14-014110,Narcotics
6725,80-11-058771,Burglary
6726,80-16-065950,Narcotics
6727,80-10-074157,Robbery
6728,80-10-074157,Robbery
6729,80-14-006624,Robbery
6730,80-16-101704,Narcotics
6731,80-13-055454,Wpns Law Violation
6732,80-11-029145,Aggravated Assault
6733,80-16-066721,Aggravated Assault
6734,80-12-068493,Narcotics
6735,80-16-052114,Aggravated Assault
6736,80-16-044842,Wpns Law Violation
6737,80-11-014008,Narcotics
6738,80-11-014008,Narcotics
6739,80-14-055969,Narcotics
6740,80-11-044870,Narcotics
6741,80-13-077545,Burglary
6742,80-10-001868,Wpns Law Violation
6743,80-16-070110,Narcotics
6744,80-16-070110,Narcotics
6745,80-16-020941,Narcotics
6746,80-16-020941,Narcotics
6747,80-16-020941,Narcotics
6748,80-16-020941,Narcotics
6749,80-16-049751,Robbery
6750,80-16-049751,Robbery
6751,80-16-057317,Stolen Property
6752,80-16-019332,Wpns Law Violation
6753,80-15-093310,Wpns Law Violation
6754,80-15-093310,Wpns Law Violation
6755,80-17-005707,Stolen Property
6756,80-17-005707,Stolen Property
6757,80-14-048607,Stolen Property
6758,80-13-045271,Narcotics
6759,80-13-045271,Narcotics
6760,80-13-045271,Narcotics
6761,80-13-045271,Narcotics
6762,80-13-045271,Narcotics
6763,80-13-045271,Narcotics
6764,80-13-045271,Narcotics
6765,80-16-101704,Narcotics
6766,80-16-058301,Theft Fr Veh
6767,80-16-058301,Theft Fr Veh
6768,80-16-058301,Theft Fr Veh
6769,80-10-058715,Narcotics
6770,80-10-058715,Narcotics
6771,80-10-058715,Narcotics
6772,80-10-058715,Narcotics
6773,80-10-058715,Narcotics
6774,80-10-058715,Narcotics
6775,80-13-035936,Aggravated Assault
6776,80-15-058373,Aggravated Assault
6777,80-16-028974,Narcotics
6778,80-14-068406,Wpns Law Violation
6779,80-14-068406,Wpns Law Violation
6780,80-15-017226,Wpns Law Violation
6781,80-16-110342,Wpns Law Violation
6782,80-10-092992,Wpns Law Violation
6783,80-12-006129,Robbery
6784,80-12-006129,Robbery
6785,80-12-006129,Robbery
6786,80-12-006129,Robbery
6787,80-12-006129,Robbery
6788,80-15-046269,Narcotics
6789,80-15-105685,Simple Assault
6790,80-10-099389,Aggravated Assault
6791,80-16-103300,Narcotics
6792,80-16-103300,Narcotics
6793,80-16-103300,Narcotics
6794,80-14-064981,Aggravated Assault
6795,80-16-104725,Wpns Law Violation
6796,80-10-039205,Injured Person Report
6797,80-12-009008,Narcotics
6798,80-15-023435,Stolen Property
6799,80-16-012377,Narcotics
6800,80-16-106047,Narcotics
6801,80-16-106047,Narcotics
6802,80-16-106047,Narcotics
6803,80-16-035662,Counterfeiting
6804,80-16-035662,Counterfeiting
6805,80-15-092863,Aggravated Assault
6806,80-13-099352,Aggravated Assault
6807,80-12-082214,Aggravated Assault
6808,80-17-004455,Wpns Law Violation
6809,80-16-045644,Wpns Law Violation
6810,80-16-045644,Wpns Law Violation
6811,80-11-035915,Narcotics
6812,80-11-035915,Narcotics
6813,80-14-047495,Wpns Law Violation
6814,80-13-058056,Wpns Law Violation
6815,80-10-028725,Narcotics
6816,80-13-040936,Aggravated Assault
6817,80-15-012470,Wpns Law Violation
6818,80-14-027029,Aggravated Assault
6819,80-14-080963,Wpns Law Violation
6820,80-15-076110,Aggravated Assault
6821,80-13-051041,Narcotics
6822,80-12-037017,Robbery
6823,80-12-037017,Robbery
6824,80-12-037017,Robbery
6825,80-16-090394,Burglary
6826,80-16-090394,Burglary
6827,80-14-021262,Robbery
6828,80-14-021262,Robbery
6829,80-11-003795,Narcotics
6830,80-11-004906,Wpns Law Violation
6831,80-13-055729,Stolen Property
6832,80-14-075628,Aggravated Assault
6833,80-11-102162,Narcotics
6834,80-10-074157,Robbery
6835,80-15-101244,Narcotics
6836,80-15-101244,Narcotics
6837,80-10-080743,Narcotics
6838,80-15-074639,Wpns Law Violation
6839,80-15-101277,Narcotics
6840,80-15-101277,Narcotics
6841,80-15-038849,Wpns Law Violation
6842,80-16-014024,Wpns Law Violation
6843,80-10-076576,Wpns Law Violation
6844,80-14-092257,Aggravated Assault
6845,80-13-048799,Wpns Law Violation
6846,80-14-085323,Aggravated Assault
6847,80-11-104166,Wpns Law Violation
6848,80-11-104166,Wpns Law Violation
6849,80-11-104166,Wpns Law Violation
6850,80-11-014240,Narcotics
6851,80-16-095605,Wpns Law Violation
6852,80-11-084277,Wpns Law Violation
6853,80-14-001471,Narcotics
6854,80-12-070059,Aggravated Assault
6855,80-17-009059,Stolen Property
6856,80-16-031161,Narcotics
6857,80-10-042048,Simple Assault
6858,80-17-012265,Vandalism
6859,80-17-012265,Vandalism
6860,80-14-013516,Narcotics
6861,80-16-065950,Narcotics
6862,80-14-078043,Wpns Law Violation
6863,80-15-006710,Narcotics
6864,80-15-040908,Aggravated Assault
6865,80-13-070199,Wpns Law Violation
6866,80-15-066492,Wpns Law Violation
6867,80-14-024543,Counterfeiting
6868,80-16-083450,Wpns Law Violation
6869,80-16-057395,Narcotics
6870,80-17-014942,Narcotics
6871,80-14-000303,Aggravated Assault
6872,80-16-067915,Aggravated Assault
6873,80-14-029500,Wpns Law Violation
6874,80-15-055812,Narcotics Equip
6875,80-16-079544,Aggravated Assault
6876,80-14-023658,Stolen Property
6877,80-11-033253,Intimidation
6878,80-17-002739,Narcotics
6879,80-17-002739,Narcotics
6880,80-15-056922,Wpns Law Violation
6881,80-11-035754,Wpns Law Violation
6882,80-12-007208,Wpns Law Violation
6883,80-12-007208,Wpns Law Violation
6884,80-10-058047,Narcotics
6885,80-10-058047,Narcotics
6886,80-10-062415,Narcotics
6887,80-10-062415,Narcotics
6888,80-15-005831,Aggravated Assault
6889,80-15-005831,Aggravated Assault
6890,80-15-005831,Aggravated Assault
6891,80-15-005831,Aggravated Assault
6892,80-17-004747,Wpns Law Violation
6893,80-13-007467,Narcotics
6894,80-17-003766,Wpns Law Violation
6895,80-15-056942,Burglary
6896,80-14-069870,Aggravated Assault
6897,80-12-009242,Narcotics
6898,80-13-086429,Wpns Law Violation
6899,80-14-044450,Narcotics
6900,80-13-012802,Narcotics
6901,80-15-042887,Narcotics
6902,80-15-042887,Narcotics
6903,80-15-044461,Wpns Law Violation
6904,80-14-018437,Wpns Law Violation
6905,80-12-052363,Robbery
6906,80-12-070825,Narcotics
6907,80-14-030017,Aggravated Assault
6908,80-14-035509,Robbery
6909,80-14-045293,Aggravated Assault
6910,80-14-051007,Stolen Property
6911,80-15-076032,Narcotics
6912,80-15-040647,Wpns Law Violation
6913,80-15-076032,Narcotics
6914,80-15-076032,Narcotics
6915,80-15-076032,Narcotics
6916,80-14-055544,Robbery
6917,80-15-076084,Wpns Law Violation
6918,80-16-040965,Aggravated Assault
6919,80-15-084326,Wpns Law Violation
6920,80-16-048498,Wpns Law Violation
6921,80-14-079214,Narcotics
6922,80-15-055289,Robbery
6923,80-15-009069,Wpns Law Violation
6924,80-11-055132,Robbery
6925,80-16-012624,Wpns Law Violation
6926,80-16-012624,Wpns Law Violation
6927,80-12-075746,Wpns Law Violation
6928,80-13-081413,Narcotics
6929,80-13-081413,Narcotics
6930,80-16-082504,Wpns Law Violation
6931,80-13-051041,Narcotics
6932,80-12-052363,Robbery
6933,80-15-020938,Wpns Law Violation
6934,80-16-048788,Wpns Law Violation
6935,80-17-005927,Wpns Law Violation
6936,80-12-091382,Wpns Law Violation
6937,80-13-016545,Aggravated Assault
6938,80-13-068214,Wpns Law Violation
6939,80-13-068214,Wpns Law Violation
6940,80-14-056336,Burglary
6941,80-14-081425,Wpns Law Violation
6942,80-14-081738,Wpns Law Violation
6943,80-16-029900,Burglary
6944,80-15-105022,Aggravated Assault
6945,80-14-030234,Aggravated Assault
6946,80-15-016188,Stolen Property
6947,80-16-098290,Narcotics
6948,80-16-098290,Narcotics
6949,80-15-005810,Counterfeiting
6950,80-16-050936,Wpns Law Violation
6951,80-16-083450,Wpns Law Violation
6952,80-15-040531,Simple Assault
6953,80-16-092951,Aggravated Assault
6954,80-16-089881,Narcotics
6955,80-10-015707,Narcotics
6956,80-14-090891,Wpns Law Violation
6957,80-10-094147,Aggravated Assault
6958,80-10-026483,Wpns Law Violation
6959,80-12-088951,Wpns Law Violation
6960,80-10-095475,Robbery
6961,80-13-052721,Narcotics
6962,80-15-020938,Wpns Law Violation
6963,80-15-033071,Wpns Law Violation
6964,80-12-052363,Robbery
6965,80-15-020938,Wpns Law Violation
6966,80-13-052721,Narcotics
6967,80-10-082931,Robbery
6968,80-12-050934,Wpns Law Violation
6969,80-16-050626,Wpns Law Violation
6970,80-14-097900,Wpns Law Violation
6971,80-13-052721,Narcotics
6972,80-15-020938,Wpns Law Violation
6973,80-13-081691,Narcotics
6974,80-11-096994,Wpns Law Violation
6975,80-16-072774,Intimidation
6976,80-16-024946,Narcotics
6977,80-16-024946,Narcotics
6978,80-16-009446,Forcible Rape
6979,80-16-040965,Aggravated Assault
6980,80-15-016188,Stolen Property
6981,80-15-016188,Stolen Property
6982,80-16-072606,Aggravated Assault
6983,80-16-072606,Aggravated Assault
6984,80-16-072606,Aggravated Assault
6985,80-16-079374,Narcotics
6986,80-16-079374,Narcotics
6987,80-16-069650,Stolen Property
6988,80-16-069650,Stolen Property
6989,80-14-077692,Stolen Property
6990,80-14-077692,Stolen Property
6991,80-14-079889,Wpns Law Violation
6992,80-14-079799,Wpns Law Violation
6993,80-12-087476,Robbery
6994,80-12-005611,Wpns Law Violation
6995,80-14-081738,Wpns Law Violation
6996,80-13-040936,Aggravated Assault
6997,80-16-065950,Narcotics
6998,80-10-000781,Robbery
6999,80-10-000781,Robbery
7000,80-11-005586,Burglary
7001,80-10-074692,Aggravated Assault
7002,80-10-029313,Wpns Law Violation
7003,80-10-017394,Aggravated Assault
7004,80-11-061824,Intimidation
7005,80-15-009069,Wpns Law Violation
7006,80-12-016178,Narcotics
7007,80-13-016545,Aggravated Assault
7008,80-13-016545,Aggravated Assault
7009,80-14-018898,Narcotics
7010,80-14-018898,Narcotics
7011,80-10-015707,Narcotics
7012,80-10-017570,Robbery
7013,80-14-094337,Aggravated Assault
7014,80-14-046416,Narcotics
7015,80-14-046416,Narcotics
7016,80-14-084850,Aggravated Assault
7017,80-10-028534,Wpns Law Violation
7018,80-13-090003,Burglary
7019,80-13-091219,Narcotics
7020,80-13-091219,Narcotics
7021,80-16-004536,Wpns Law Violation
7022,80-16-072287,Wpns Law Violation
7023,80-13-081691,Narcotics
7024,80-16-072287,Wpns Law Violation
7025,80-10-052019,Wpns Law Violation
7026,80-11-055584,Wpns Law Violation
7027,80-16-004536,Wpns Law Violation
7028,80-10-024123,Wpns Law Violation
7029,80-16-015060,Wpns Law Violation
7030,80-10-082931,Robbery
7031,80-16-096192,Aggravated Assault
7032,80-12-068858,Wpns Law Violation
7033,80-12-098686,Narcotics
7034,80-16-101149,Simple Assault
7035,80-12-032176,Narcotics
7036,80-11-075250,Wpns Law Violation
7037,80-12-073304,Wpns Law Violation
7038,80-16-065950,Narcotics
7039,80-16-105229,Aggravated Assault
7040,80-16-105229,Aggravated Assault
7041,80-16-105229,Aggravated Assault
7042,80-17-008545,Wpns Law Violation
7043,80-14-014665,Narcotics
7044,80-17-004505,Wpns Law Violation
7045,80-14-058287,Robbery
7046,80-11-051561,Wpns Law Violation
7047,80-11-055299,Wpns Law Violation
7048,80-14-032487,Wpns Law Violation
7049,80-14-032487,Wpns Law Violation
7050,80-16-048877,Robbery
7051,80-16-048877,Robbery
7052,80-17-012491,Stolen Property
7053,80-13-093423,Narcotics
7054,80-12-014633,Stolen Property
7055,80-13-006299,Narcotics
7056,80-11-059032,Wpns Law Violation
7057,80-15-064663,Wpns Law Violation
7058,80-15-064663,Wpns Law Violation
7059,80-14-012504,Narcotics
7060,80-15-033755,Wpns Law Violation
7061,80-14-052459,Wpns Law Violation
7062,80-14-077482,Wpns Law Violation
7063,80-10-068063,Robbery
7064,80-16-063364,Aggravated Assault
7065,80-16-063364,Aggravated Assault
7066,80-16-063364,Aggravated Assault
7067,80-16-078761,Wpns Law Violation
7068,80-13-033236,Narcotics
7069,80-10-073154,Narcotics
7070,80-16-100133,Aggravated Assault
7071,80-15-092802,Wpns Law Violation
7072,80-16-017047,Intimidation
7073,80-11-014240,Narcotics
7074,80-10-082931,Robbery
7075,80-17-011732,Narcotics
7076,80-12-070825,Narcotics
7077,80-12-013281,Wpns Law Violation
7078,80-17-007159,Narcotics
7079,80-17-007159,Narcotics
7080,80-17-007159,Narcotics
7081,80-17-007159,Narcotics
7082,80-11-083464,Aggravated Assault
7083,80-16-051583,Aggravated Assault
7084,80-16-011115,Narcotics
7085,80-16-051583,Aggravated Assault
7086,80-14-030234,Aggravated Assault
7087,80-12-077821,Robbery
7088,80-13-018443,Vandalism
7089,80-16-052974,Wpns Law Violation
7090,80-17-007236,Narcotics
7091,80-17-007236,Narcotics
7092,80-14-095339,Theft Other
7093,80-13-076499,Aggravated Assault
7094,80-10-070300,Fraud Impersonation
7095,80-15-059754,Narcotics
7096,80-13-021135,Aggravated Assault
7097,80-11-009159,Narcotics
7098,80-11-009159,Narcotics
7099,80-11-009159,Narcotics
7100,80-15-053299,Wpns Law Violation
7101,80-16-028476,Stolen Property
7102,80-15-082723,Narcotics
7103,80-16-017929,Robbery
7104,80-17-006039,Aggravated Assault
7105,80-11-100969,Wpns Law Violation
7106,80-16-102348,Narcotics
7107,80-14-094647,Narcotics
7108,80-16-011377,Aggravated Assault
7109,80-13-014188,Wpns Law Violation
7110,80-14-096837,Wpns Law Violation
7111,80-12-087370,Forcible Rape
7112,80-16-098446,Narcotics
7113,80-12-091629,Aggravated Assault
7114,80-10-076928,Narcotics
7115,80-13-004535,Aggravated Assault
7116,80-12-028273,Wpns Law Violation
7117,80-11-020420,Aggravated Assault
7118,80-14-030234,Aggravated Assault
7119,80-14-030234,Aggravated Assault
7120,80-14-030234,Aggravated Assault
7121,80-14-030234,Aggravated Assault
7122,80-11-089074,Wpns Law Violation
7123,80-13-064243,Stolen Property
7124,80-12-054948,Narcotics
7125,80-14-047747,Accidental Shooting
7126,80-15-030710,Wpns Law Violation
7127,80-15-030710,Wpns Law Violation
7128,80-14-017356,Narcotics
7129,80-14-017356,Narcotics
7130,80-10-014259,Narcotics
7131,80-10-014259,Narcotics
7132,80-12-039900,Aggravated Assault
7133,80-10-057789,Wpns Law Violation
7134,80-15-093734,Narcotics
7135,80-15-093734,Narcotics
7136,80-15-093734,Narcotics
7137,80-14-035326,Intimidation
7138,80-15-013203,Narcotics
7139,80-15-013203,Narcotics
7140,80-11-020420,Aggravated Assault
7141,80-15-013203,Narcotics
7142,80-15-013203,Narcotics
7143,80-12-087156,Narcotics
7144,80-15-020136,Wpns Law Violation
7145,80-16-079123,Wpns Law Violation
7146,80-15-004624,Wpns Law Violation
7147,80-15-004624,Wpns Law Violation
7148,80-12-032176,Narcotics
7149,80-15-025656,Wpns Law Violation
7150,80-11-029002,Wpns Law Violation
7151,80-15-008775,Aggravated Assault
7152,80-15-008775,Aggravated Assault
7153,80-16-106571,Narcotics
7154,80-16-106571,Narcotics
7155,80-16-106571,Narcotics
7156,80-16-106571,Narcotics
7157,80-16-106571,Narcotics
7158,80-16-106571,Narcotics
7159,80-16-073413,Aggravated Assault
7160,80-12-025419,Narcotics
7161,80-14-024543,Counterfeiting
7162,80-14-028310,Aggravated Assault
7163,80-14-028310,Aggravated Assault
7164,80-14-028310,Aggravated Assault
7165,80-14-028310,Aggravated Assault
7166,80-14-073828,Narcotics
7167,80-14-073828,Narcotics
7168,80-14-073828,Narcotics
7169,80-16-027431,Narcotics
7170,80-14-065576,Wpns Law Violation
7171,80-14-065576,Wpns Law Violation
7172,80-16-037378,Wpns Law Violation
7173,80-16-037378,Wpns Law Violation
7174,80-10-093258,Wpns Law Violation
7175,80-10-093258,Wpns Law Violation
7176,80-12-080489,Wpns Law Violation
7177,80-11-033253,Intimidation
7178,80-14-056044,Robbery
7179,80-14-025039,Aggravated Assault
7180,80-14-029500,Wpns Law Violation
7181,80-17-007236,Narcotics
7182,80-14-030017,Aggravated Assault
7183,80-13-027664,Aggravated Assault
7184,80-14-094647,Narcotics
7185,80-11-089851,Aggravated Assault
7186,80-14-046818,Stolen Property
7187,80-13-014188,Wpns Law Violation
7188,80-14-017222,Aggravated Assault
7189,80-16-059160,Narcotics
7190,80-16-059160,Narcotics
7191,80-16-059160,Narcotics
7192,80-16-098446,Narcotics
7193,80-14-055544,Robbery
7194,80-14-025039,Aggravated Assault
7195,80-13-027463,Narcotics
7196,80-13-027463,Narcotics
7197,80-16-063364,Aggravated Assault
7198,80-10-073154,Narcotics
7199,80-16-015125,Aggravated Assault
7200,80-16-063564,Burglary
7201,80-12-032175,Burglary
7202,80-12-032175,Burglary
7203,80-12-032175,Burglary
7204,80-13-073673,Wpns Law Violation
7205,80-11-050611,Wpns Law Violation
7206,80-17-012265,Vandalism
7207,80-17-012265,Vandalism
7208,80-16-078599,Wpns Law Violation
7209,80-11-005611,Intimidation
7210,80-10-043286,Wpns Law Violation
7211,80-16-049664,All Other Offenses
7212,80-16-029712,Robbery
7213,80-13-078884,Wpns Law Violation
7214,80-12-059861,Aggravated Assault
7215,80-11-020420,Aggravated Assault
7216,80-14-066447,Wpns Law Violation
7217,80-14-067589,Wpns Law Violation
7218,80-15-052417,Stolen Property
7219,80-17-005893,Stolen Property
7220,80-15-103038,Bribery
7221,80-16-105424,Wpns Law Violation
7222,80-15-044765,Wpns Law Violation
7223,80-16-043546,Accidental Shooting
7224,80-15-063389,Wpns Law Violation
7225,80-15-021916,Wpns Law Violation
7226,80-16-089881,Narcotics
7227,80-16-089881,Narcotics
7228,80-16-089881,Narcotics
7229,80-15-032444,Wpns Law Violation
7230,80-16-089881,Narcotics
7231,80-16-089881,Narcotics
7232,80-16-015913,Aggravated Assault
7233,80-12-049235,Narcotics
7234,80-14-045098,Aggravated Assault
7235,80-16-030614,Narcotics
7236,80-15-042887,Narcotics
7237,80-15-083579,Robbery
7238,80-16-110670,Aggravated Assault
7239,80-15-055822,Wpns Law Violation
7240,80-15-056929,Narcotics
7241,80-15-076084,Wpns Law Violation
7242,80-16-046619,Wpns Law Violation
7243,80-15-086279,Wpns Law Violation
7244,80-15-064575,Wpns Law Violation
7245,80-10-066011,Wpns Law Violation
7246,80-15-106533,Robbery
7247,80-15-106533,Robbery
7248,80-15-106533,Robbery
7249,80-11-029936,Narcotics
7250,80-11-029936,Narcotics
7251,80-15-015451,Aggravated Assault
7252,80-14-048766,Wpns Law Violation
7253,80-12-049235,Narcotics
7254,80-12-049235,Narcotics
7255,80-14-053094,Narcotics
7256,80-15-049290,Wpns Law Violation
7257,80-13-078744,Wpns Law Violation
7258,80-16-068349,Aggravated Assault
7259,80-14-058865,Wpns Law Violation
7260,80-15-103148,Aggravated Assault
7261,80-14-053094,Narcotics
7262,80-13-083202,Wpns Law Violation
7263,80-12-049235,Narcotics
7264,80-16-047316,Narcotics
7265,80-14-051099,Wpns Law Violation
7266,80-13-017707,Wpns Law Violation
7267,80-17-007159,Narcotics
7268,80-10-061697,Narcotics
7269,80-14-016193,Wpns Law Violation
7270,80-13-017707,Wpns Law Violation
7271,80-14-025160,Simple Assault
7272,80-11-031980,Aggravated Assault
7273,80-10-061697,Narcotics
7274,80-13-078495,Robbery
7275,80-17-007159,Narcotics
7276,80-16-020958,Narcotics
7277,80-15-096944,Wpns Law Violation
7278,80-14-025160,Simple Assault
7279,80-10-061697,Narcotics
7280,80-13-078495,Robbery
7281,80-17-007159,Narcotics
7282,80-16-002945,Aggravated Assault
7283,80-14-030290,Theft Other
7284,80-14-047678,Aggravated Assault
7285,80-14-032059,Family Offenses
7286,80-16-002945,Aggravated Assault
7287,80-17-007159,Narcotics
7288,80-14-047693,Wpns Law Violation
7289,80-12-091873,Wpns Law Violation
7290,80-12-009242,Narcotics
7291,80-14-052937,Burglary
7292,80-16-002945,Aggravated Assault
7293,80-14-032487,Wpns Law Violation
7294,80-17-007159,Narcotics
7295,80-15-103971,Wpns Law Violation
7296,80-14-032487,Wpns Law Violation
7297,80-11-031980,Aggravated Assault
7298,80-14-059753,Aggravated Assault
7299,80-11-018778,All Other Offenses
7300,80-16-081995,Wpns Law Violation
7301,80-15-103971,Wpns Law Violation
7302,80-16-002945,Aggravated Assault
7303,80-16-092951,Aggravated Assault
7304,80-11-031980,Aggravated Assault
7305,80-11-084927,Burglary
7306,80-15-105952,Wpns Law Violation
7307,80-11-095821,Aggravated Assault
7308,80-14-079214,Narcotics
7309,80-11-055132,Robbery
7310,80-14-007397,Stolen Property
7311,80-14-007397,Stolen Property
7312,80-15-027431,Wpns Law Violation
7313,80-13-027056,Robbery
7314,80-11-055132,Robbery
7315,80-15-017597,Narcotics
7316,80-15-102170,Wpns Law Violation
7317,80-17-013445,Wpns Law Violation
7318,80-13-077995,Wpns Law Violation
7319,80-14-002702,Stolen Property
7320,80-11-064131,Stolen Property
7321,80-16-038507,Wpns Law Violation
7322,80-15-097816,Wpns Law Violation
7323,80-16-071363,Aggravated Assault
7324,80-16-071363,Aggravated Assault
7325,80-17-006070,Narcotics
7326,80-15-104422,Wpns Law Violation
7327,80-16-089357,Narcotics
7328,80-16-090635,Wpns Law Violation
7329,80-16-090557,Robbery
7330,80-16-090557,Robbery
7331,80-17-001659,Wpns Law Violation
7332,80-16-084859,Wpns Law Violation
7333,80-16-108474,Stolen Property
7334,80-15-016188,Stolen Property
7335,80-15-063110,Wpns Law Violation
7336,80-16-050936,Wpns Law Violation
7337,80-17-010862,Aggravated Assault
7338,80-16-024581,Wpns Law Violation
7339,80-16-105152,Narcotics
7340,80-15-047494,Aggravated Assault
7341,80-14-065384,Aggravated Assault
7342,80-15-035509,Wpns Law Violation
7343,80-14-021338,Robbery
7344,80-11-086917,Robbery
7345,80-11-021323,Wpns Law Violation
7346,80-11-021323,Wpns Law Violation
7347,80-14-073468,Stolen Property
7348,80-16-063874,Wpns Law Violation
7349,80-13-037115,Narcotics
7350,80-10-020800,Aggravated Assault
7351,80-10-034100,Aggravated Assault
7352,80-13-034425,Wpns Law Violation
7353,80-14-091998,Theft Other
7354,80-10-073422,Narcotics
7355,80-15-053624,Wpns Law Violation
7356,80-14-077674,Narcotics
7357,80-10-021996,Wpns Law Violation
7358,80-13-009884,Theft Fr Vend Machine
7359,80-14-078698,Wpns Law Violation
7360,80-10-073422,Narcotics
7361,80-10-023881,Aggravated Assault
7362,80-16-076174,Shoplifting
7363,80-12-005021,Wpns Law Violation
7364,80-10-085724,Vandalism
7365,80-15-053624,Wpns Law Violation
7366,80-14-058837,Aggravated Assault
7367,80-10-026297,Narcotics
7368,80-12-005021,Wpns Law Violation
7369,80-12-005336,Narcotics
7370,80-10-052359,Wpns Law Violation
7371,80-10-064149,All Other Offenses
7372,80-17-004209,Aggravated Assault
7373,80-10-050009,Robbery
7374,80-16-001210,Wpns Law Violation
7375,80-16-052974,Wpns Law Violation
7376,80-10-065832,Theft Other
7377,80-16-004678,Fraud Credit Card/atm
7378,80-15-022222,Robbery
7379,80-10-050009,Robbery
7380,80-14-036231,Stolen Property
7381,80-11-027504,Narcotics
7382,80-16-004678,Fraud Credit Card/atm
7383,80-10-081688,Simple Assault
7384,80-15-022748,Injured Person Report
7385,80-14-036231,Stolen Property
7386,80-14-058280,Wpns Law Violation
7387,80-16-016283,Wpns Law Violation
7388,80-10-097010,Aggravated Assault
7389,80-10-065832,Theft Other
7390,80-14-058280,Wpns Law Violation
7391,80-14-027023,Narcotics
7392,80-15-021446,Stolen Property
7393,80-10-065832,Theft Other
7394,80-10-095475,Robbery
7395,80-10-097010,Aggravated Assault
7396,80-14-082261,Narcotics
7397,80-14-027023,Narcotics
7398,80-10-097563,All Other Offenses
7399,80-14-044488,Stolen Property
7400,80-10-097563,All Other Offenses
7401,80-16-078599,Wpns Law Violation
7402,80-11-046424,Robbery
7403,80-14-027023,Narcotics
7404,80-15-026821,Wpns Law Violation
7405,80-12-019569,Wpns Law Violation
7406,80-11-086917,Robbery
7407,80-16-030338,Stolen Property
7408,80-15-022593,Wpns Law Violation
7409,80-11-056520,Aggravated Assault
7410,80-12-039753,Burglary
7411,80-13-039458,Robbery
7412,80-16-012315,Stolen Property
7413,80-11-009228,Narcotics
7414,80-15-036277,Wpns Law Violation
7415,80-11-050567,Wpns Law Violation
7416,80-12-046958,Robbery
7417,80-16-030900,Wpns Law Violation
7418,80-15-036689,Wpns Law Violation
7419,80-15-028432,Wpns Law Violation
7420,80-11-050567,Wpns Law Violation
7421,80-16-042924,Aggravated Assault
7422,80-12-046958,Robbery
7423,80-16-033308,All Other Offenses
7424,80-16-033308,All Other Offenses
7425,80-16-037845,Auto Theft
7426,80-16-041480,Simple Assault
7427,80-16-042073,Aggravated Assault
7428,80-16-042073,Aggravated Assault
7429,80-16-037845,Auto Theft
7430,80-16-057649,Wpns Law Violation
7431,80-16-057649,Wpns Law Violation
7432,80-16-079795,Wpns Law Violation
7433,80-16-084501,Aggravated Assault
7434,80-16-094418,Aggravated Assault
7435,80-16-101135,Aggravated Assault
7436,80-16-101135,Aggravated Assault
7437,80-16-101135,Aggravated Assault
7438,80-16-101135,Aggravated Assault
7439,80-16-108014,Stolen Property
7440,80-16-108014,Stolen Property
7441,80-14-053195,Aggravated Assault
7442,80-14-053195,Aggravated Assault
7443,80-14-058425,Aggravated Assault
7444,80-14-067069,Burglary
7445,80-14-067320,Wpns Law Violation
7446,80-14-072138,Theft Other
7447,80-14-073299,Wpns Law Violation
7448,80-14-099689,Stolen Property
7449,80-15-018794,Wpns Law Violation
7450,80-17-013647,Wpns Law Violation
7451,80-15-028439,Narcotics
7452,80-11-050567,Wpns Law Violation
7453,80-12-055953,Wpns Law Violation
7454,80-12-048525,Aggravated Assault
7455,80-12-055953,Wpns Law Violation
7456,80-15-028439,Narcotics
7457,80-14-019877,Wpns Law Violation
7458,80-12-060533,Aggravated Assault
7459,80-11-008165,Aggravated Assault
7460,80-15-038245,Wpns Law Violation
7461,80-12-060533,Aggravated Assault
7462,80-15-019294,Robbery
7463,80-11-008165,Aggravated Assault
7464,80-15-032685,Wpns Law Violation
7465,80-15-042280,Narcotics
7466,80-12-083042,Wpns Law Violation
7467,80-11-026561,Aggravated Assault
7468,80-15-019294,Robbery
7469,80-15-032685,Wpns Law Violation
7470,80-15-047247,Wpns Law Violation
7471,80-15-047247,Wpns Law Violation
7472,80-15-054709,Wpns Law Violation
7473,80-15-049487,Aggravated Assault
7474,80-15-044724,Wpns Law Violation
7475,80-15-054709,Wpns Law Violation
7476,80-15-082737,Wpns Law Violation
7477,80-15-086347,Robbery
7478,80-15-042979,Robbery
7479,80-15-042979,Robbery
7480,80-13-038062,Aggravated Assault
7481,80-12-058511,Wpns Law Violation
7482,80-16-029712,Robbery
7483,80-15-087786,Wpns Law Violation
7484,80-15-034654,Aggravated Assault
7485,80-16-088161,Shoplifting
7486,80-14-054489,Theft Fr Veh
7487,80-11-027504,Narcotics
7488,80-16-014436,Narcotics
7489,80-16-014436,Narcotics
7490,80-14-032397,Wpns Law Violation
7491,80-14-032397,Wpns Law Violation
7492,80-16-002945,Aggravated Assault
7493,80-11-040054,Wpns Law Violation
7494,80-11-040054,Wpns Law Violation
7495,80-10-064764,Wpns Law Violation
7496,80-15-102899,Fraud Impersonation
7497,80-13-072889,Aggravated Assault
7498,80-13-072889,Aggravated Assault
7499,80-15-056516,Theft Other
7500,80-11-026561,Aggravated Assault
7501,80-15-025475,Aggravated Assault
7502,80-11-026561,Aggravated Assault
7503,80-15-025475,Aggravated Assault
7504,80-11-026561,Aggravated Assault
7505,80-13-070077,Stolen Property
7506,80-15-026454,Wpns Law Violation
7507,80-13-070077,Stolen Property
7508,80-11-044472,Wpns Law Violation
7509,80-12-083042,Wpns Law Violation
7510,80-15-041364,Wpns Law Violation
7511,80-12-090502,Wpns Law Violation
7512,80-11-044472,Wpns Law Violation
7513,80-13-070077,Stolen Property
7514,80-15-042564,Wpns Law Violation
7515,80-13-015796,Narcotics
7516,80-16-006398,Wpns Law Violation
7517,80-11-077879,Wpns Law Violation
7518,80-15-040214,Wpns Law Violation
7519,80-13-015796,Narcotics
7520,80-11-064036,Narcotics
7521,80-15-066812,Accidental Shooting
7522,80-11-090205,Aggravated Assault
7523,80-15-090756,Robbery
7524,80-13-015628,Simple Assault
7525,80-16-030614,Narcotics
7526,80-14-016193,Wpns Law Violation
7527,80-15-090756,Robbery
7528,80-13-015628,Simple Assault
7529,80-13-007737,Wpns Law Violation
7530,80-13-028902,Simple Assault
7531,80-13-033704,Aggravated Assault
7532,80-16-054416,Aggravated Assault
7533,80-16-054416,Aggravated Assault
7534,80-13-076499,Aggravated Assault
7535,80-12-032865,Theft Fr Veh
7536,80-16-051868,Narcotics
7537,80-14-069344,Narcotics
7538,80-14-069344,Narcotics
7539,80-14-069344,Narcotics
7540,80-14-069344,Narcotics
7541,80-14-069344,Narcotics
7542,80-14-069344,Narcotics
7543,80-16-051868,Narcotics
7544,80-13-000972,Narcotics
7545,80-13-000972,Narcotics
7546,80-10-042976,Wpns Law Violation
7547,80-13-009778,Aggravated Assault
7548,80-13-035689,Wpns Law Violation
7549,80-13-008416,Robbery
7550,80-16-002945,Aggravated Assault
7551,80-13-008416,Robbery
7552,80-13-039458,Robbery
7553,80-16-064085,Narcotics
7554,80-16-030500,Wpns Law Violation
7555,80-12-066515,Burglary
7556,80-16-040303,Wpns Law Violation
7557,80-12-009062,Wpns Law Violation
7558,80-16-033635,Wpns Law Violation
7559,80-16-105229,Aggravated Assault
7560,80-14-027029,Aggravated Assault
7561,80-16-033635,Wpns Law Violation
7562,80-16-105229,Aggravated Assault
7563,80-14-027029,Aggravated Assault
7564,80-16-040058,Wpns Law Violation
7565,80-16-105229,Aggravated Assault
7566,80-14-027029,Aggravated Assault
7567,80-14-027029,Aggravated Assault
7568,80-13-051041,Narcotics
7569,80-13-051041,Narcotics
7570,80-13-090294,Wpns Law Violation
7571,80-16-102376,Stolen Property
7572,80-16-102376,Stolen Property
7573,80-16-006610,Stolen Property
7574,80-11-025763,Wpns Law Violation
7575,80-16-047879,Stolen Property
7576,80-12-044709,Narcotics
7577,80-12-044709,Narcotics
7578,80-15-023503,Aggravated Assault
7579,80-12-102875,Aggravated Assault
7580,80-12-102875,Aggravated Assault
7581,80-14-073888,Narcotics
7582,80-14-073888,Narcotics
7583,80-12-017712,Narcotics
7584,80-12-017712,Narcotics
7585,80-15-049290,Wpns Law Violation
7586,80-16-046619,Wpns Law Violation
7587,80-16-061955,Wpns Law Violation
7588,80-16-068234,Simple Assault
7589,80-16-082080,Aggravated Assault
7590,80-17-000456,Wpns Law Violation
7591,80-17-002684,Robbery
7592,80-16-098290,Narcotics
7593,80-17-009384,Wpns Law Violation
7594,80-17-009975,Stolen Property
7595,80-17-006863,Wpns Law Violation
7596,80-11-090205,Aggravated Assault
7597,80-11-097943,Aggravated Assault
7598,80-11-097943,Aggravated Assault
7599,80-16-048801,Wpns Law Violation
7600,80-16-109123,Stolen Property
7601,80-17-012068,Wpns Law Violation
7602,80-17-009520,Wpns Law Violation
7603,80-17-011817,Aggravated Assault
7604,80-16-014973,Accidental Shooting
7605,80-11-104349,Wpns Law Violation
7606,80-11-104349,Wpns Law Violation
7607,80-12-037378,Wpns Law Violation
7608,80-12-046431,Robbery
7609,80-12-054751,Wpns Law Violation
7610,80-12-054751,Wpns Law Violation
7611,80-13-076056,Wpns Law Violation
7612,80-12-068393,Wpns Law Violation
7613,80-12-068393,Wpns Law Violation
7614,80-13-009474,Wpns Law Violation
7615,80-13-012176,Wpns Law Violation
7616,80-13-017673,Narcotics
7617,80-13-017673,Narcotics
7618,80-13-017673,Narcotics
7619,80-11-003048,Burglary
7620,80-15-017847,Wpns Law Violation
7621,80-10-029304,Wpns Law Violation
7622,80-16-038122,Aggravated Assault
7623,80-13-017673,Narcotics
7624,80-13-028652,Stolen Property
7625,80-13-053491,Stolen Property
7626,80-13-064967,Wpns Law Violation
7627,80-13-081306,Wpns Law Violation
7628,80-13-084640,Narcotics
7629,80-13-084640,Narcotics
7630,80-13-084640,Narcotics
7631,80-13-085813,Narcotics
7632,80-13-085813,Narcotics
7633,80-14-000004,Aggravated Assault
7634,80-14-022420,Intimidation
7635,80-14-044495,Narcotics
7636,80-14-044495,Narcotics
7637,80-14-044495,Narcotics
7638,80-14-044495,Narcotics
7639,80-16-020876,Narcotics
7640,80-16-018842,Stolen Property
7641,80-16-057984,Wpns Law Violation
7642,80-11-001610,Wpns Law Violation
7643,80-14-060634,Wpns Law Violation
7644,80-15-009322,Narcotics
7645,80-11-071326,Wpns Law Violation
7646,80-14-033487,Aggravated Assault
7647,80-14-018182,Wpns Law Violation
7648,80-14-025397,Stolen Property
7649,80-14-029190,Wpns Law Violation
7650,80-14-040821,Wpns Law Violation
7651,80-14-053560,Burglary
7652,80-14-058009,Theft Other
7653,80-14-060694,Aggravated Assault
7654,80-14-071083,Wpns Law Violation
7655,80-14-095528,Wpns Law Violation
7656,80-15-011354,Wpns Law Violation
7657,80-15-024880,Wpns Law Violation
7658,80-11-022491,Wpns Law Violation
7659,80-15-025211,Stolen Property
7660,80-16-022590,Wpns Law Violation
7661,80-11-025447,Simple Assault
7662,80-10-029304,Wpns Law Violation
7663,80-11-025447,Simple Assault
7664,80-15-035695,Wpns Law Violation
7665,80-11-066734,Narcotics
7666,80-10-076901,Wpns Law Violation
7667,80-15-078740,Narcotics
7668,80-10-021996,Wpns Law Violation
7669,80-10-032344,Aggravated Assault
7670,80-10-037551,Burglary
7671,80-10-079964,Aggravated Assault
7672,80-10-079964,Aggravated Assault
7673,80-10-079964,Aggravated Assault
7674,80-10-079964,Aggravated Assault
7675,80-10-079964,Aggravated Assault
7676,80-10-079964,Aggravated Assault
7677,80-11-061854,Wpns Law Violation
7678,80-11-012063,Aggravated Assault
7679,80-11-067114,Wpns Law Violation
7680,80-11-077879,Wpns Law Violation
7681,80-11-077585,Robbery
7682,80-15-054501,Wpns Law Violation
7683,80-15-054501,Wpns Law Violation
7684,80-11-066734,Narcotics
7685,80-11-066734,Narcotics
7686,80-16-006586,Narcotics
7687,80-16-006586,Narcotics
7688,80-10-015699,Wpns Law Violation
7689,80-10-015699,Wpns Law Violation
7690,80-14-021503,Stolen Property
7691,80-12-052958,Narcotics
7692,80-15-009322,Narcotics
7693,80-11-067694,Aggravated Assault
7694,80-10-097287,Narcotics
7695,80-10-097287,Narcotics
7696,80-15-023503,Aggravated Assault
7697,80-17-004840,Wpns Law Violation
7698,80-10-039952,Narcotics
7699,80-10-039952,Narcotics
7700,80-10-039952,Narcotics
7701,80-11-097463,Wpns Law Violation
7702,80-16-053662,Robbery
7703,80-16-075856,Intimidation
7704,80-16-016829,Wpns Law Violation
7705,80-16-021468,Wpns Law Violation
7706,80-16-090536,Stolen Property
7707,80-16-088326,Wpns Law Violation
7708,80-16-083772,Wpns Law Violation
7709,80-16-089863,Aggravated Assault
7710,80-16-107614,Wpns Law Violation
7711,80-10-060985,Aggravated Assault
7712,80-11-021353,Narcotics
7713,80-12-068649,Wpns Law Violation
7714,80-15-025379,Wpns Law Violation
7715,80-15-025379,Wpns Law Violation
7716,80-14-051063,Stolen Property
7717,80-14-051063,Stolen Property
7718,80-12-005336,Narcotics
7719,80-14-064569,Narcotics
7720,80-16-053662,Robbery
7721,80-16-051157,Wpns Law Violation
7722,80-15-020401,Wpns Law Violation
7723,80-16-053662,Robbery
7724,80-16-053662,Robbery
7725,80-15-005810,Counterfeiting
7726,80-16-014973,Accidental Shooting
7727,80-15-006611,Robbery
7728,80-10-095933,Robbery
7729,80-10-095933,Robbery
7730,80-10-095933,Robbery
7731,80-16-066173,Wpns Law Violation
7732,80-14-075788,Aggravated Assault
7733,80-16-026237,Narcotics
7734,80-16-026237,Narcotics
7735,80-16-089881,Narcotics
7736,80-16-089881,Narcotics
7737,80-16-089881,Narcotics
7738,80-16-089881,Narcotics
7739,80-16-089881,Narcotics
7740,80-15-028420,Stolen Property
7741,80-14-052934,Aggravated Assault
7742,80-16-011083,Aggravated Assault
7743,80-16-103832,Wpns Law Violation
7744,80-16-077368,Wpns Law Violation
7745,80-11-105458,Wpns Law Violation
7746,80-10-041213,Wpns Law Violation
7747,80-10-076022,Intimidation
7748,80-11-065850,Narcotics
7749,80-11-065850,Narcotics
7750,80-11-065850,Narcotics
7751,80-11-065850,Narcotics
7752,80-16-102405,Stolen Property
7753,80-10-047241,Narcotics
7754,80-16-105270,Narcotics
7755,80-11-097680,Wpns Law Violation
7756,80-15-041646,Narcotics
7757,80-15-041646,Narcotics
7758,80-15-041646,Narcotics
7759,80-16-089881,Narcotics
7760,80-15-010467,Narcotics
7761,80-16-030500,Wpns Law Violation
7762,80-15-010465,Burglary
7763,80-16-037159,Robbery
7764,80-16-038122,Aggravated Assault
7765,80-16-038122,Aggravated Assault
7766,80-16-038122,Aggravated Assault
7767,80-16-021728,Narcotics
7768,80-16-063052,Narcotics
7769,80-17-006070,Narcotics
7770,80-15-038225,Narcotics
7771,80-12-005318,Wpns Law Violation
7772,80-12-005318,Wpns Law Violation
7773,80-11-015293,Wpns Law Violation
7774,80-14-099413,Theft Other
7775,80-10-072859,Narcotics
7776,80-10-101174,Wpns Law Violation
7777,80-10-101174,Wpns Law Violation
7778,80-10-072859,Narcotics
7779,80-10-055982,Wpns Law Violation
7780,80-10-041173,Wpns Law Violation
7781,80-14-089908,Wpns Law Violation
7782,80-14-089908,Wpns Law Violation
7783,80-10-049959,Aggravated Assault
7784,80-14-053905,Narcotics
7785,80-13-005711,Vandalism
7786,80-16-024388,Wpns Law Violation
7787,80-10-052770,Aggravated Assault
7788,80-11-010143,Wpns Law Violation
7789,80-13-053445,Wpns Law Violation
7790,80-11-047927,Wpns Law Violation
7791,80-12-068623,Wpns Law Violation
7792,80-10-043398,Wpns Law Violation
7793,80-10-087402,Wpns Law Violation
7794,80-10-043398,Wpns Law Violation
7795,80-15-039144,Wpns Law Violation
7796,80-12-024315,Aggravated Assault
7797,80-15-003249,Stolen Property
7798,80-15-003249,Stolen Property
7799,80-13-036761,Stolen Property
7800,80-15-020401,Wpns Law Violation
7801,80-11-051340,Wpns Law Violation
7802,80-15-003249,Stolen Property
7803,80-12-030379,Narcotics
7804,80-11-038501,Burglary
7805,80-16-083772,Wpns Law Violation
7806,80-16-083772,Wpns Law Violation
7807,80-15-043549,Theft Other
7808,80-15-053698,Wpns Law Violation
7809,80-16-106077,Wpns Law Violation
7810,80-17-010699,Stolen Property
7811,80-15-105092,Wpns Law Violation
7812,80-16-040161,Narcotics
7813,80-10-001976,Aggravated Assault
7814,80-15-082230,Aggravated Assault
7815,80-15-082230,Aggravated Assault
7816,80-15-054776,Narcotics
7817,80-15-054776,Narcotics
7818,80-14-073298,Counterfeiting
7819,80-10-053909,Wpns Law Violation
7820,80-14-012533,Narcotics
7821,80-14-012533,Narcotics
7822,80-12-000915,Aggravated Assault
7823,80-10-035855,Narcotics
7824,80-10-035855,Narcotics
7825,80-10-035855,Narcotics
7826,80-10-035855,Narcotics
7827,80-14-019173,Stolen Property
7828,80-14-019173,Stolen Property
7829,80-16-046633,Wpns Law Violation
7830,80-13-078123,Aggravated Assault
7831,80-11-099097,Wpns Law Violation
7832,80-11-003369,Wpns Law Violation
7833,80-11-080376,Wpns Law Violation
7834,80-14-019267,Robbery
7835,80-16-063052,Narcotics
7836,80-15-067806,Aggravated Assault
7837,80-15-067806,Aggravated Assault
7838,80-16-030442,Aggravated Assault
7839,80-15-013059,Wpns Law Violation
7840,80-15-020624,Wpns Law Violation
7841,80-15-004759,Wpns Law Violation
7842,80-16-030695,Wpns Law Violation
7843,80-16-025727,Aggravated Assault
7844,80-15-004759,Wpns Law Violation
7845,80-16-005074,Theft Other
7846,80-14-036306,Narcotics
7847,80-16-070507,Wpns Law Violation
7848,80-16-079281,Narcotics
7849,80-16-079281,Narcotics
7850,80-16-009910,Wpns Law Violation
7851,80-16-075943,Narcotics
7852,80-15-092568,Robbery
7853,80-15-076032,Narcotics
7854,80-15-076032,Narcotics
7855,80-12-034315,Aggravated Assault
7856,80-16-042151,Aggravated Assault
7857,80-15-104422,Wpns Law Violation
7858,80-14-070476,Stolen Property
7859,80-16-074293,Wpns Law Violation
7860,80-17-003639,Narcotics
7861,80-17-003639,Narcotics
7862,80-17-003639,Narcotics
7863,80-14-087823,Wpns Law Violation
7864,80-15-050257,Wpns Law Violation
7865,80-15-052708,Wpns Law Violation
7866,80-15-100502,Wpns Law Violation
7867,80-16-030442,Aggravated Assault
7868,80-10-059650,Burglary
7869,80-17-012200,Aggravated Assault
7870,80-10-019854,Aggravated Assault
7871,80-13-012950,Aggravated Assault
7872,80-10-096029,Aggravated Assault
7873,80-15-056668,Wpns Law Violation
7874,80-14-044447,Narcotics
7875,80-10-050291,Wpns Law Violation
7876,80-10-064766,Narcotics
7877,80-10-037627,Stolen Property
7878,80-11-059353,Wpns Law Violation
7879,80-15-100202,Auto Theft
7880,80-13-098889,Wpns Law Violation
7881,80-14-045134,Narcotics
7882,80-14-057513,Narcotics
7883,80-16-039744,Wpns Law Violation
7884,80-14-100414,Wpns Law Violation
7885,80-15-023559,Narcotics Equip
7886,80-16-096237,Wpns Law Violation
7887,80-15-087786,Wpns Law Violation
7888,80-15-087786,Wpns Law Violation
7889,80-15-058364,Wpns Law Violation
7890,80-14-028802,Wpns Law Violation
7891,80-12-006282,Wpns Law Violation
7892,80-16-014436,Narcotics
7893,80-14-045196,Robbery
7894,80-14-064569,Narcotics
7895,80-16-083450,Wpns Law Violation
7896,80-14-045134,Narcotics
7897,80-13-045271,Narcotics
7898,80-13-045271,Narcotics
7899,80-13-045271,Narcotics
7900,80-13-045271,Narcotics
7901,80-13-045271,Narcotics
7902,80-13-045271,Narcotics
7903,80-13-045271,Narcotics
7904,80-13-045271,Narcotics
7905,80-13-045271,Narcotics
7906,80-13-045271,Narcotics
7907,80-13-045271,Narcotics
7908,80-13-045271,Narcotics
7909,80-14-045134,Narcotics
7910,80-14-045134,Narcotics
7911,80-14-045134,Narcotics
7912,80-14-045134,Narcotics
7913,80-15-022965,Wpns Law Violation
7914,80-13-062101,Burglary
7915,80-16-078228,Theft Other
7916,80-12-097427,Family Offenses
7917,80-13-009884,Theft Fr Vend Machine
7918,80-14-066934,Wpns Law Violation
7919,80-13-039458,Robbery
7920,80-14-003367,Aggravated Assault
7921,80-13-019555,Intimidation
7922,80-11-097259,Wpns Law Violation
7923,80-16-009910,Wpns Law Violation
7924,80-12-000013,Wpns Law Violation
7925,80-15-041620,Wpns Law Violation
7926,80-11-071326,Wpns Law Violation
7927,80-16-056147,Wpns Law Violation
7928,80-17-001644,Stolen Property
7929,80-16-056147,Wpns Law Violation
7930,80-10-017160,Wpns Law Violation
7931,80-11-089851,Aggravated Assault
7932,80-15-040551,Narcotics
7933,80-15-040551,Narcotics
7934,80-16-007715,Fraud
7935,80-16-007715,Fraud
7936,80-16-007715,Fraud
7937,80-14-046818,Stolen Property
7938,80-16-064528,Wpns Law Violation
7939,80-16-064528,Wpns Law Violation
7940,80-16-070058,Stolen Property
7941,80-16-059160,Narcotics
7942,80-16-059160,Narcotics
7943,80-16-059160,Narcotics
7944,80-16-041945,Wpns Law Violation
7945,80-13-055010,Narcotics Equip
7946,80-14-068066,Robbery
7947,80-14-068066,Robbery
7948,80-11-026043,Wpns Law Violation
7949,80-13-078495,Robbery
7950,80-14-083372,Aggravated Assault
7951,80-16-074293,Wpns Law Violation
7952,80-13-056880,Burglary
7953,80-13-056880,Burglary
7954,80-10-001316,Aggravated Assault
7955,80-10-072971,Wpns Law Violation
7956,80-14-067052,Narcotics
7957,80-14-067052,Narcotics
7958,80-14-067052,Narcotics
7959,80-15-034652,Burglary
7960,80-10-077250,Aggravated Assault
7961,80-11-000006,Intimidation
7962,80-14-030561,Narcotics
7963,80-14-030561,Narcotics
7964,80-14-030561,Narcotics
7965,80-12-040363,Wpns Law Violation
7966,80-11-070930,Aggravated Assault
7967,80-15-029590,Wpns Law Violation
7968,80-15-028935,Narcotics
7969,80-15-035713,Narcotics
7970,80-15-035713,Narcotics
7971,80-15-035713,Narcotics
7972,80-15-035727,Aggravated Assault
7973,80-15-022981,Injured Person Report
7974,80-15-037728,Wpns Law Violation
7975,80-15-037728,Wpns Law Violation
7976,80-15-043133,Narcotics
7977,80-15-047229,Wpns Law Violation
7978,80-15-060952,Narcotics
7979,80-15-060952,Narcotics
7980,80-15-103193,Aggravated Assault
7981,80-10-053891,Wpns Law Violation
7982,80-15-041646,Narcotics
7983,80-15-023435,Stolen Property
7984,80-15-051010,Robbery
7985,80-15-051010,Robbery
7986,80-10-087165,Aggravated Assault
7987,80-10-087165,Aggravated Assault
7988,80-10-087165,Aggravated Assault
7989,80-10-087165,Aggravated Assault
7990,80-10-087165,Aggravated Assault
7991,80-10-087165,Aggravated Assault
7992,80-10-087165,Aggravated Assault
7993,80-10-087165,Aggravated Assault
7994,80-10-074787,Wpns Law Violation
7995,80-10-102122,Vandalism
7996,80-11-021413,Aggravated Assault
7997,80-11-021413,Aggravated Assault
7998,80-11-021413,Aggravated Assault
7999,80-16-002945,Aggravated Assault
8000,80-16-004033,Aggravated Assault
8001,80-16-012812,Aggravated Assault
8002,80-11-016134,Wpns Law Violation
8003,80-14-020423,Robbery
8004,80-16-030950,Wpns Law Violation
8005,80-16-033308,All Other Offenses
8006,80-16-034946,Aggravated Assault
8007,80-16-041480,Simple Assault
8008,80-16-057726,Wpns Law Violation
8009,80-16-060982,Wpns Law Violation
8010,80-16-067279,Aggravated Assault
8011,80-16-075836,All Other Offenses
8012,80-16-082838,Theft Other
8013,80-16-088959,Burglary
8014,80-16-101135,Aggravated Assault
8015,80-16-101135,Aggravated Assault
8016,80-16-101135,Aggravated Assault
8017,80-16-101135,Aggravated Assault
8018,80-16-102253,Robbery
8019,80-16-102253,Robbery
8020,80-16-106970,Wpns Law Violation
8021,80-12-070746,Wpns Law Violation
8022,80-15-000016,Wpns Law Violation
8023,80-16-109740,Aggravated Assault
8024,80-16-109774,Aggravated Assault
8025,80-16-100173,Wpns Law Violation
8026,80-16-100173,Wpns Law Violation
8027,80-16-110338,Wpns Law Violation
8028,80-17-004847,Shoplifting
8029,80-12-032329,Narcotics
8030,80-12-038525,Narcotics
8031,80-12-038525,Narcotics
8032,80-12-050899,Aggravated Assault
8033,80-12-075913,Simple Assault
8034,80-12-096296,Burglary
8035,80-13-028652,Stolen Property
8036,80-13-033062,Robbery
8037,80-13-033062,Robbery
8038,80-13-023228,Wpns Law Violation
8039,80-13-043570,Theft Other
8040,80-13-043570,Theft Other
8041,80-10-003061,Robbery
8042,80-13-043570,Theft Other
8043,80-13-019793,Narcotics
8044,80-13-051359,Wpns Law Violation
8045,80-13-063373,Aggravated Assault
8046,80-13-063373,Aggravated Assault
8047,80-13-073463,Family Offenses
8048,80-11-021413,Aggravated Assault
8049,80-11-060738,Wpns Law Violation
8050,80-17-013472,Wpns Law Violation
8051,80-16-025315,Narcotics
8052,80-15-029614,Narcotics
8053,80-15-091934,Narcotics
8054,80-14-045394,Burglary
8055,80-13-045292,Wpns Law Violation
8056,80-10-006937,Wpns Law Violation
8057,80-12-063389,Wpns Law Violation
8058,80-14-020423,Robbery
8059,80-11-016134,Wpns Law Violation
8060,80-13-033236,Narcotics
8061,80-10-003061,Robbery
8062,80-14-020423,Robbery
8063,80-11-070930,Aggravated Assault
8064,80-10-038709,Wpns Law Violation
8065,80-15-093771,Stolen Property
8066,80-15-093771,Stolen Property
8067,80-14-004857,Wpns Law Violation
8068,80-12-077443,Narcotics
8069,80-14-100837,Wpns Law Violation
8070,80-16-087360,Aggravated Assault
8071,80-16-041842,Wpns Law Violation
8072,80-16-041842,Wpns Law Violation
8073,80-13-086963,Wpns Law Violation
8074,80-13-086963,Wpns Law Violation
8075,80-13-083202,Wpns Law Violation
8076,80-13-084243,Narcotics
8077,80-13-099580,Accidental Shooting
8078,80-13-099224,Aggravated Assault
8079,80-13-099224,Aggravated Assault
8080,80-14-000251,Wpns Law Violation
8081,80-14-003686,Stolen Property
8082,80-12-012699,Narcotics
8083,80-14-000251,Wpns Law Violation
8084,80-14-006878,Shoplifting
8085,80-14-009671,Stolen Property
8086,80-14-033487,Aggravated Assault
8087,80-10-007007,All Other Offenses
8088,80-10-007007,All Other Offenses
8089,80-12-028106,Narcotics
8090,80-10-019001,Wpns Law Violation
8091,80-15-005007,Narcotics
8092,80-15-005007,Narcotics
8093,80-14-067973,Robbery
8094,80-14-067973,Robbery
8095,80-14-067973,Robbery
8096,80-11-053405,Narcotics
8097,80-11-053405,Narcotics
8098,80-11-053405,Narcotics
8099,80-11-050935,Narcotics
8100,80-15-095553,Wpns Law Violation
8101,80-15-087528,Stolen Property
8102,80-15-020785,Theft Other
8103,80-12-053676,Wpns Law Violation
8104,80-12-076808,Wpns Law Violation
8105,80-14-053905,Narcotics
8106,80-15-035987,Aggravated Assault
8107,80-11-090537,Wpns Law Violation
8108,80-15-019711,Narcotics
8109,80-14-055504,Stolen Property
8110,80-16-104110,Wpns Law Violation
8111,80-10-003061,Robbery
8112,80-10-003061,Robbery
8113,80-10-003061,Robbery
8114,80-10-003061,Robbery
8115,80-14-020423,Robbery
8116,80-13-047281,Stolen Property
8117,80-16-075471,Wpns Law Violation
8118,80-11-067750,Wpns Law Violation
8119,80-10-017395,Counterfeiting
8120,80-12-027299,Narcotics
8121,80-12-080370,Theft Other
8122,80-16-038986,Robbery
8123,80-10-096029,Aggravated Assault
8124,80-15-092348,Narcotics
8125,80-13-027368,Stolen Property
8126,80-10-033188,Stolen Property
8127,80-12-081308,Wpns Law Violation
8128,80-16-057317,Stolen Property
8129,80-13-083392,Wpns Law Violation
8130,80-10-000814,Wpns Law Violation
8131,80-15-028910,Wpns Law Violation
8132,80-15-093310,Wpns Law Violation
8133,80-15-093310,Wpns Law Violation
8134,80-11-029618,Narcotics
8135,80-11-029618,Narcotics
8136,80-11-029618,Narcotics
8137,80-12-052363,Robbery
8138,80-12-052363,Robbery
8139,80-12-052363,Robbery
8140,80-10-068641,Narcotics
8141,80-10-068641,Narcotics
8142,80-15-069989,Narcotics
8143,80-13-055012,Wpns Law Violation
8144,80-15-092225,Narcotics
8145,80-10-037250,Wpns Law Violation
8146,80-11-052705,Narcotics
8147,80-14-037195,Narcotics
8148,80-14-037195,Narcotics
8149,80-14-037195,Narcotics
8150,80-13-081691,Narcotics
8151,80-13-081691,Narcotics
8152,80-10-098500,Narcotics
8153,80-10-098500,Narcotics
8154,80-10-019230,Wpns Law Violation
8155,80-15-095232,Auto Theft
8156,80-17-004544,Stolen Property
8157,80-10-095171,Wpns Law Violation
8158,80-17-008852,Wpns Law Violation
8159,80-13-045271,Narcotics
8160,80-13-045271,Narcotics
8161,80-13-045271,Narcotics
8162,80-13-045271,Narcotics
8163,80-14-045134,Narcotics
8164,80-14-045134,Narcotics
8165,80-14-045134,Narcotics
8166,80-14-045134,Narcotics
8167,80-13-045271,Narcotics
8168,80-13-045271,Narcotics
8169,80-13-045271,Narcotics
8170,80-13-045271,Narcotics
8171,80-14-045134,Narcotics
8172,80-14-045134,Narcotics
8173,80-15-056915,Fraud
8174,80-15-092348,Narcotics
8175,80-11-057786,Wpns Law Violation
8176,80-11-057786,Wpns Law Violation
8177,80-11-052705,Narcotics
8178,80-14-005059,Aggravated Assault
8179,80-14-069876,Aggravated Assault
8180,80-15-092225,Narcotics
8181,80-14-005059,Aggravated Assault
8182,80-11-002617,Narcotics
8183,80-14-005059,Aggravated Assault
8184,80-15-092225,Narcotics
8185,80-13-003406,Aggravated Assault
8186,80-11-016157,Narcotics
8187,80-12-076819,Aggravated Assault
8188,80-14-005059,Aggravated Assault
8189,80-15-092225,Narcotics
8190,80-11-046920,Wpns Law Violation
8191,80-11-016157,Narcotics
8192,80-10-081983,Burglary
8193,80-14-005059,Aggravated Assault
8194,80-11-023785,Wpns Law Violation
8195,80-12-091339,Wpns Law Violation
8196,80-16-054571,Stolen Property
8197,80-10-038192,Wpns Law Violation
8198,80-12-095042,Counterfeiting
8199,80-13-092650,Burglary
8200,80-10-074387,Wpns Law Violation
8201,80-15-076353,Wpns Law Violation
8202,80-16-060744,Robbery
8203,80-11-068607,Narcotics
8204,80-15-079334,Wpns Law Violation
8205,80-15-066506,Narcotics
8206,80-15-066506,Narcotics
8207,80-11-096033,Wpns Law Violation
8208,80-15-069976,Aggravated Assault
8209,80-15-069976,Aggravated Assault
8210,80-15-069976,Aggravated Assault
8211,80-11-068607,Narcotics
8212,80-16-089186,Robbery
8213,80-13-061320,Wpns Law Violation
8214,80-13-071136,Wpns Law Violation
8215,80-11-104734,Robbery
8216,80-11-025397,Wpns Law Violation
8217,80-11-104734,Robbery
8218,80-16-082891,Wpns Law Violation
8219,80-13-002382,Aggravated Assault
8220,80-11-004906,Wpns Law Violation
8221,80-15-000179,Wpns Law Violation
8222,80-14-025434,Wpns Law Violation
8223,80-11-106042,Aggravated Assault
8224,80-11-056973,Narcotics
8225,80-12-089417,Narcotics
8226,80-10-080743,Narcotics
8227,80-12-096700,Wpns Law Violation
8228,80-12-096700,Wpns Law Violation
8229,80-13-019179,Wpns Law Violation
8230,80-14-009114,Wpns Law Violation
8231,80-10-060898,Wpns Law Violation
8232,80-11-010143,Wpns Law Violation
8233,80-12-081268,Intimidation
8234,80-11-060211,Narcotics
8235,80-10-032755,Wpns Law Violation
8236,80-15-050951,Aggravated Assault
8237,80-12-042643,Stolen Property
8238,80-10-074785,Narcotics
8239,80-10-001772,Wpns Law Violation
8240,80-10-037208,Narcotics
8241,80-10-037208,Narcotics
8242,80-10-037208,Narcotics
8243,80-14-073399,Wpns Law Violation
8244,80-15-082230,Aggravated Assault
8245,80-11-025553,Wpns Law Violation
8246,80-15-021516,Wpns Law Violation
8247,80-15-064129,Wpns Law Violation
8248,80-15-064129,Wpns Law Violation
8249,80-11-029202,Narcotics
8250,80-11-029202,Narcotics
8251,80-10-048831,Burglary
8252,80-12-075577,Wpns Law Violation
8253,80-10-074157,Robbery
8254,80-10-074157,Robbery
8255,80-10-074157,Robbery
8256,80-11-010736,Narcotics
8257,80-11-010736,Narcotics
8258,80-11-054877,Wpns Law Violation
8259,80-13-011019,Aggravated Assault
8260,80-13-062101,Burglary
8261,80-12-048617,Stolen Property
8262,80-14-067052,Narcotics
8263,80-14-067052,Narcotics
8264,80-14-067052,Narcotics
8265,80-11-000006,Intimidation
8266,80-10-029304,Wpns Law Violation
8267,80-10-029304,Wpns Law Violation
8268,80-14-066162,Narcotics
8269,80-13-015419,Burglary
8270,80-13-015419,Burglary
8271,80-15-050332,Wpns Law Violation
8272,80-16-030442,Aggravated Assault
8273,80-16-030442,Aggravated Assault
8274,80-10-083859,Wpns Law Violation
8275,80-10-083859,Wpns Law Violation
8276,80-10-083859,Wpns Law Violation
8277,80-16-035638,Wpns Law Violation
8278,80-14-052493,Narcotics
8279,80-12-053676,Wpns Law Violation
8280,80-11-000332,Wpns Law Violation
8281,80-11-000332,Wpns Law Violation
8282,80-15-029393,Robbery
8283,80-15-059754,Narcotics
8284,80-16-076418,Wpns Law Violation
8285,80-16-076418,Wpns Law Violation
8286,80-16-076418,Wpns Law Violation
8287,80-13-083333,Burglary
8288,80-13-035305,Narcotics
8289,80-13-035305,Narcotics
8290,80-13-035305,Narcotics
8291,80-13-035305,Narcotics
8292,80-13-035305,Narcotics
8293,80-13-035305,Narcotics
8294,80-13-001892,Wpns Law Violation
8295,80-12-079951,Stolen Property
8296,80-16-019577,Narcotics
8297,80-15-065294,Wpns Law Violation
8298,80-11-001921,Counterfeiting
8299,80-15-084197,Simple Assault
8300,80-16-094578,Wpns Law Violation
8301,80-12-066587,Wpns Law Violation
8302,80-10-064391,Narcotics
8303,80-11-009159,Narcotics
8304,80-11-009159,Narcotics
8305,80-11-009159,Narcotics
8306,80-15-040482,Robbery
8307,80-11-050689,Robbery
8308,80-11-025553,Wpns Law Violation
8309,80-14-029521,Narcotics
8310,80-10-040953,Wpns Law Violation
8311,80-12-041599,Wpns Law Violation
8312,80-14-073616,Wpns Law Violation
8313,80-10-009875,Wpns Law Violation
8314,80-14-036784,Wpns Law Violation
8315,80-09-099274,Aggravated Assault
8316,80-11-061859,Aggravated Assault
8317,80-10-050959,Wpns Law Violation
8318,80-16-027356,Wpns Law Violation
8319,80-13-099949,Intimidation
8320,80-10-049641,Narcotics
8321,80-10-049641,Narcotics
8322,80-10-049641,Narcotics
8323,80-10-049641,Narcotics
8324,80-10-088841,Wpns Law Violation
8325,80-11-067698,Wpns Law Violation
8326,80-12-059093,Narcotics
8327,80-12-059093,Narcotics
8328,80-10-050884,Burglary
8329,80-14-018440,Aggravated Assault
8330,80-14-035903,Counterfeiting
8331,80-10-050884,Burglary
8332,80-15-007272,Intimidation
8333,80-10-069530,Robbery
8334,80-10-041173,Wpns Law Violation
8335,80-10-073422,Narcotics
8336,80-13-061786,Wpns Law Violation
8337,80-10-073422,Narcotics
8338,80-11-026173,Wpns Law Violation
8339,80-15-029300,Wpns Law Violation
8340,80-14-023852,Burglary
8341,80-12-019800,Narcotics
8342,80-12-019800,Narcotics
8343,80-12-019800,Narcotics
8344,80-13-070157,Aggravated Assault
8345,80-12-036859,Narcotics
8346,80-12-036859,Narcotics
8347,80-12-036859,Narcotics
8348,80-10-028200,Wpns Law Violation
8349,80-10-094367,Robbery
8350,80-10-094367,Robbery
8351,80-10-094367,Robbery
8352,80-15-004864,Stolen Property
8353,80-14-013028,Wpns Law Violation
8354,80-14-012531,Aggravated Assault
8355,80-15-001942,Wpns Law Violation
8356,80-15-040482,Robbery
8357,80-11-008042,Wpns Law Violation
8358,80-11-016892,Narcotics
8359,80-11-048073,Wpns Law Violation
8360,80-11-048073,Wpns Law Violation
8361,80-15-063790,Wpns Law Violation
8362,80-10-098157,Aggravated Assault
8363,80-14-047941,Wpns Law Violation
8364,80-10-037208,Narcotics
8365,80-10-096735,Simple Assault
8366,80-13-014213,Theft Other
8367,80-14-010909,Stolen Property
8368,80-14-020423,Robbery
8369,80-14-020423,Robbery
8370,80-13-019337,Wpns Law Violation
8371,80-12-084526,Wpns Law Violation
8372,80-16-089319,Wpns Law Violation
8373,80-15-085157,Wpns Law Violation
8374,80-15-085157,Wpns Law Violation
8375,80-16-004013,Narcotics
8376,80-16-004013,Narcotics
8377,80-12-080484,Wpns Law Violation
8378,80-17-009112,Narcotics
8379,80-16-018786,Narcotics
8380,80-16-018786,Narcotics
8381,80-17-009112,Narcotics
8382,80-10-018911,Wpns Law Violation
8383,80-13-090665,Wpns Law Violation
8384,80-10-051689,Robbery
8385,80-14-009417,Wpns Law Violation
8386,80-10-000063,Robbery
8387,80-10-000063,Robbery
8388,80-10-077229,Narcotics
8389,80-10-077229,Narcotics
8390,80-10-077229,Narcotics
8391,80-12-019445,Wpns Law Violation
8392,80-15-080777,Narcotics
8393,80-13-004513,Wpns Law Violation
8394,80-15-070209,Wpns Law Violation
8395,80-15-080777,Narcotics
8396,80-10-027087,Narcotics
8397,80-11-014520,Wpns Law Violation
8398,80-10-027164,Narcotics
8399,80-17-005161,Narcotics
8400,80-13-041947,Narcotics
8401,80-10-010455,Aggravated Assault
8402,80-10-017092,Wpns Law Violation
8403,80-11-035870,Aggravated Assault
8404,80-11-035870,Aggravated Assault
8405,80-15-104436,Wpns Law Violation
8406,80-15-053026,Wpns Law Violation
8407,80-14-019680,Narcotics
8408,80-11-069661,Wpns Law Violation
8409,80-11-056936,Wpns Law Violation
8410,80-10-034061,Family Offenses
8411,80-10-034061,Family Offenses
8412,80-15-062561,Wpns Law Violation
8413,80-11-063970,Narcotics
8414,80-15-098813,Narcotics
8415,80-11-014010,Wpns Law Violation
8416,80-15-014795,Narcotics
8417,80-13-020111,Wpns Law Violation
8418,80-11-027576,Aggravated Assault
8419,80-15-054957,Counterfeiting
8420,80-15-054957,Counterfeiting
8421,80-11-079829,Robbery
8422,80-11-079829,Robbery
8423,80-17-003780,Wpns Law Violation
8424,80-12-050765,Wpns Law Violation
8425,80-10-086001,Wpns Law Violation
8426,80-10-074785,Narcotics
8427,80-13-069438,Wpns Law Violation
8428,80-14-000975,Aggravated Assault
8429,80-14-000975,Aggravated Assault
8430,80-14-000975,Aggravated Assault
8431,80-12-014605,Wpns Law Violation
8432,80-16-016786,Narcotics
8433,80-16-016786,Narcotics
8434,80-16-016786,Narcotics
8435,80-14-037628,Wpns Law Violation
8436,80-11-014240,Narcotics
8437,80-11-014240,Narcotics
8438,80-15-051719,Aggravated Assault
8439,80-15-051719,Aggravated Assault
8440,80-15-051719,Aggravated Assault
8441,80-15-030169,Narcotics
8442,80-13-043208,Narcotics
8443,80-13-043208,Narcotics
8444,80-15-020995,Narcotics
8445,80-15-020995,Narcotics
8446,80-13-051903,Aggravated Assault
8447,80-13-051903,Aggravated Assault
8448,80-10-070858,Aggravated Assault
8449,80-10-058047,Narcotics
8450,80-11-000740,Narcotics
8451,80-17-003550,Wpns Law Violation
8452,80-11-064695,Wpns Law Violation
8453,80-16-079062,Stolen Property
8454,80-12-067218,Narcotics
8455,80-12-042867,Wpns Law Violation
8456,80-11-000740,Narcotics
8457,80-12-021580,Aggravated Assault
8458,80-16-033925,Wpns Law Violation
8459,80-11-000740,Narcotics
8460,80-10-073798,Narcotics
8461,80-15-097823,Wpns Law Violation
8462,80-16-033925,Wpns Law Violation
8463,80-11-000740,Narcotics
8464,80-10-073798,Narcotics
8465,80-11-002616,Wpns Law Violation
8466,80-12-054092,Wpns Law Violation
8467,80-13-087263,Wpns Law Violation
8468,80-13-008142,Wpns Law Violation
8469,80-13-003802,Robbery
8470,80-13-003802,Robbery
8471,80-13-003802,Robbery
8472,80-11-012223,Robbery
8473,80-11-012223,Robbery
8474,80-11-012223,Robbery
8475,80-11-012223,Robbery
8476,80-11-012223,Robbery
8477,80-11-012223,Robbery
8478,80-11-012223,Robbery
8479,80-11-012223,Robbery
8480,80-11-012223,Robbery
8481,80-15-062397,Narcotics
8482,80-16-075471,Wpns Law Violation
8483,80-12-021580,Aggravated Assault
8484,80-13-095512,Wpns Law Violation
8485,80-13-095512,Wpns Law Violation
8486,80-13-079045,Wpns Law Violation
8487,80-10-098845,Wpns Law Violation
8488,80-15-003249,Stolen Property
8489,80-15-003249,Stolen Property
8490,80-13-018846,Burglary
8491,80-15-101677,Counterfeiting
8492,80-15-054776,Narcotics
8493,80-15-054776,Narcotics
8494,80-15-015021,Wpns Law Violation
8495,80-11-028479,Aggravated Assault
8496,80-11-028479,Aggravated Assault
8497,80-10-034258,Stolen Property
8498,80-14-041520,Counterfeiting
8499,80-16-100651,Wpns Law Violation
8500,80-10-077771,Aggravated Assault
8501,80-10-077771,Aggravated Assault
8502,80-11-099756,Intimidation
8503,80-10-028514,Narcotics
8504,80-10-013073,Narcotics
8505,80-15-004624,Wpns Law Violation
8506,80-10-019074,Robbery
8507,80-11-012448,Narcotics
8508,80-15-004624,Wpns Law Violation
8509,80-15-046734,Wpns Law Violation
8510,80-15-073285,Wpns Law Violation
8511,80-10-045139,Aggravated Assault
8512,80-10-045139,Aggravated Assault
8513,80-10-045139,Aggravated Assault
8514,80-14-046048,Wpns Law Violation
8515,80-10-011522,Narcotics
8516,80-12-090861,Wpns Law Violation
8517,80-10-058047,Narcotics
8518,80-13-087263,Wpns Law Violation
8519,80-15-078970,Wpns Law Violation
8520,80-11-040991,Wpns Law Violation
8521,80-14-053955,Wpns Law Violation
8522,80-15-013468,Aggravated Assault
8523,80-13-087263,Wpns Law Violation
8524,80-12-081096,Stolen Property
8525,80-15-056482,Wpns Law Violation
8526,80-15-069989,Narcotics
8527,80-10-071276,Aggravated Assault
8528,80-13-087263,Wpns Law Violation
8529,80-13-090238,Narcotics
8530,80-12-102517,Shoplifting
8531,80-11-003859,Wpns Law Violation
8532,80-10-027087,Narcotics
8533,80-13-060119,Wpns Law Violation
8534,80-13-049454,Wpns Law Violation
8535,80-17-011395,Wpns Law Violation
8536,80-14-016946,Aggravated Assault
8537,80-12-051830,Narcotics
8538,80-14-016946,Aggravated Assault
8539,80-14-009421,Wpns Law Violation
8540,80-15-093771,Stolen Property
8541,80-13-059505,Stolen Property
8542,80-13-039404,Burglary
8543,80-14-008827,Narcotics
8544,80-16-039628,Narcotics
8545,80-11-070930,Aggravated Assault
8546,80-10-011277,Narcotics
8547,80-15-064066,Narcotics
8548,80-14-040510,Narcotics
8549,80-11-058966,Narcotics
8550,80-16-039628,Narcotics
8551,80-11-070930,Aggravated Assault
8552,80-15-089891,Robbery
8553,80-12-101139,Family Offenses
8554,80-16-039628,Narcotics
8555,80-11-058966,Narcotics
8556,80-11-096068,Wpns Law Violation
8557,80-13-025077,Wpns Law Violation
8558,80-15-078740,Narcotics
8559,80-13-053780,Wpns Law Violation
8560,80-15-093771,Stolen Property
8561,80-11-058966,Narcotics
8562,80-13-049366,Wpns Law Violation
8563,80-14-021799,Aggravated Assault
8564,80-16-010823,Wpns Law Violation
8565,80-14-016007,Narcotics
8566,80-12-084909,Family Offenses
8567,80-11-064695,Wpns Law Violation
8568,80-12-029202,Wpns Law Violation
8569,80-12-038574,Narcotics
8570,80-16-022358,Narcotics
8571,80-16-022358,Narcotics
8572,80-16-022358,Narcotics
8573,80-16-022358,Narcotics
8574,80-14-067967,Wpns Law Violation
8575,80-12-070832,Wpns Law Violation
8576,80-16-019577,Narcotics
8577,80-11-012448,Narcotics
8578,80-14-072865,Narcotics
8579,80-17-001320,Narcotics
8580,80-15-014374,Robbery
8581,80-14-021136,Wpns Law Violation
8582,80-13-026240,Aggravated Assault
8583,80-15-100791,Narcotics
8584,80-11-018943,Stolen Property
8585,80-15-010297,Robbery
8586,80-15-010297,Robbery
8587,80-15-010297,Robbery
8588,80-15-010297,Robbery
8589,80-15-010297,Robbery
8590,80-17-005161,Narcotics
8591,80-17-005161,Narcotics
8592,80-11-031306,Aggravated Assault
8593,80-11-031306,Aggravated Assault
8594,80-11-031306,Aggravated Assault
8595,80-10-099672,Aggravated Assault
8596,80-15-067615,Wpns Law Violation
8597,80-11-063970,Narcotics
8598,80-12-088445,Aggravated Assault
8599,80-14-040510,Narcotics
8600,80-11-033335,Wpns Law Violation
8601,80-11-064666,Narcotics
8602,80-16-062392,Wpns Law Violation
8603,80-11-000740,Narcotics
8604,80-13-053780,Wpns Law Violation
8605,80-13-049366,Wpns Law Violation
8606,80-15-079334,Wpns Law Violation
8607,80-13-003802,Robbery
8608,80-10-002436,Wpns Law Violation
8609,80-12-000664,Narcotics
8610,80-11-058966,Narcotics
8611,80-14-021799,Aggravated Assault
8612,80-13-093256,Narcotics
8613,80-16-028476,Stolen Property
8614,80-11-008744,Narcotics
8615,80-10-032755,Wpns Law Violation
8616,80-14-052493,Narcotics
8617,80-13-093256,Narcotics
8618,80-15-092243,Stolen Property
8619,80-12-086905,Wpns Law Violation
8620,80-15-009216,Wpns Law Violation
8621,80-15-005503,Narcotics
8622,80-14-060691,Wpns Law Violation
8623,80-15-053602,Wpns Law Violation
8624,80-14-043084,Wpns Law Violation
8625,80-12-086905,Wpns Law Violation
8626,80-11-014004,Narcotics
8627,80-16-006771,Wpns Law Violation
8628,80-13-077598,Wpns Law Violation
8629,80-16-015742,Theft Other
8630,80-11-014004,Narcotics
8631,80-11-086513,Burglary
8632,80-10-098860,Narcotics
8633,80-13-088210,Wpns Law Violation
8634,80-15-005503,Narcotics
8635,80-10-070858,Aggravated Assault
8636,80-16-047890,Wpns Law Violation
8637,80-10-098860,Narcotics
8638,80-13-088210,Wpns Law Violation
8639,80-13-088210,Wpns Law Violation
8640,80-13-088210,Wpns Law Violation
8641,80-12-030088,Burglary
8642,80-15-067059,Stolen Property
8643,80-11-035915,Narcotics
8644,80-11-035915,Narcotics
8645,80-16-072973,Wpns Law Violation
8646,80-16-048536,Wpns Law Violation
8647,80-13-002382,Aggravated Assault
8648,80-10-002750,Wpns Law Violation
8649,80-10-010799,Narcotics
8650,80-10-010799,Narcotics
8651,80-14-100797,Narcotics
8652,80-16-017041,Wpns Law Violation
8653,80-11-069946,Wpns Law Violation
8654,80-15-085960,Wpns Law Violation
8655,80-13-012802,Narcotics
8656,80-10-077479,Stolen Property
8657,80-10-066951,Wpns Law Violation
8658,80-13-081413,Narcotics
8659,80-13-081413,Narcotics
8660,80-13-081413,Narcotics
8661,80-13-081413,Narcotics
8662,80-10-079758,Aggravated Assault
8663,80-10-081076,Narcotics
8664,80-11-015243,Wpns Law Violation
8665,80-12-012701,All Other Offenses
8666,80-11-054737,Wpns Law Violation
8667,80-10-035974,Aggravated Assault
8668,80-10-035974,Aggravated Assault
8669,80-13-077691,Aggravated Assault
8670,80-12-016425,Narcotics
8671,80-12-016425,Narcotics
8672,80-15-003469,Wpns Law Violation
8673,80-11-021413,Aggravated Assault
8674,80-14-023254,Wpns Law Violation
8675,80-11-052081,Aggravated Assault
8676,80-15-029393,Robbery
8677,80-10-030738,Robbery
8678,80-10-007068,Wpns Law Violation
8679,80-15-085540,Narcotics
8680,80-15-085540,Narcotics
8681,80-15-085540,Narcotics
8682,80-15-085540,Narcotics
8683,80-15-085540,Narcotics
8684,80-10-064391,Narcotics
8685,80-15-030169,Narcotics
8686,80-15-030169,Narcotics
8687,80-10-047290,Narcotics
8688,80-10-047290,Narcotics
8689,80-10-047290,Narcotics
8690,80-16-015709,Wpns Law Violation
8691,80-17-009695,Stolen Property
8692,80-17-009695,Stolen Property
8693,80-10-065339,Wpns Law Violation
8694,80-11-021413,Aggravated Assault
8695,80-11-021413,Aggravated Assault
8696,80-11-021413,Aggravated Assault
8697,80-16-047286,Narcotics
8698,80-16-047286,Narcotics
8699,80-13-039014,Stolen Property
8700,80-15-017567,Wpns Law Violation
8701,80-13-067975,Narcotics
8702,80-16-102895,Shoplifting
8703,80-16-062392,Wpns Law Violation
8704,80-10-081151,Simple Assault
8705,80-13-012680,Narcotics
8706,80-11-013468,Wpns Law Violation
8707,80-15-062141,Wpns Law Violation
8708,80-13-067908,Narcotics
8709,80-13-061875,Wpns Law Violation
8710,80-12-024658,Narcotics
8711,80-10-068641,Narcotics
8712,80-16-024946,Narcotics
8713,80-16-045569,Simple Assault
8714,80-10-068641,Narcotics
8715,80-16-024946,Narcotics
8716,80-12-000032,Wpns Law Violation
8717,80-15-085948,Narcotics
8718,80-16-081646,Aggravated Assault
8719,80-11-003859,Wpns Law Violation
8720,80-16-081646,Aggravated Assault
8721,80-13-067975,Narcotics
8722,80-11-096358,Aggravated Assault
8723,80-16-015259,Simple Assault
8724,80-16-081646,Aggravated Assault
8725,80-10-019604,Narcotics
8726,80-14-019724,Narcotics
8727,80-15-070559,Aggravated Assault
8728,80-13-039404,Burglary
8729,80-15-044278,Wpns Law Violation
8730,80-12-050117,Wpns Law Violation
8731,80-15-044278,Wpns Law Violation
8732,80-14-046416,Narcotics
8733,80-14-046416,Narcotics
8734,80-11-101593,Wpns Law Violation
8735,80-11-063739,Aggravated Assault
8736,80-10-027019,Aggravated Assault
8737,80-17-010325,Aggravated Assault
8738,80-11-029145,Aggravated Assault
8739,80-15-076108,Aggravated Assault
8740,80-10-033445,Wpns Law Violation
8741,80-13-094298,Theft Other
8742,80-13-043095,Burglary
8743,80-12-059829,Aggravated Assault
8744,80-13-017767,Wpns Law Violation
8745,80-10-019520,Wpns Law Violation
8746,80-15-057795,Aggravated Assault
8747,80-12-060599,Aggravated Assault
8748,80-12-028106,Narcotics
8749,80-08-008343,Burglary
8750,80-10-036296,Wpns Law Violation
8751,80-16-072984,Wpns Law Violation
8752,80-14-054506,All Other Offenses
8753,80-14-075737,Narcotics
8754,80-13-098730,Wpns Law Violation
8755,80-12-047038,Stolen Property
8756,80-12-047038,Stolen Property
8757,80-15-074292,Aggravated Assault
8758,80-12-030691,Wpns Law Violation
8759,80-14-052900,Wpns Law Violation
8760,80-16-069148,Stolen Property
8761,80-12-092924,Wpns Law Violation
8762,80-10-089073,Family Offenses
8763,80-10-059431,Simple Assault
8764,80-11-105865,Burglary
8765,80-14-086605,Theft Other
8766,80-10-016958,Narcotics
8767,80-12-051848,Wpns Law Violation
8768,80-15-072272,Wpns Law Violation
8769,80-15-064066,Narcotics
8770,80-15-089891,Robbery
8771,80-10-098157,Aggravated Assault
8772,80-12-049295,Aggravated Assault
8773,80-12-049295,Aggravated Assault
8774,80-12-049295,Aggravated Assault
8775,80-12-049295,Aggravated Assault
8776,80-13-058575,Aggravated Assault
8777,80-13-058575,Aggravated Assault
8778,80-13-058575,Aggravated Assault
8779,80-13-058575,Aggravated Assault
8780,80-11-079334,Aggravated Assault
8781,80-11-009159,Narcotics
8782,80-11-009159,Narcotics
8783,80-11-009159,Narcotics
8784,80-14-089908,Wpns Law Violation
8785,80-14-089908,Wpns Law Violation
8786,80-10-062415,Narcotics
8787,80-10-062415,Narcotics
8788,80-14-021462,Narcotics
8789,80-15-074963,Narcotics
8790,80-11-009278,Aggravated Assault
8791,80-14-006614,Wpns Law Violation
8792,80-15-005831,Aggravated Assault
8793,80-15-005831,Aggravated Assault
8794,80-15-005831,Aggravated Assault
8795,80-15-005831,Aggravated Assault
8796,80-11-066551,Simple Assault
8797,80-13-082642,Narcotics
8798,80-12-006854,Narcotics
8799,80-10-082673,Burglary
8800,80-11-009278,Aggravated Assault
8801,80-11-020604,Robbery
8802,80-16-012049,Wpns Law Violation
8803,80-14-054128,Aggravated Assault
8804,80-13-063045,Narcotics
8805,80-13-063045,Narcotics
8806,80-13-063045,Narcotics
8807,80-13-063045,Narcotics
8808,80-12-030554,Wpns Law Violation
8809,80-14-086135,Wpns Law Violation
8810,80-16-062573,Narcotics
8811,80-16-062573,Narcotics
8812,80-16-062573,Narcotics
8813,80-15-102419,Stolen Property
8814,80-17-014921,Wpns Law Violation
8815,80-13-030619,Wpns Law Violation
8816,80-16-088467,Wpns Law Violation
8817,80-16-088467,Wpns Law Violation
8818,80-10-097841,Aggravated Assault
8819,80-10-097841,Aggravated Assault
8820,80-11-014004,Narcotics
8821,80-11-014004,Narcotics
8822,80-14-045376,Wpns Law Violation
8823,80-11-009278,Aggravated Assault
8824,80-13-085472,Counterfeiting
8825,80-16-106855,Wpns Law Violation
8826,80-12-006854,Narcotics
8827,80-15-095468,Aggravated Assault
8828,80-15-015451,Aggravated Assault
8829,80-11-059318,Shoplifting
8830,80-15-013468,Aggravated Assault
8831,80-11-031716,Narcotics
8832,80-11-031716,Narcotics
8833,80-11-031716,Narcotics
8834,80-11-031716,Narcotics
8835,80-13-041099,Aggravated Assault
8836,80-16-053391,Wpns Law Violation
8837,80-11-105746,All Other Offenses
8838,80-16-108085,Theft Other
8839,80-11-072246,Narcotics
8840,80-11-043207,Wpns Law Violation
8841,80-13-006338,Aggravated Assault
8842,80-16-002657,Wpns Law Violation
8843,80-14-070438,Narcotics
8844,80-15-065953,Stolen Property
8845,80-10-003897,Aggravated Assault
8846,80-15-014542,Intimidation
8847,80-16-010056,Narcotics
8848,80-14-074624,Stolen Property
8849,80-14-082491,Narcotics
8850,80-12-056133,Wpns Law Violation
8851,80-12-016425,Narcotics
8852,80-10-057633,Wpns Law Violation
8853,80-15-094015,Wpns Law Violation
8854,80-10-094147,Aggravated Assault
8855,80-10-095293,Wpns Law Violation
8856,80-10-095293,Wpns Law Violation
8857,80-10-035773,Narcotics
8858,80-10-035773,Narcotics
8859,80-10-033014,Stolen Property
8860,80-12-084556,Wpns Law Violation
8861,80-13-020906,Narcotics
8862,80-11-054754,Aggravated Assault
8863,80-13-026118,Aggravated Assault
8864,80-13-004233,Stolen Property
8865,80-13-004233,Stolen Property
8866,80-16-101135,Aggravated Assault
8867,80-16-101135,Aggravated Assault
8868,80-16-101135,Aggravated Assault
8869,80-16-101135,Aggravated Assault
8870,80-15-011849,Robbery
8871,80-15-011849,Robbery
8872,80-14-096036,Wpns Law Violation
8873,80-16-006610,Stolen Property
8874,80-12-044709,Narcotics
8875,80-15-067189,Wpns Law Violation
8876,80-15-067189,Wpns Law Violation
8877,80-11-050553,Wpns Law Violation
8878,80-11-050553,Wpns Law Violation
8879,80-17-011652,Wpns Law Violation
8880,80-14-012251,Wpns Law Violation
8881,80-14-017328,Aggravated Assault
8882,80-14-078254,Wpns Law Violation
8883,80-10-095191,Burglary
8884,80-10-065579,Narcotics
8885,80-10-065579,Narcotics
8886,80-10-065579,Narcotics
8887,80-10-065579,Narcotics
8888,80-16-077944,Narcotics Equip
8889,80-12-071357,Theft Other
8890,80-12-071357,Theft Other
8891,80-12-071357,Theft Other
8892,80-10-053789,Wpns Law Violation
8893,80-12-060824,Wpns Law Violation
8894,80-11-005051,Narcotics
8895,80-11-005506,Simple Assault
8896,80-16-005613,Wpns Law Violation
8897,80-11-058327,Narcotics
8898,80-16-053031,Narcotics
8899,80-11-038939,Aggravated Assault
8900,80-16-034626,Robbery
8901,80-14-029088,Wpns Law Violation
8902,80-15-075920,Aggravated Assault
8903,80-15-075920,Aggravated Assault
8904,80-15-075920,Aggravated Assault
8905,80-15-052417,Stolen Property
8906,80-12-017755,Wpns Law Violation
8907,80-15-094015,Wpns Law Violation
8908,80-10-033498,Wpns Law Violation
8909,80-10-065841,Aggravated Assault
8910,80-12-038619,Wpns Law Violation
8911,80-13-005746,Theft Fr Veh
8912,80-17-004392,Burglary
8913,80-13-082642,Narcotics
8914,80-15-060064,Wpns Law Violation
8915,80-14-036549,Wpns Law Violation
8916,80-12-056858,Narcotics
8917,80-12-069145,Wpns Law Violation
8918,80-12-052658,Wpns Law Violation
8919,80-13-010324,Narcotics
8920,80-14-040232,Stolen Property
8921,80-14-040232,Stolen Property
8922,80-14-040232,Stolen Property
8923,80-10-025084,Narcotics
8924,80-13-012977,Wpns Law Violation
8925,80-12-033681,Narcotics
8926,80-10-028073,Wpns Law Violation
8927,80-11-072246,Narcotics
8928,80-11-072246,Narcotics
8929,80-11-084927,Burglary
8930,80-15-099661,Forcible Rape
8931,80-10-102113,Robbery
8932,80-15-103148,Aggravated Assault
8933,80-15-029767,Wpns Law Violation
8934,80-15-045940,Stolen Property
8935,80-15-045307,Theft Other
8936,80-15-045307,Theft Other
8937,80-11-043784,Narcotics
8938,80-11-043784,Narcotics
8939,80-14-072329,Wpns Law Violation
8940,80-16-044648,Wpns Law Violation
8941,80-15-057247,Aggravated Assault
8942,80-15-057247,Aggravated Assault
8943,80-10-028073,Wpns Law Violation
8944,80-10-033445,Wpns Law Violation
8945,80-12-080492,Wpns Law Violation
8946,80-12-037895,Aggravated Assault
8947,80-15-081667,Intimidation
8948,80-15-000036,Simple Assault
8949,80-12-066955,Narcotics
8950,80-12-066955,Narcotics
8951,80-10-042048,Simple Assault
8952,80-15-064415,Injured Person Report
8953,80-17-012039,Narcotics
8954,80-16-034626,Robbery
8955,80-11-003427,Burglary
8956,80-14-091918,Wpns Law Violation
8957,80-13-085468,Theft Other
8958,80-14-040036,Theft Other
8959,80-14-040036,Theft Other
8960,80-14-001648,Wpns Law Violation
8961,80-16-097340,Vandalism
8962,80-11-058327,Narcotics
8963,80-10-065841,Aggravated Assault
8964,80-12-070739,Narcotics
8965,80-15-101101,Wpns Law Violation
8966,80-15-092098,Narcotics
8967,80-15-092098,Narcotics
8968,80-15-040450,Robbery
8969,80-15-040450,Robbery
8970,80-15-040450,Robbery
8971,80-15-040450,Robbery
8972,80-17-007159,Narcotics
8973,80-17-007159,Narcotics
8974,80-15-072079,Narcotics
8975,80-11-059333,Wpns Law Violation
8976,80-10-032573,Narcotics
8977,80-10-033503,Wpns Law Violation
8978,80-10-102113,Robbery
8979,80-11-069661,Wpns Law Violation
8980,80-10-065579,Narcotics
8981,80-10-065579,Narcotics
8982,80-10-065579,Narcotics
8983,80-10-065579,Narcotics
8984,80-11-001187,Aggravated Assault
8985,80-11-001187,Aggravated Assault
8986,80-10-037494,Wpns Law Violation
8987,80-13-056056,Wpns Law Violation
8988,80-10-037942,Robbery
8989,80-16-081907,Stolen Property
8990,80-11-049707,Simple Assault
8991,80-11-104850,Burglary
8992,80-16-017012,Narcotics
8993,80-15-072079,Narcotics
8994,80-11-103268,Intimidation
8995,80-14-090973,Robbery
8996,80-10-072649,Narcotics
8997,80-15-072079,Narcotics
8998,80-15-072079,Narcotics
8999,80-16-078977,Wpns Law Violation
9000,80-15-037468,Aggravated Assault
9001,80-10-094253,Narcotics Equip
9002,80-13-038226,Aggravated Assault
9003,80-13-002158,Wpns Law Violation
9004,80-14-034196,Aggravated Assault
9005,80-16-045659,Wpns Law Violation
9006,80-10-093503,Robbery
9007,80-10-089472,Stolen Property
9008,80-10-089472,Stolen Property
9009,80-15-056160,Narcotics
9010,80-13-093741,Wpns Law Violation
9011,80-14-067589,Wpns Law Violation
9012,80-13-081687,Wpns Law Violation
9013,80-11-037314,Narcotics
9014,80-11-012256,Aggravated Assault
9015,80-16-091613,Narcotics
9016,80-16-091613,Narcotics
9017,80-11-014701,Wpns Law Violation
9018,80-11-076872,Narcotics
9019,80-15-103038,Bribery
9020,80-15-103038,Bribery
9021,80-10-062285,Wpns Law Violation
9022,80-10-068605,Robbery
9023,80-14-056109,Burglary
9024,80-12-081891,Burglary
9025,80-13-026118,Aggravated Assault
9026,80-15-082723,Narcotics
9027,80-15-082723,Narcotics
9028,80-15-045307,Theft Other
9029,80-16-059331,Wpns Law Violation
9030,80-12-036440,Stolen Property
9031,80-15-103038,Bribery
9032,80-10-101869,Aggravated Assault
9033,80-10-093315,Wpns Law Violation
9034,80-11-090863,Wpns Law Violation
9035,80-15-087478,Narcotics
9036,80-17-012039,Narcotics
9037,80-14-012247,Wpns Law Violation
9038,80-10-045877,Aggravated Assault
9039,80-11-029936,Narcotics
9040,80-11-029936,Narcotics
9041,80-15-085852,Wpns Law Violation
9042,80-10-055235,Aggravated Assault
9043,80-12-079344,Wpns Law Violation
9044,80-16-076559,Stolen Property
9045,80-16-076559,Stolen Property
9046,80-16-076559,Stolen Property
9047,80-15-090810,Narcotics
9048,80-10-027192,Wpns Law Violation
9049,80-11-043883,Wpns Law Violation
9050,80-11-043883,Wpns Law Violation
9051,80-16-028974,Narcotics
9052,80-12-081694,Wpns Law Violation
9053,80-10-000185,Narcotics
9054,80-10-000185,Narcotics
9055,80-12-081992,Narcotics
9056,80-11-073104,Wpns Law Violation
9057,80-17-011777,Aggravated Assault
9058,80-10-073498,Narcotics
9059,80-12-035590,Burglary
9060,80-16-097340,Vandalism
9061,80-14-090973,Robbery
9062,80-14-090973,Robbery
9063,80-11-003387,Wpns Law Violation
9064,80-14-065100,Wpns Law Violation
9065,80-15-090540,Wpns Law Violation
9066,80-11-006491,Wpns Law Violation
9067,80-15-059405,Wpns Law Violation
9068,80-14-007957,Auto Theft
9069,80-13-097458,Narcotics
9070,80-12-027862,Narcotics
9071,80-16-110073,Aggravated Assault
9072,80-12-066970,All Other Offenses
9073,80-10-012336,Aggravated Assault
9074,80-10-055235,Aggravated Assault
9075,80-10-055235,Aggravated Assault
9076,80-10-055235,Aggravated Assault
9077,80-10-055235,Aggravated Assault
9078,80-10-058047,Narcotics
9079,80-10-058047,Narcotics
9080,80-10-076792,Theft Other
9081,80-12-005253,Narcotics
9082,80-12-005253,Narcotics
9083,80-10-062703,Wpns Law Violation
9084,80-16-085196,Narcotics
9085,80-16-011754,Aggravated Assault
9086,80-11-037314,Narcotics
9087,80-10-043129,Narcotics
9088,80-10-043129,Narcotics
9089,80-10-043129,Narcotics
9090,80-16-031029,Wpns Law Violation
9091,80-16-027097,Aggravated Assault
9092,80-15-067064,Wpns Law Violation
9093,80-11-080823,Narcotics
9094,80-11-082845,Narcotics
9095,80-11-082845,Narcotics
9096,80-11-082845,Narcotics
9097,80-16-108681,Wpns Law Violation
9098,80-13-060854,Wpns Law Violation
9099,80-15-066323,Narcotics
9100,80-15-066323,Narcotics
9101,80-10-077245,Robbery
9102,80-10-039284,Simple Assault
9103,80-10-039284,Simple Assault
9104,80-11-102498,Wpns Law Violation
9105,80-11-102498,Wpns Law Violation
9106,80-16-035253,Wpns Law Violation
9107,80-14-039398,Narcotics
9108,80-11-043207,Wpns Law Violation
9109,80-15-104111,Aggravated Assault
9110,80-13-059865,Aggravated Assault
9111,80-10-073498,Narcotics
9112,80-14-023607,Narcotics
9113,80-13-099137,Wpns Law Violation
9114,80-13-081413,Narcotics
9115,80-13-081413,Narcotics
9116,80-10-053268,Wpns Law Violation
9117,80-11-091354,Wpns Law Violation
9118,80-11-020604,Robbery
9119,80-11-023925,Wpns Law Violation
9120,80-11-018778,All Other Offenses
9121,80-13-055788,Narcotics Equip
9122,80-15-021486,Burglary
9123,80-10-033739,Wpns Law Violation
9124,80-10-006776,Intimidation
9125,80-10-007880,Aggravated Assault
9126,80-15-057273,Aggravated Assault
9127,80-14-003246,All Other Offenses
9128,80-14-003246,All Other Offenses
9129,80-10-097211,Burglary
9130,80-13-013513,Aggravated Assault
9131,80-12-007223,Wpns Law Violation
9132,80-12-007223,Wpns Law Violation
9133,80-10-009655,Narcotics
9134,80-10-091417,Wpns Law Violation
9135,80-10-091432,Wpns Law Violation
9136,80-10-081133,Narcotics
9137,80-13-018361,Aggravated Assault
9138,80-13-018361,Aggravated Assault
9139,80-14-077674,Narcotics
9140,80-12-008669,Narcotics
9141,80-12-008669,Narcotics
9142,80-11-022918,Narcotics
9143,80-14-036601,Wpns Law Violation
9144,80-16-001242,Wpns Law Violation
9145,80-16-001242,Wpns Law Violation
9146,80-14-003527,Narcotics
9147,80-14-003527,Narcotics
9148,80-15-098129,Robbery
9149,80-15-098129,Robbery
9150,80-16-063276,Wpns Law Violation
9151,80-16-070031,Aggravated Assault
9152,80-16-070031,Aggravated Assault
9153,80-10-015747,Narcotics
9154,80-10-093336,Burglary
9155,80-13-003802,Robbery
9156,80-13-003802,Robbery
9157,80-13-003802,Robbery
9158,80-13-003802,Robbery
9159,80-15-096923,Narcotics
9160,80-10-035974,Aggravated Assault
9161,80-10-035974,Aggravated Assault
9162,80-14-056336,Burglary
9163,80-12-007223,Wpns Law Violation
9164,80-12-028800,Intimidation
9165,80-10-077771,Aggravated Assault
9166,80-16-027479,Wpns Law Violation
9167,80-10-027019,Aggravated Assault
9168,80-15-017541,Wpns Law Violation
9169,80-15-017541,Wpns Law Violation
9170,80-10-057395,Narcotics
9171,80-10-057395,Narcotics
9172,80-10-057395,Narcotics
9173,80-11-086972,Wpns Law Violation
9174,80-10-101349,Narcotics
9175,80-10-101349,Narcotics
9176,80-10-101607,Intimidation
9177,80-14-019680,Narcotics
9178,80-14-006264,Wpns Law Violation
9179,80-10-091150,Narcotics
9180,80-10-091150,Narcotics
9181,80-15-093734,Narcotics
9182,80-15-093734,Narcotics
9183,80-15-093734,Narcotics
9184,80-10-094382,Aggravated Assault
9185,80-10-094382,Aggravated Assault
9186,80-10-028727,Wpns Law Violation
9187,80-16-106571,Narcotics
9188,80-16-106571,Narcotics
9189,80-16-106571,Narcotics
9190,80-16-106571,Narcotics
9191,80-16-106571,Narcotics
9192,80-16-106571,Narcotics
9193,80-16-106571,Narcotics
9194,80-16-106571,Narcotics
9195,80-16-106571,Narcotics
9196,80-16-106571,Narcotics
9197,80-16-106571,Narcotics
9198,80-16-106571,Narcotics
9199,80-12-087084,Aggravated Assault
9200,80-10-022179,Accidental Shooting
9201,80-12-059100,Narcotics
9202,80-15-091521,Narcotics
9203,80-16-063276,Wpns Law Violation
9204,80-11-021335,Wpns Law Violation
9205,80-12-042974,Wpns Law Violation
9206,80-12-035864,Aggravated Assault
9207,80-12-035864,Aggravated Assault
9208,80-16-065950,Narcotics
9209,80-16-065950,Narcotics
9210,80-16-065950,Narcotics
9211,80-16-065950,Narcotics
9212,80-15-077180,Burglary
9213,80-15-015463,Aggravated Assault
9214,80-14-045819,Burglary
9215,80-15-077142,Narcotics
9216,80-14-024706,Narcotics
9217,80-11-038891,Aggravated Assault
9218,80-13-080475,Wpns Law Violation
9219,80-12-094436,Wpns Law Violation
9220,80-13-097187,Wpns Law Violation
9221,80-14-031430,Wpns Law Violation
9222,80-14-031430,Wpns Law Violation
9223,80-16-045246,Wpns Law Violation
9224,80-14-028118,Aggravated Assault
9225,80-16-052942,Wpns Law Violation
9226,80-15-080511,Wpns Law Violation
9227,80-11-036949,Aggravated Assault
9228,80-16-046711,Wpns Law Violation
9229,80-13-061189,Aggravated Assault
9230,80-14-072992,Wpns Law Violation
9231,80-14-072992,Wpns Law Violation
9232,80-10-081936,Wpns Law Violation
9233,80-14-055897,Wpns Law Violation
9234,80-12-064884,Narcotics
9235,80-12-064884,Narcotics
9236,80-12-064884,Narcotics
9237,80-12-064884,Narcotics
9238,80-14-052612,Robbery
9239,80-14-052612,Robbery
9240,80-14-052612,Robbery
9241,80-14-052612,Robbery
9242,80-14-052612,Robbery
9243,80-14-052612,Robbery
9244,80-12-066280,Aggravated Assault
9245,80-12-096734,Aggravated Assault
9246,80-14-044897,Narcotics
9247,80-15-040551,Narcotics
9248,80-15-040551,Narcotics
9249,80-10-003188,Robbery
9250,80-15-040551,Narcotics
9251,80-15-008347,Wpns Law Violation
9252,80-15-040551,Narcotics
9253,80-11-025554,Wpns Law Violation
9254,80-11-025637,Wpns Law Violation
9255,80-14-055261,Robbery
9256,80-14-055261,Robbery
9257,80-14-055261,Robbery
9258,80-17-007537,Wpns Law Violation
9259,80-15-105259,Injured Person Report
9260,80-15-063706,Narcotics
9261,80-15-083592,Narcotics
9262,80-15-083592,Narcotics
9263,80-15-083592,Narcotics
9264,80-12-066280,Aggravated Assault
9265,80-12-073083,Aggravated Assault
9266,80-17-007159,Narcotics
9267,80-17-007159,Narcotics
9268,80-17-007159,Narcotics
9269,80-16-022418,Aggravated Assault
9270,80-16-022418,Aggravated Assault
9271,80-16-027463,Wpns Law Violation
9272,80-14-059134,Wpns Law Violation
9273,80-14-047055,Narcotics
9274,80-14-047055,Narcotics
9275,80-14-047055,Narcotics
9276,80-12-086767,Narcotics
9277,80-12-059203,Robbery
9278,80-13-088192,Narcotics
9279,80-12-097427,Family Offenses
9280,80-10-065921,Narcotics
9281,80-16-085052,Narcotics
9282,80-14-047691,Wpns Law Violation
9283,80-13-000972,Narcotics
9284,80-13-000972,Narcotics
9285,80-16-093896,Wpns Law Violation
9286,80-16-093896,Wpns Law Violation
9287,80-13-057060,Narcotics
9288,80-13-057060,Narcotics
9289,80-13-057060,Narcotics
9290,80-13-011106,Wpns Law Violation
9291,80-15-104428,Stolen Property
9292,80-12-026768,Wpns Law Violation
9293,80-13-018034,Robbery
9294,80-13-018034,Robbery
9295,80-16-002893,Narcotics
9296,80-16-047031,Wpns Law Violation
9297,80-14-084727,Aggravated Assault
9298,80-13-052759,Narcotics
9299,80-14-099930,Robbery
9300,80-15-005810,Counterfeiting
9301,80-16-080298,Narcotics
9302,80-15-015448,Robbery
9303,80-16-002945,Aggravated Assault
9304,80-16-021757,Fraud Credit Card/atm
9305,80-13-089547,Narcotics
9306,80-13-089547,Narcotics
9307,80-13-089547,Narcotics
9308,80-17-007104,Aggravated Assault
9309,80-16-014070,Stolen Property
9310,80-16-054802,Narcotics
9311,80-16-054802,Narcotics
9312,80-16-025233,Aggravated Assault
9313,80-13-016049,Burglary
9314,80-16-006396,Intimidation
9315,80-16-035998,Wpns Law Violation
9316,80-15-053552,Wpns Law Violation
9317,80-15-053698,Wpns Law Violation
9318,80-16-079281,Narcotics
9319,80-16-079281,Narcotics
9320,80-10-073846,Wpns Law Violation
9321,80-16-010807,Wpns Law Violation
9322,80-15-018920,Aggravated Assault
9323,80-15-020973,Wpns Law Violation
9324,80-14-017056,Wpns Law Violation
9325,80-16-026418,Stolen Property
9326,80-16-092951,Aggravated Assault
9327,80-16-092951,Aggravated Assault
9328,80-16-089881,Narcotics
9329,80-16-089881,Narcotics
9330,80-16-089881,Narcotics
9331,80-16-089881,Narcotics
9332,80-16-089881,Narcotics
9333,80-16-089881,Narcotics
9334,80-14-052572,Narcotics
9335,80-14-052572,Narcotics
9336,80-14-052572,Narcotics
9337,80-15-034191,Aggravated Assault
9338,80-15-076032,Narcotics
9339,80-15-076032,Narcotics
9340,80-15-076032,Narcotics
9341,80-15-076032,Narcotics
9342,80-15-076032,Narcotics
9343,80-15-076032,Narcotics
9344,80-16-012301,Wpns Law Violation
9345,80-17-005084,Stolen Property
9346,80-13-045095,All Other Offenses
9347,80-17-001685,Narcotics
9348,80-15-105028,Narcotics
9349,80-15-105028,Narcotics
9350,80-11-031979,Narcotics
9351,80-11-048304,Accidental Shooting
9352,80-15-003510,Aggravated Assault
9353,80-10-085420,Narcotics
9354,80-15-008347,Wpns Law Violation
9355,80-10-085420,Narcotics
9356,80-10-085420,Narcotics
9357,80-15-055326,Burglary
9358,80-16-002945,Aggravated Assault
9359,80-15-034191,Aggravated Assault
9360,80-17-008478,Narcotics
9361,80-15-025178,Aggravated Assault
9362,80-14-100647,Aggravated Assault
9363,80-16-001539,Wpns Law Violation
9364,80-15-028402,Wpns Law Violation
9365,80-14-065093,Wpns Law Violation
9366,80-15-037750,Aggravated Assault
9367,80-15-048929,Aggravated Assault
9368,80-16-085290,Wpns Law Violation
9369,80-10-020027,Injured Person Report
9370,80-14-080035,Wpns Law Violation
9371,80-14-080035,Wpns Law Violation
9372,80-17-002061,Aggravated Assault
9373,80-17-002061,Aggravated Assault
9374,80-14-032353,Wpns Law Violation
9375,80-12-018361,Narcotics
9376,80-12-018361,Narcotics
9377,80-12-018361,Narcotics
9378,80-15-063110,Wpns Law Violation
9379,80-15-084530,Wpns Law Violation
9380,80-16-037159,Robbery
9381,80-13-073409,Wpns Law Violation
9382,80-16-051157,Wpns Law Violation
9383,80-16-050201,Wpns Law Violation
9384,80-16-050201,Wpns Law Violation
9385,80-16-050201,Wpns Law Violation
9386,80-13-078765,Aggravated Assault
9387,80-16-059290,Accidental Shooting
9388,80-12-029186,Aggravated Assault
9389,80-14-021827,Intimidation
9390,80-14-025870,Robbery
9391,80-14-040846,Aggravated Assault
9392,80-17-008918,Wpns Law Violation
9393,80-17-008918,Wpns Law Violation
9394,80-17-008352,All Other Offenses
9395,80-11-004841,Robbery
9396,80-11-004841,Robbery
9397,80-11-004841,Robbery
9398,80-11-022828,Robbery
9399,80-11-022828,Robbery
9400,80-11-022828,Robbery
9401,80-11-057146,Robbery
9402,80-11-057146,Robbery
9403,80-11-057146,Robbery
9404,80-16-079850,Simple Assault
9405,80-15-008861,Narcotics
9406,80-12-096734,Aggravated Assault
9407,80-13-000972,Narcotics
9408,80-13-000972,Narcotics
9409,80-16-090504,Stolen Property
9410,80-14-097863,All Other Offenses
9411,80-14-094647,Narcotics
9412,80-14-094647,Narcotics
9413,80-16-094224,Stolen Property
9414,80-10-043079,Narcotics
9415,80-15-082436,Aggravated Assault
9416,80-15-082436,Aggravated Assault
9417,80-11-068493,Aggravated Assault
9418,80-15-009877,Wpns Law Violation
9419,80-16-012943,Narcotics
9420,80-11-058327,Narcotics
9421,80-11-058327,Narcotics
9422,80-12-093486,Wpns Law Violation
9423,80-12-093486,Wpns Law Violation
9424,80-12-093486,Wpns Law Violation
9425,80-11-060761,Aggravated Assault
9426,80-11-063447,Narcotics
9427,80-10-075759,Wpns Law Violation
9428,80-15-011938,Wpns Law Violation
9429,80-15-011938,Wpns Law Violation
9430,80-11-071335,Wpns Law Violation
9431,80-10-017325,Narcotics
9432,80-10-017325,Narcotics
9433,80-16-041146,Robbery
9434,80-15-067064,Wpns Law Violation
9435,80-10-083927,Wpns Law Violation
9436,80-11-080789,Aggravated Assault
9437,80-11-080789,Aggravated Assault
9438,80-11-080789,Aggravated Assault
9439,80-11-084637,Burglary
9440,80-13-096210,Narcotics
9441,80-15-095572,Wpns Law Violation
9442,80-11-069551,Robbery
9443,80-16-009006,Wpns Law Violation
9444,80-16-002893,Narcotics
9445,80-16-105872,Wpns Law Violation
9446,80-11-078242,Narcotics Equip
9447,80-12-049355,Aggravated Assault
9448,80-15-015477,Narcotics
9449,80-13-030405,Wpns Law Violation
9450,80-13-052759,Narcotics
9451,80-13-094160,Robbery
9452,80-13-094160,Robbery
9453,80-15-046242,Wpns Law Violation
9454,80-11-028617,Wpns Law Violation
9455,80-13-044533,Narcotics
9456,80-14-036279,Aggravated Assault
9457,80-13-051041,Narcotics
9458,80-12-028932,Wpns Law Violation
9459,80-12-028932,Wpns Law Violation
9460,80-11-021323,Wpns Law Violation
9461,80-11-021323,Wpns Law Violation
9462,80-10-083927,Wpns Law Violation
9463,80-14-008493,Robbery
9464,80-14-008493,Robbery
9465,80-14-008493,Robbery
9466,80-15-064065,Narcotics
9467,80-17-006187,Aggravated Assault
9468,80-15-066596,Narcotics
9469,80-15-008975,Wpns Law Violation
9470,80-12-030347,Wpns Law Violation
9471,80-12-030347,Wpns Law Violation
9472,80-17-004002,Wpns Law Violation
9473,80-13-067435,Narcotics
9474,80-10-093336,Burglary
9475,80-12-003161,Wpns Law Violation
9476,80-12-090816,Wpns Law Violation
9477,80-12-090816,Wpns Law Violation
9478,80-12-090816,Wpns Law Violation
9479,80-14-014425,Narcotics
9480,80-10-035773,Narcotics
9481,80-16-065971,Narcotics
9482,80-16-065971,Narcotics
9483,80-16-065971,Narcotics
9484,80-16-065971,Narcotics
9485,80-16-065971,Narcotics
9486,80-16-065971,Narcotics
9487,80-16-039969,Wpns Law Violation
9488,80-13-020906,Narcotics
9489,80-12-006545,Burglary
9490,80-13-083640,Wpns Law Violation
9491,80-15-091521,Narcotics
9492,80-13-051041,Narcotics
9493,80-13-037834,Wpns Law Violation
9494,80-11-085100,Wpns Law Violation
9495,80-10-086485,Aggravated Assault
9496,80-10-086485,Aggravated Assault
9497,80-15-071763,Narcotics
9498,80-16-085140,Wpns Law Violation
9499,80-14-053524,Wpns Law Violation
9500,80-11-009455,Wpns Law Violation
9501,80-16-070031,Aggravated Assault
9502,80-15-091657,Wpns Law Violation
9503,80-14-074997,Aggravated Assault
9504,80-16-079445,Wpns Law Violation
9505,80-16-104147,Narcotics
9506,80-16-104147,Narcotics
9507,80-16-104147,Narcotics
9508,80-16-104147,Narcotics
9509,80-11-097257,Wpns Law Violation
9510,80-13-063306,Aggravated Assault
9511,80-13-047193,Wpns Law Violation
9512,80-11-000424,Aggravated Assault
9513,80-15-106145,Wpns Law Violation
9514,80-10-022179,Accidental Shooting
9515,80-12-013947,Simple Assault
9516,80-15-082694,Narcotics
9517,80-15-087786,Wpns Law Violation
9518,80-15-087786,Wpns Law Violation
9519,80-15-087786,Wpns Law Violation
9520,80-15-087786,Wpns Law Violation
9521,80-15-087786,Wpns Law Violation
9522,80-15-087786,Wpns Law Violation
9523,80-14-012654,Narcotics
9524,80-12-035864,Aggravated Assault
9525,80-10-049244,Counterfeiting
9526,80-14-025870,Robbery
9527,80-14-038577,Narcotics
9528,80-14-038577,Narcotics
9529,80-12-047060,Wpns Law Violation
9530,80-13-091074,Robbery
9531,80-10-076900,Wpns Law Violation
9532,80-13-048194,Wpns Law Violation
9533,80-12-083120,Wpns Law Violation
9534,80-11-007253,Theft Other
9535,80-14-093539,Aggravated Assault
9536,80-14-100414,Wpns Law Violation
9537,80-12-092586,Robbery
9538,80-15-005810,Counterfeiting
9539,80-11-076104,Wpns Law Violation
9540,80-11-076104,Wpns Law Violation
9541,80-11-076104,Wpns Law Violation
9542,80-15-054504,Robbery
9543,80-16-106077,Wpns Law Violation
9544,80-16-009004,Wpns Law Violation
9545,80-14-044897,Narcotics
9546,80-15-071221,Robbery
9547,80-15-086695,Injured Person Report
9548,80-15-080438,Narcotics
9549,80-14-085085,Wpns Law Violation
9550,80-15-057204,All Other Offenses
9551,80-15-105958,Wpns Law Violation
9552,80-14-099930,Robbery
9553,80-16-057657,Wpns Law Violation
9554,80-15-059404,Counterfeiting
9555,80-16-064835,Aggravated Assault
9556,80-11-079830,Aggravated Assault
9557,80-12-032467,Narcotics
9558,80-13-039458,Robbery
9559,80-13-039458,Robbery
9560,80-13-039458,Robbery
9561,80-10-089449,Wpns Law Violation
9562,80-13-055993,Theft Other
9563,80-12-024381,Wpns Law Violation
9564,80-15-062513,Narcotics
9565,80-13-051041,Narcotics
9566,80-13-051041,Narcotics
9567,80-13-051041,Narcotics
9568,80-13-051041,Narcotics
9569,80-13-051041,Narcotics
9570,80-13-051041,Narcotics
9571,80-13-051041,Narcotics
9572,80-13-051041,Narcotics
9573,80-13-052721,Narcotics
9574,80-13-052721,Narcotics
9575,80-13-052721,Narcotics
9576,80-14-030234,Aggravated Assault
9577,80-14-030234,Aggravated Assault
9578,80-14-030234,Aggravated Assault
9579,80-12-000787,Narcotics
9580,80-15-055326,Burglary
9581,80-14-058865,Wpns Law Violation
9582,80-13-053765,Wpns Law Violation
9583,80-13-063306,Aggravated Assault
9584,80-15-043775,Aggravated Assault
9585,80-15-043775,Aggravated Assault
9586,80-15-040908,Aggravated Assault
9587,80-13-096921,Aggravated Assault
9588,80-15-059006,Intimidation
9589,80-15-018920,Aggravated Assault
9590,80-16-065899,Burglary
9591,80-16-065899,Burglary
9592,80-16-065899,Burglary
9593,80-16-065899,Burglary
9594,80-15-059006,Intimidation
9595,80-14-023410,Aggravated Assault
9596,80-14-074997,Aggravated Assault
9597,80-16-079445,Wpns Law Violation
9598,80-14-064569,Narcotics
9599,80-14-064569,Narcotics
9600,80-12-001048,Wpns Law Violation
9601,80-12-001048,Wpns Law Violation
9602,80-12-010962,Wpns Law Violation
9603,80-16-089558,Auto Theft
9604,80-11-096066,Wpns Law Violation
9605,80-12-015400,Wpns Law Violation
9606,80-12-015400,Wpns Law Violation
9607,80-11-015293,Wpns Law Violation
9608,80-14-075549,Shoplifting
9609,80-16-088152,Wpns Law Violation
9610,80-16-087983,Wpns Law Violation
9611,80-13-089547,Narcotics
9612,80-13-033111,Theft Other
9613,80-15-055841,Aggravated Assault
9614,80-12-093067,Narcotics
9615,80-11-038501,Burglary
9616,80-11-039260,Wpns Law Violation
9617,80-11-017753,Theft Other
9618,80-11-051789,Aggravated Assault
9619,80-12-006914,Wpns Law Violation
9620,80-12-006914,Wpns Law Violation
9621,80-11-027462,Wpns Law Violation
9622,80-11-025678,Wpns Law Violation
9623,80-15-072251,Aggravated Assault
9624,80-15-097089,Wpns Law Violation
9625,80-11-054877,Wpns Law Violation
9626,80-17-001685,Narcotics
9627,80-11-009159,Narcotics
9628,80-11-009159,Narcotics
9629,80-11-009159,Narcotics
9630,80-11-009159,Narcotics
9631,80-11-009159,Narcotics
9632,80-12-066877,Vandalism
9633,80-15-031951,Wpns Law Violation
9634,80-16-069522,Stolen Property
9635,80-17-003393,Wpns Law Violation
9636,80-13-063973,Narcotics
9637,80-11-009159,Narcotics
9638,80-11-035915,Narcotics
9639,80-11-035915,Narcotics
9640,80-12-016425,Narcotics
9641,80-12-016425,Narcotics
9642,80-12-016425,Narcotics
9643,80-11-102162,Narcotics
9644,80-17-001685,Narcotics
9645,80-11-072246,Narcotics
9646,80-11-072246,Narcotics
9647,80-11-072246,Narcotics
9648,80-12-095635,Narcotics
9649,80-12-095635,Narcotics
9650,80-12-002375,Wpns Law Violation
9651,80-12-015578,Wpns Law Violation
9652,80-11-036788,Narcotics
9653,80-11-001626,Wpns Law Violation
9654,80-11-029145,Aggravated Assault
9655,80-11-029145,Aggravated Assault
9656,80-11-029145,Aggravated Assault
9657,80-12-079679,Aggravated Assault
9658,80-13-002131,Intimidation
9659,80-13-015796,Narcotics
9660,80-13-015796,Narcotics
9661,80-13-030557,Aggravated Assault
9662,80-13-030557,Aggravated Assault
9663,80-13-053491,Stolen Property
9664,80-13-058252,Wpns Law Violation
9665,80-13-061944,Theft Other
9666,80-13-067688,Wpns Law Violation
9667,80-13-073606,Wpns Law Violation
9668,80-13-081413,Narcotics
9669,80-13-081413,Narcotics
9670,80-14-002460,Robbery
9671,80-14-020379,Wpns Law Violation
9672,80-14-010978,Wpns Law Violation
9673,80-10-004893,Aggravated Assault
9674,80-10-009274,Aggravated Assault
9675,80-10-019577,Aggravated Assault
9676,80-10-032887,Aggravated Assault
9677,80-10-032887,Aggravated Assault
9678,80-10-032887,Aggravated Assault
9679,80-10-032887,Aggravated Assault
9680,80-10-032887,Aggravated Assault
9681,80-10-032887,Aggravated Assault
9682,80-11-029161,Aggravated Assault
9683,80-11-029161,Aggravated Assault
9684,80-11-029161,Aggravated Assault
9685,80-11-025417,All Other Offenses
9686,80-11-092371,Theft Other
9687,80-11-092362,Family Offenses
9688,80-14-058782,Aggravated Assault
9689,80-14-058782,Aggravated Assault
9690,80-11-046064,Wpns Law Violation
9691,80-14-058782,Aggravated Assault
9692,80-14-058782,Aggravated Assault
9693,80-14-058782,Aggravated Assault
9694,80-14-058782,Aggravated Assault
9695,80-14-057502,Wpns Law Violation
9696,80-14-067064,Robbery
9697,80-14-078406,All Other Offenses
9698,80-14-080866,Theft Fr Veh
9699,80-14-083372,Aggravated Assault
9700,80-15-004574,Aggravated Assault
9701,80-15-017564,Stolen Property
9702,80-15-013263,Wpns Law Violation
9703,80-15-021823,Wpns Law Violation
9704,80-15-032741,Wpns Law Violation
9705,80-15-029153,Vandalism
9706,80-15-029153,Vandalism
9707,80-13-056258,Wpns Law Violation
9708,80-17-003393,Wpns Law Violation
9709,80-16-071076,Aggravated Assault
9710,80-16-087777,Accidental Shooting
9711,80-15-035713,Narcotics
9712,80-16-097991,Stolen Property
9713,80-17-001924,Narcotics
9714,80-17-001924,Narcotics
9715,80-17-001924,Narcotics
9716,80-15-063003,Narcotics
9717,80-15-066594,Wpns Law Violation
9718,80-15-072139,Wpns Law Violation
9719,80-15-034092,Wpns Law Violation
9720,80-15-085233,Wpns Law Violation
9721,80-15-092364,Robbery
9722,80-15-092364,Robbery
9723,80-16-054028,Wpns Law Violation
9724,80-11-058729,Wpns Law Violation
9725,80-12-016189,Wpns Law Violation
9726,80-12-017223,Robbery
9727,80-12-017223,Robbery
9728,80-11-080804,Aggravated Assault
9729,80-11-084891,Aggravated Assault
9730,80-10-062985,Narcotics
9731,80-13-067925,Wpns Law Violation
9732,80-12-009451,Intimidation
9733,80-12-002719,Wpns Law Violation
9734,80-11-035525,Narcotics
9735,80-11-087108,Wpns Law Violation
9736,80-11-105008,Narcotics
9737,80-11-105008,Narcotics
9738,80-11-085665,Wpns Law Violation
9739,80-11-010728,Aggravated Assault
9740,80-16-080298,Narcotics
9741,80-16-009534,Narcotics
9742,80-16-021744,Aggravated Assault
9743,80-17-006371,Narcotics
9744,80-16-057006,Stolen Property
9745,80-14-065974,Vandalism
9746,80-16-082276,Wpns Law Violation
9747,80-17-009975,Stolen Property
9748,80-15-054504,Robbery
9749,80-17-001924,Narcotics
9750,80-11-004758,Wpns Law Violation
9751,80-16-029958,Simple Assault
9752,80-17-001924,Narcotics
9753,80-16-111257,Narcotics
9754,80-17-005013,Auto Theft
9755,80-12-014647,Aggravated Assault
9756,80-12-014637,Robbery
9757,80-12-014637,Robbery
9758,80-12-014637,Robbery
9759,80-12-016989,Aggravated Assault
9760,80-12-035589,Wpns Law Violation
9761,80-12-035589,Wpns Law Violation
9762,80-12-064275,Aggravated Assault
9763,80-11-004758,Wpns Law Violation
9764,80-11-004758,Wpns Law Violation
9765,80-11-004758,Wpns Law Violation
9766,80-16-006878,Stolen Property
9767,80-16-086885,Theft Fr Bldg
9768,80-12-037440,Aggravated Assault
9769,80-12-037440,Aggravated Assault
9770,80-12-037440,Aggravated Assault
9771,80-16-106321,Wpns Law Violation
9772,80-12-073922,Aggravated Assault
9773,80-12-073922,Aggravated Assault
9774,80-13-071823,Wpns Law Violation
9775,80-14-039013,Wpns Law Violation
9776,80-10-060964,Aggravated Assault
9777,80-15-006115,Wpns Law Violation
9778,80-16-076418,Wpns Law Violation
9779,80-16-076418,Wpns Law Violation
9780,80-16-076418,Wpns Law Violation
9781,80-16-076418,Wpns Law Violation
9782,80-16-076418,Wpns Law Violation
9783,80-16-076418,Wpns Law Violation
9784,80-15-026517,Wpns Law Violation
9785,80-12-060795,Wpns Law Violation
9786,80-16-046104,Simple Assault
9787,80-12-063147,Aggravated Assault
9788,80-13-092163,Burglary
9789,80-10-002355,Aggravated Assault
9790,80-13-037463,Wpns Law Violation
9791,80-12-071413,Narcotics
9792,80-12-071413,Narcotics
9793,80-16-019251,Wpns Law Violation
9794,80-16-019251,Wpns Law Violation
9795,80-16-027356,Wpns Law Violation
9796,80-10-017399,Wpns Law Violation
9797,80-12-087180,Wpns Law Violation
9798,80-12-087180,Wpns Law Violation
9799,80-11-072055,Wpns Law Violation
9800,80-10-072668,Narcotics
9801,80-10-072668,Narcotics
9802,80-11-082614,Burglary
9803,80-16-102405,Stolen Property
9804,80-11-037612,Narcotics
9805,80-16-080284,Wpns Law Violation
9806,80-15-092348,Narcotics
9807,80-15-092348,Narcotics
9808,80-11-040053,Aggravated Assault
9809,80-11-040053,Aggravated Assault
9810,80-11-040053,Aggravated Assault
9811,80-15-035713,Narcotics
9812,80-10-062985,Narcotics
9813,80-13-076360,Aggravated Assault
9814,80-15-035713,Narcotics
9815,80-13-081413,Narcotics
9816,80-15-043775,Aggravated Assault
9817,80-10-062985,Narcotics
9818,80-13-081413,Narcotics
9819,80-15-041185,Narcotics
9820,80-13-047281,Stolen Property
9821,80-13-089933,Stolen Property
9822,80-15-041185,Narcotics
9823,80-12-094577,Wpns Law Violation
9824,80-14-022691,Narcotics
9825,80-15-041185,Narcotics
9826,80-15-041185,Narcotics
9827,80-15-043775,Aggravated Assault
9828,80-15-045183,Wpns Law Violation
9829,80-15-064082,Wpns Law Violation
9830,80-15-080383,All Other Offenses
9831,80-15-082755,Wpns Law Violation
9832,80-16-002945,Aggravated Assault
9833,80-16-002945,Aggravated Assault
9834,80-16-022582,Robbery
9835,80-16-038208,Wpns Law Violation
9836,80-16-057649,Wpns Law Violation
9837,80-16-057649,Wpns Law Violation
9838,80-16-067497,Accidental Shooting
9839,80-16-077377,Stolen Property
9840,80-16-080224,Wpns Law Violation
9841,80-16-080224,Wpns Law Violation
9842,80-11-037612,Narcotics
9843,80-16-083237,Wpns Law Violation
9844,80-16-092852,Accidental Shooting
9845,80-16-098691,Wpns Law Violation
9846,80-16-103484,Aggravated Assault
9847,80-17-000041,Aggravated Assault
9848,80-17-000289,Aggravated Assault
9849,80-17-001924,Narcotics
9850,80-17-001924,Narcotics
9851,80-17-001924,Narcotics
9852,80-17-001924,Narcotics
9853,80-17-001924,Narcotics
9854,80-17-013463,Wpns Law Violation
9855,80-12-057766,Wpns Law Violation
9856,80-12-061383,Wpns Law Violation
9857,80-12-070768,Wpns Law Violation
9858,80-12-089437,Wpns Law Violation
9859,80-13-009873,Aggravated Assault
9860,80-13-017727,Wpns Law Violation
9861,80-13-028652,Stolen Property
9862,80-13-063973,Narcotics
9863,80-13-063973,Narcotics
9864,80-13-063973,Narcotics
9865,80-13-063973,Narcotics
9866,80-13-063973,Narcotics
9867,80-13-063973,Narcotics
9868,80-13-063973,Narcotics
9869,80-16-070110,Narcotics
9870,80-14-028646,Aggravated Assault
9871,80-16-070110,Narcotics
9872,80-11-088342,Wpns Law Violation
9873,80-10-032344,Aggravated Assault
9874,80-12-071163,Aggravated Assault
9875,80-11-030268,Narcotics
9876,80-12-022576,Aggravated Assault
9877,80-11-030268,Narcotics
9878,80-12-022576,Aggravated Assault
9879,80-12-101888,Robbery
9880,80-14-010909,Stolen Property
9881,80-14-020423,Robbery
9882,80-14-020423,Robbery
9883,80-14-020423,Robbery
9884,80-14-020423,Robbery
9885,80-14-020423,Robbery
9886,80-14-020423,Robbery
9887,80-14-020423,Robbery
9888,80-14-020423,Robbery
9889,80-14-020423,Robbery
9890,80-14-020423,Robbery
9891,80-14-020423,Robbery
9892,80-14-020423,Robbery
9893,80-16-035871,Wpns Law Violation
9894,80-16-023455,Family Offenses
9895,80-17-003909,Family Offenses
9896,80-10-080758,Stolen Property
9897,80-11-091416,Wpns Law Violation
9898,80-10-064774,Wpns Law Violation
9899,80-11-032811,Family Offenses
9900,80-13-048130,Aggravated Assault
9901,80-10-029304,Wpns Law Violation
9902,80-10-029304,Wpns Law Violation
9903,80-12-087512,Wpns Law Violation
9904,80-15-105381,Wpns Law Violation
9905,80-15-105381,Wpns Law Violation
9906,80-12-027354,Wpns Law Violation
9907,80-12-027354,Wpns Law Violation
9908,80-11-037612,Narcotics
9909,80-16-094376,Aggravated Assault
9910,80-16-094376,Aggravated Assault
9911,80-16-094376,Aggravated Assault
9912,80-16-094376,Aggravated Assault
9913,80-16-030442,Aggravated Assault
9914,80-16-030442,Aggravated Assault
9915,80-16-030442,Aggravated Assault
9916,80-16-030442,Aggravated Assault
9917,80-16-071331,Robbery
9918,80-10-050291,Wpns Law Violation
9919,80-12-066846,Aggravated Assault
9920,80-12-066846,Aggravated Assault
9921,80-12-066846,Aggravated Assault
9922,80-12-002816,Aggravated Assault
9923,80-12-002816,Aggravated Assault
9924,80-16-026654,Wpns Law Violation
9925,80-11-094995,Wpns Law Violation
9926,80-13-067699,Wpns Law Violation
9927,80-16-106594,Wpns Law Violation
9928,80-16-106594,Wpns Law Violation
9929,80-16-106594,Wpns Law Violation
9930,80-17-008852,Wpns Law Violation
9931,80-13-045271,Narcotics
9932,80-13-045271,Narcotics
9933,80-13-045271,Narcotics
9934,80-13-045271,Narcotics
9935,80-13-045271,Narcotics
9936,80-13-045271,Narcotics
9937,80-13-045271,Narcotics
9938,80-13-045271,Narcotics
9939,80-13-045271,Narcotics
9940,80-13-045271,Narcotics
9941,80-13-045271,Narcotics
9942,80-13-045271,Narcotics
9943,80-13-045271,Narcotics
9944,80-13-045271,Narcotics
9945,80-13-045271,Narcotics
9946,80-13-045271,Narcotics
9947,80-14-045134,Narcotics
9948,80-14-045134,Narcotics
9949,80-14-045134,Narcotics
9950,80-14-045134,Narcotics
9951,80-11-075000,Robbery
9952,80-12-031587,Aggravated Assault
9953,80-17-010376,Aggravated Assault
9954,80-12-000915,Aggravated Assault
9955,80-12-039603,Robbery
9956,80-11-086972,Wpns Law Violation
9957,80-11-001187,Aggravated Assault
9958,80-11-001187,Aggravated Assault
9959,80-17-009719,Narcotics
9960,80-11-015240,Wpns Law Violation
9961,80-16-047225,Aggravated Assault
9962,80-11-031716,Narcotics
9963,80-11-031716,Narcotics
9964,80-11-035525,Narcotics
9965,80-17-009429,Simple Assault
9966,80-16-022889,Robbery
9967,80-16-022889,Robbery
9968,80-16-022889,Robbery
9969,80-16-024956,Accidental Shooting
9970,80-16-022889,Robbery
9971,80-16-022889,Robbery
9972,80-16-022889,Robbery
9973,80-16-040865,Aggravated Assault
9974,80-16-048667,Robbery
9975,80-16-048667,Robbery
9976,80-16-048667,Robbery
9977,80-16-049553,Aggravated Assault
9978,80-16-050573,Wpns Law Violation
9979,80-11-035525,Narcotics
9980,80-11-084927,Burglary
9981,80-16-066892,Stolen Property
9982,80-11-037855,Narcotics
9983,80-12-006127,Theft Fr Veh
9984,80-12-006127,Theft Fr Veh
9985,80-12-006127,Theft Fr Veh
9986,80-11-058327,Narcotics
9987,80-11-058327,Narcotics
9988,80-11-069822,Robbery
9989,80-11-069822,Robbery
9990,80-11-069822,Robbery
9991,80-15-106145,Wpns Law Violation
9992,80-11-084298,Wpns Law Violation
9993,80-11-082845,Narcotics
9994,80-11-082845,Narcotics
9995,80-11-082845,Narcotics
9996,80-17-004284,Narcotics
9997,80-11-096066,Wpns Law Violation
9998,80-11-018053,Wpns Law Violation
9999,80-16-064091,Aggravated Assault
10000,80-13-071687,Wpns Law Violation
10001,80-13-071687,Wpns Law Violation
10002,80-13-033704,Aggravated Assault
10003,80-16-100133,Aggravated Assault
10004,80-16-103041,Simple Assault
10005,80-16-103041,Simple Assault
10006,80-16-103041,Simple Assault
10007,80-16-022358,Narcotics
10008,80-16-103041,Simple Assault
10009,80-16-103041,Simple Assault
10010,80-16-103041,Simple Assault
10011,80-16-103041,Simple Assault
10012,80-16-103041,Simple Assault
10013,80-16-103041,Simple Assault
10014,80-16-032629,Wpns Law Violation
10015,80-16-046679,Counterfeiting
10016,80-15-101863,Wpns Law Violation
10017,80-16-026763,Wpns Law Violation
10018,80-11-070259,Wpns Law Violation
10019,80-11-070259,Wpns Law Violation
10020,80-13-030617,Wpns Law Violation
10021,80-12-078917,Wpns Law Violation
10022,80-12-026770,Aggravated Assault
10023,80-16-089537,Stolen Property
10024,80-10-032882,Wpns Law Violation
10025,80-10-032882,Wpns Law Violation
10026,80-10-017395,Counterfeiting
10027,80-15-044596,Aggravated Assault
10028,80-16-054571,Stolen Property
10029,80-15-024206,Intimidation
10030,80-15-024206,Intimidation
10031,80-11-090434,Narcotics
10032,80-11-040922,Wpns Law Violation
10033,80-13-028305,Narcotics
10034,80-10-089178,Wpns Law Violation
10035,80-10-034578,Robbery
10036,80-12-093091,Burglary
10037,80-12-093091,Burglary
10038,80-12-093091,Burglary
10039,80-12-093091,Burglary
10040,80-15-059990,Wpns Law Violation
10041,80-12-082214,Aggravated Assault
10042,80-16-061093,Stolen Property
10043,80-12-094658,Wpns Law Violation
10044,80-13-090458,Theft Other
10045,80-16-047665,Stolen Property
10046,80-11-078711,Simple Assault
10047,80-12-020749,Wpns Law Violation
10048,80-14-076732,Stolen Property
10049,80-14-069357,Narcotics
10050,80-13-004808,Narcotics
10051,80-13-081269,Wpns Law Violation
10052,80-16-001064,Wpns Law Violation
10053,80-13-004808,Narcotics
10054,80-16-043266,Wpns Law Violation
10055,80-16-001796,Narcotics
10056,80-13-029298,Narcotics
10057,80-16-025315,Narcotics
10058,80-10-041315,Wpns Law Violation
10059,80-15-009557,Simple Assault
10060,80-11-087804,Robbery
10061,80-16-001796,Narcotics
10062,80-11-037974,Narcotics
10063,80-12-057145,Narcotics
10064,80-12-057145,Narcotics
10065,80-15-056493,Wpns Law Violation
10066,80-10-004252,Narcotics
10067,80-10-018122,Aggravated Assault
10068,80-13-029298,Narcotics
10069,80-15-057625,Wpns Law Violation
10070,80-11-011992,Wpns Law Violation
10071,80-11-042097,Simple Assault
10072,80-13-023498,Wpns Law Violation
10073,80-10-014876,Fraud Impersonation
10074,80-11-037974,Narcotics
10075,80-12-094667,Wpns Law Violation
10076,80-12-052363,Robbery
10077,80-10-013663,Narcotics
10078,80-17-001170,Wpns Law Violation
10079,80-17-009930,Stolen Property
10080,80-13-029298,Narcotics
10081,80-12-101236,Wpns Law Violation
10082,80-12-006784,Narcotics
10083,80-10-045085,Narcotics
10084,80-13-022961,Wpns Law Violation
10085,80-17-001170,Wpns Law Violation
10086,80-12-052363,Robbery
10087,80-15-054957,Counterfeiting
10088,80-10-013663,Narcotics
10089,80-17-013177,Aggravated Assault
10090,80-13-069123,Simple Assault
10091,80-16-100527,Narcotics
10092,80-14-008001,Vandalism
10093,80-12-052363,Robbery
10094,80-12-028094,Wpns Law Violation
10095,80-16-022392,Stolen Property
10096,80-12-081578,Wpns Law Violation
10097,80-11-009159,Narcotics
10098,80-16-010177,Burglary
10099,80-14-008001,Vandalism
10100,80-12-074716,Wpns Law Violation
10101,80-16-056688,Aggravated Assault
10102,80-11-009159,Narcotics
10103,80-11-097978,Narcotics
10104,80-16-044200,Wpns Law Violation
10105,80-15-034466,Wpns Law Violation
10106,80-11-079031,Wpns Law Violation
10107,80-16-086946,Wpns Law Violation
10108,80-11-009159,Narcotics
10109,80-11-088948,Wpns Law Violation
10110,80-16-044200,Wpns Law Violation
10111,80-11-097978,Narcotics
10112,80-15-007101,Wpns Law Violation
10113,80-13-052178,Burglary
10114,80-15-060014,Wpns Law Violation
10115,80-16-036881,Wpns Law Violation
10116,80-13-005139,Narcotics
10117,80-13-005139,Narcotics
10118,80-17-009699,Wpns Law Violation
10119,80-13-055779,Wpns Law Violation
10120,80-14-095236,Wpns Law Violation
10121,80-16-106571,Narcotics
10122,80-16-106571,Narcotics
10123,80-16-106571,Narcotics
10124,80-16-106571,Narcotics
10125,80-16-106571,Narcotics
10126,80-16-106571,Narcotics
10127,80-15-051938,Aggravated Assault
10128,80-13-032279,Burglary
10129,80-11-014693,Wpns Law Violation
10130,80-10-019640,Aggravated Assault
10131,80-15-064929,Narcotics
10132,80-13-045219,Wpns Law Violation
10133,80-09-094864,Robbery
10134,80-16-056688,Aggravated Assault
10135,80-15-047474,Narcotics
10136,80-15-085123,Counterfeiting
10137,80-10-019640,Aggravated Assault
10138,80-15-021832,Aggravated Assault
10139,80-15-021832,Aggravated Assault
10140,80-15-021832,Aggravated Assault
10141,80-17-013485,Aggravated Assault
10142,80-12-006928,Aggravated Assault
10143,80-16-087087,Narcotics
10144,80-14-022574,Aggravated Assault
10145,80-15-036229,Wpns Law Violation
10146,80-14-094346,Robbery
10147,80-14-094346,Robbery
10148,80-14-094346,Robbery
10149,80-14-094346,Robbery
10150,80-15-085540,Narcotics
10151,80-15-085540,Narcotics
10152,80-15-085540,Narcotics
10153,80-15-085540,Narcotics
10154,80-15-085540,Narcotics
10155,80-11-061898,Family Offenses
10156,80-13-052517,Wpns Law Violation
10157,80-11-099467,Aggravated Assault
10158,80-10-069903,Wpns Law Violation
10159,80-16-027798,Wpns Law Violation
10160,80-10-062473,Wpns Law Violation
10161,80-11-027178,Wpns Law Violation
10162,80-10-081305,Narcotics
10163,80-10-081305,Narcotics
10164,80-17-002739,Narcotics
10165,80-17-002739,Narcotics
10166,80-16-092713,Wpns Law Violation
10167,80-11-003679,Narcotics
10168,80-10-008651,Wpns Law Violation
10169,80-17-002739,Narcotics
10170,80-16-042295,Aggravated Assault
10171,80-15-036319,Narcotics
10172,80-12-038053,Narcotics
10173,80-14-071500,Wpns Law Violation
10174,80-17-002739,Narcotics
10175,80-16-028476,Stolen Property
10176,80-15-036319,Narcotics
10177,80-15-036319,Narcotics
10178,80-13-098879,Narcotics
10179,80-16-076413,Wpns Law Violation
10180,80-14-006624,Robbery
10181,80-14-006624,Robbery
10182,80-14-006624,Robbery
10183,80-13-072141,Wpns Law Violation
10184,80-13-000005,Aggravated Assault
10185,80-16-021189,Wpns Law Violation
10186,80-17-000067,Burglary
10187,80-16-021189,Wpns Law Violation
10188,80-10-045085,Narcotics
10189,80-13-016534,Wpns Law Violation
10190,80-11-040053,Aggravated Assault
10191,80-14-019150,Aggravated Assault
10192,80-14-019150,Aggravated Assault
10193,80-12-082806,Aggravated Assault
10194,80-12-022532,Wpns Law Violation
10195,80-14-069118,Narcotics
10196,80-14-069118,Narcotics
10197,80-14-069118,Narcotics
10198,80-11-040053,Aggravated Assault
10199,80-13-030631,Wpns Law Violation
10200,80-13-030631,Wpns Law Violation
10201,80-14-073530,Wpns Law Violation
10202,80-11-099467,Aggravated Assault
10203,80-11-099467,Aggravated Assault
10204,80-13-077671,Robbery
10205,80-16-092713,Wpns Law Violation
10206,80-16-015980,Wpns Law Violation
10207,80-12-081096,Stolen Property
10208,80-12-081096,Stolen Property
10209,80-12-081096,Stolen Property
10210,80-12-065212,Wpns Law Violation
10211,80-11-003679,Narcotics
10212,80-11-016134,Wpns Law Violation
10213,80-13-036140,Aggravated Assault
10214,80-13-036140,Aggravated Assault
10215,80-16-028476,Stolen Property
10216,80-13-038432,Burglary
10217,80-14-044482,Aggravated Assault
10218,80-14-044482,Aggravated Assault
10219,80-10-009875,Wpns Law Violation
10220,80-12-075564,Wpns Law Violation
10221,80-16-035662,Counterfeiting
10222,80-10-075058,Theft Other
10223,80-10-075058,Theft Other
10224,80-13-088210,Wpns Law Violation
10225,80-13-088210,Wpns Law Violation
10226,80-15-065643,Wpns Law Violation
10227,80-12-098120,Wpns Law Violation
10228,80-11-014253,Narcotics
10229,80-11-014253,Narcotics
10230,80-11-014253,Narcotics
10231,80-11-014253,Narcotics
10232,80-12-068583,Wpns Law Violation
10233,80-13-039833,Wpns Law Violation
10234,80-12-096607,Narcotics
10235,80-13-028305,Narcotics
10236,80-11-082261,Aggravated Assault
10237,80-12-084236,Aggravated Assault
10238,80-13-005460,Stolen Property
10239,80-13-090162,Aggravated Assault
10240,80-16-039321,Aggravated Assault
10241,80-15-057625,Wpns Law Violation
10242,80-11-084277,Wpns Law Violation
10243,80-10-054183,Aggravated Assault
10244,80-11-075887,Aggravated Assault
10245,80-10-029000,Robbery
10246,80-16-111287,Liquor Law Viol
10247,80-11-080376,Wpns Law Violation
10248,80-15-098113,Wpns Law Violation
10249,80-08-047627,Aggravated Assault
10250,80-10-083785,Wpns Law Violation
10251,80-10-083785,Wpns Law Violation
10252,80-13-090046,Stolen Property
10253,80-15-095576,Wpns Law Violation
10254,80-16-035638,Wpns Law Violation
10255,80-16-091185,Wpns Law Violation
10256,80-14-022365,Wpns Law Violation
10257,80-16-038931,Forcible Rape
10258,80-17-003780,Wpns Law Violation
10259,80-12-058746,Narcotics
10260,80-12-058746,Narcotics
10261,80-16-035812,Narcotics
10262,80-12-065172,Narcotics
10263,80-16-059153,Narcotics
10264,80-17-005161,Narcotics
10265,80-17-005161,Narcotics
10266,80-17-005161,Narcotics
10267,80-12-006216,Stolen Property
10268,80-13-044175,Wpns Law Violation
10269,80-15-094054,Wpns Law Violation
10270,80-13-022961,Wpns Law Violation
10271,80-13-033236,Narcotics
10272,80-16-097351,Wpns Law Violation
10273,80-16-097351,Wpns Law Violation
10274,80-16-102088,Narcotics
10275,80-16-102088,Narcotics
10276,80-16-016786,Narcotics
10277,80-16-016786,Narcotics
10278,80-16-016786,Narcotics
10279,80-13-051266,Narcotics
10280,80-13-051266,Narcotics
10281,80-13-051266,Narcotics
10282,80-13-051266,Narcotics
10283,80-16-063906,Wpns Law Violation
10284,80-15-102794,Wpns Law Violation
10285,80-14-042065,Wpns Law Violation
10286,80-13-089238,Aggravated Assault
10287,80-13-010929,Stolen Property
10288,80-16-055508,Wpns Law Violation
10289,80-17-004031,Narcotics
10290,80-17-004031,Narcotics
10291,80-17-004031,Narcotics
10292,80-16-024575,Narcotics
10293,80-16-039321,Aggravated Assault
10294,80-13-009265,Narcotics
10295,80-13-009265,Narcotics
10296,80-15-065953,Stolen Property
10297,80-15-048677,Aggravated Assault
10298,80-15-048677,Aggravated Assault
10299,80-10-029313,Wpns Law Violation
10300,80-12-078921,Wpns Law Violation
10301,80-13-039457,Intimidation
10302,80-15-055289,Robbery
10303,80-10-009069,Robbery
10304,80-17-009087,Stolen Property
10305,80-11-008744,Narcotics
10306,80-15-025308,Aggravated Assault
10307,80-13-061925,Wpns Law Violation
10308,80-13-093292,Wpns Law Violation
10309,80-16-095162,Stolen Property
10310,80-15-014398,Wpns Law Violation
10311,80-10-025860,Aggravated Assault
10312,80-10-025860,Aggravated Assault
10313,80-10-025860,Aggravated Assault
10314,80-10-029271,Wpns Law Violation
10315,80-13-012972,Aggravated Assault
10316,80-14-027600,Aggravated Assault
10317,80-13-099963,Robbery
10318,80-15-021832,Aggravated Assault
10319,80-12-057822,Robbery
10320,80-16-091958,Narcotics
10321,80-13-016102,Narcotics
10322,80-14-008985,Wpns Law Violation
10323,80-16-091958,Narcotics
10324,80-10-037074,Narcotics
10325,80-17-009059,Stolen Property
10326,80-17-009059,Stolen Property
10327,80-16-031161,Narcotics
10328,80-16-031161,Narcotics
10329,80-12-080771,Wpns Law Violation
10330,80-11-019212,Wpns Law Violation
10331,80-13-042790,Narcotics
10332,80-13-089238,Aggravated Assault
10333,80-11-002617,Narcotics
10334,80-15-005744,Narcotics
10335,80-11-090434,Narcotics
10336,80-10-020884,Narcotics
10337,80-10-020884,Narcotics
10338,80-10-020884,Narcotics
10339,80-10-098845,Wpns Law Violation
10340,80-15-003249,Stolen Property
10341,80-17-014412,Wpns Law Violation
10342,80-16-029983,Narcotics
10343,80-14-022149,Stolen Property
10344,80-14-022149,Stolen Property
10345,80-14-022149,Wpns Law Violation
10346,80-14-022149,Wpns Law Violation
10347,80-14-051223,Robbery
10348,80-13-097523,Aggravated Assault
10349,80-11-061242,Stolen Property
10350,80-10-041249,Wpns Law Violation
10351,80-11-000160,Simple Assault
10352,80-16-015061,Wpns Law Violation
10353,80-10-034907,Aggravated Assault
10354,80-14-025645,Wpns Law Violation
10355,80-14-025645,Wpns Law Violation
10356,80-14-021494,Wpns Law Violation
10357,80-11-037974,Narcotics
10358,80-12-055756,Stolen Property
10359,80-14-016007,Narcotics
10360,80-16-067899,Wpns Law Violation
10361,80-16-101956,Narcotics
10362,80-14-039392,Aggravated Assault
10363,80-16-022358,Narcotics
10364,80-16-022358,Narcotics
10365,80-16-022358,Narcotics
10366,80-13-016102,Narcotics
10367,80-10-054792,Wpns Law Violation
10368,80-09-094864,Robbery
10369,80-16-095747,Wpns Law Violation
10370,80-16-041943,Robbery
10371,80-10-003326,Wpns Law Violation
10372,80-17-001450,Robbery
10373,80-14-037604,Wpns Law Violation
10374,80-10-035420,Wpns Law Violation
10375,80-10-007059,Stolen Property
10376,80-10-009069,Robbery
10377,80-14-021529,Narcotics
10378,80-14-021529,Narcotics
10379,80-15-004359,Narcotics
10380,80-15-056942,Burglary
10381,80-16-049500,Wpns Law Violation
10382,80-12-070739,Narcotics
10383,80-10-032504,Simple Assault
10384,80-10-014908,Aggravated Assault
10385,80-10-061295,All Other Offenses
10386,80-16-097991,Stolen Property
10387,80-10-071276,Aggravated Assault
10388,80-11-009977,Wpns Law Violation
10389,80-10-018122,Aggravated Assault
10390,80-17-008497,Wpns Law Violation
10391,80-17-008497,Wpns Law Violation
10392,80-10-083363,Burglary
10393,80-14-012104,Aggravated Assault
10394,80-10-075400,Aggravated Assault
10395,80-13-006244,Aggravated Assault
10396,80-14-015404,Wpns Law Violation
10397,80-13-018126,Wpns Law Violation
10398,80-13-081413,Narcotics
10399,80-13-081413,Narcotics
10400,80-17-008795,Wpns Law Violation
10401,80-13-094984,Wpns Law Violation
10402,80-15-078630,Wpns Law Violation
10403,80-16-047022,Stolen Property
10404,80-16-095346,Stolen Property
10405,80-15-039750,Robbery
10406,80-13-097187,Wpns Law Violation
10407,80-13-097061,Wpns Law Violation
10408,80-13-097061,Wpns Law Violation
10409,80-12-028727,Aggravated Assault
10410,80-14-028118,Aggravated Assault
10411,80-12-078018,Wpns Law Violation
10412,80-14-028118,Aggravated Assault
10413,80-13-099962,Wpns Law Violation
10414,80-15-080511,Wpns Law Violation
10415,80-16-016830,Wpns Law Violation
10416,80-12-072298,Narcotics
10417,80-15-092608,Wpns Law Violation
10418,80-16-091902,Wpns Law Violation
10419,80-11-089851,Aggravated Assault
10420,80-16-103672,Wpns Law Violation
10421,80-12-076508,Burglary
10422,80-14-049968,Aggravated Assault
10423,80-13-035933,Wpns Law Violation
10424,80-13-012913,Narcotics
10425,80-15-008466,Wpns Law Violation
10426,80-14-017222,Aggravated Assault
10427,80-11-087074,Wpns Law Violation
10428,80-12-078415,Wpns Law Violation
10429,80-15-092606,Stolen Property
10430,80-12-099436,Aggravated Assault
10431,80-16-014106,Wpns Law Violation
10432,80-16-072606,Aggravated Assault
10433,80-16-072606,Aggravated Assault
10434,80-16-072606,Aggravated Assault
10435,80-14-047941,Wpns Law Violation
10436,80-14-089114,Wpns Law Violation
10437,80-15-001618,Narcotics
10438,80-15-001618,Narcotics
10439,80-15-001618,Narcotics
10440,80-15-005810,Counterfeiting
10441,80-13-089547,Narcotics
10442,80-13-089547,Narcotics
10443,80-13-089547,Narcotics
10444,80-13-089547,Narcotics
10445,80-13-063278,Wpns Law Violation
10446,80-12-102463,Narcotics
10447,80-15-072456,Wpns Law Violation
10448,80-16-065377,Narcotics
10449,80-14-050855,Narcotics
10450,80-16-065377,Narcotics
10451,80-16-065377,Narcotics
10452,80-16-090089,Aggravated Assault
10453,80-14-050855,Narcotics
10454,80-10-068452,Wpns Law Violation
10455,80-10-092190,Theft Other
10456,80-13-081413,Narcotics
10457,80-12-038574,Narcotics
10458,80-16-110196,Intimidation
10459,80-13-023770,Aggravated Assault
10460,80-16-095046,Robbery
10461,80-16-040303,Wpns Law Violation
10462,80-16-002740,Wpns Law Violation
10463,80-15-022231,Narcotics
10464,80-13-059911,Robbery
10465,80-16-015601,Wpns Law Violation
10466,80-12-102290,Wpns Law Violation
10467,80-17-009901,Shoplifting
10468,80-11-035621,Narcotics
10469,80-12-102290,Wpns Law Violation
10470,80-16-039590,Wpns Law Violation
10471,80-17-005893,Stolen Property
10472,80-10-053891,Wpns Law Violation
10473,80-16-104147,Narcotics
10474,80-16-090504,Stolen Property
10475,80-11-102384,Wpns Law Violation
10476,80-10-077082,Wpns Law Violation
10477,80-16-098547,Wpns Law Violation
10478,80-17-008918,Wpns Law Violation
10479,80-10-066869,Aggravated Assault
10480,80-16-104147,Narcotics
10481,80-15-060963,Wpns Law Violation
10482,80-17-008660,Aggravated Assault
10483,80-13-081413,Narcotics
10484,80-16-104147,Narcotics
10485,80-14-011222,Narcotics
10486,80-16-011372,Vandalism
10487,80-14-011942,Stolen Property
10488,80-14-085086,Wpns Law Violation
10489,80-13-057060,Narcotics
10490,80-13-057060,Narcotics
10491,80-13-057060,Narcotics
10492,80-16-098446,Narcotics
10493,80-16-098446,Narcotics
10494,80-12-090565,Wpns Law Violation
10495,80-16-012943,Narcotics
10496,80-14-036852,Wpns Law Violation
10497,80-15-036515,Wpns Law Violation
10498,80-15-036515,Wpns Law Violation
10499,80-16-093866,Stolen Property
10500,80-12-003816,Aggravated Assault
10501,80-16-099192,Narcotics
10502,80-13-084178,Wpns Law Violation
10503,80-15-103038,Bribery
10504,80-17-008918,Wpns Law Violation
10505,80-12-033657,Aggravated Assault
10506,80-15-004562,Theft Other
10507,80-14-001545,Wpns Law Violation
10508,80-14-001545,Wpns Law Violation
10509,80-13-035352,Wpns Law Violation
10510,80-12-065491,Narcotics
10511,80-15-015477,Narcotics
10512,80-16-033267,Wpns Law Violation
10513,80-16-047463,Aggravated Assault
10514,80-13-045367,Robbery
10515,80-14-027029,Aggravated Assault
10516,80-14-027029,Aggravated Assault
10517,80-14-027029,Aggravated Assault
10518,80-14-027029,Aggravated Assault
10519,80-13-052721,Narcotics
10520,80-13-052721,Narcotics
10521,80-13-052721,Narcotics
10522,80-17-008660,Aggravated Assault
10523,80-13-059911,Robbery
10524,80-10-043365,Wpns Law Violation
10525,80-15-094324,Robbery
10526,80-14-019899,Wpns Law Violation
10527,80-17-001054,Theft Fr Veh
10528,80-13-074330,Wpns Law Violation
10529,80-14-083372,Aggravated Assault
10530,80-17-009006,Wpns Law Violation
10531,80-17-009006,Wpns Law Violation
10532,80-17-008918,Wpns Law Violation
10533,80-17-008918,Wpns Law Violation
10534,80-17-010769,Narcotics
10535,80-17-010769,Narcotics
10536,80-17-013601,Narcotics
10537,80-17-013601,Narcotics
10538,80-10-045172,Intimidation
10539,80-10-074826,Wpns Law Violation
10540,80-10-074826,Wpns Law Violation
10541,80-11-053308,Aggravated Assault
10542,80-11-045742,Aggravated Assault
10543,80-11-052306,Wpns Law Violation
10544,80-11-085329,Robbery
10545,80-11-085329,Robbery
10546,80-16-047328,Wpns Law Violation
10547,80-17-006196,Wpns Law Violation
10548,80-11-067300,Wpns Law Violation
10549,80-16-084861,Robbery
10550,80-16-073600,Robbery
10551,80-10-050291,Wpns Law Violation
10552,80-11-099097,Wpns Law Violation
10553,80-12-045548,Wpns Law Violation
10554,80-14-021529,Narcotics
10555,80-10-039583,Narcotics
10556,80-10-039583,Narcotics
10557,80-16-073600,Robbery
10558,80-10-076022,Intimidation
10559,80-16-074776,Wpns Law Violation
10560,80-10-079244,Burglary
10561,80-11-032231,Narcotics
10562,80-11-032231,Narcotics
10563,80-16-071853,Narcotics
10564,80-11-093257,Wpns Law Violation
10565,80-16-083480,Wpns Law Violation
10566,80-11-038501,Burglary
10567,80-16-083590,Stolen Property
10568,80-16-086189,Robbery
10569,80-11-021968,Aggravated Assault
10570,80-12-052958,Narcotics
10571,80-11-055937,Aggravated Assault
10572,80-10-068452,Wpns Law Violation
10573,80-12-018889,Wpns Law Violation
10574,80-16-104147,Narcotics
10575,80-17-008660,Aggravated Assault
10576,80-13-081413,Narcotics
10577,80-11-097257,Wpns Law Violation
10578,80-13-024185,Simple Assault
10579,80-13-035966,Wpns Law Violation
10580,80-17-002988,Narcotics
10581,80-14-029717,Burglary
10582,80-16-047463,Aggravated Assault
10583,80-15-070972,Wpns Law Violation
10584,80-16-041641,Aggravated Assault
10585,80-15-094064,Wpns Law Violation
10586,80-16-097509,Wpns Law Violation
10587,80-13-064835,Theft Other
10588,80-16-053662,Robbery
10589,80-16-053662,Robbery
10590,80-16-053662,Robbery
10591,80-16-053662,Robbery
10592,80-13-093537,Wpns Law Violation
10593,80-14-075543,Simple Assault
10594,80-11-053011,Wpns Law Violation
10595,80-16-026418,Stolen Property
10596,80-16-089881,Narcotics
10597,80-16-089881,Narcotics
10598,80-16-030614,Narcotics
10599,80-11-086391,Wpns Law Violation
10600,80-16-030614,Narcotics
10601,80-16-074782,Stolen Property
10602,80-13-007996,Narcotics
10603,80-13-007996,Narcotics
10604,80-14-038909,Robbery
10605,80-14-015952,Burglary
10606,80-16-050201,Wpns Law Violation
10607,80-16-050201,Wpns Law Violation
10608,80-16-050201,Wpns Law Violation
10609,80-16-067928,Aggravated Assault
10610,80-16-067928,Aggravated Assault
10611,80-16-050892,Narcotics
10612,80-15-009014,Aggravated Assault
10613,80-16-074776,Wpns Law Violation
10614,80-16-074776,Wpns Law Violation
10615,80-17-006070,Narcotics
10616,80-16-065377,Narcotics
10617,80-15-027725,Wpns Law Violation
10618,80-11-048655,Robbery
10619,80-17-005736,Narcotics
10620,80-14-100324,Wpns Law Violation
10621,80-14-100324,Wpns Law Violation
10622,80-13-099951,Intimidation
10623,80-10-070581,Narcotics
10624,80-15-072791,Wpns Law Violation
10625,80-13-078995,Aggravated Assault
10626,80-16-108435,Wpns Law Violation
10627,80-12-091039,Aggravated Assault
10628,80-12-091039,Aggravated Assault
10629,80-12-048183,Aggravated Assault
10630,80-12-045160,Robbery
10631,80-12-084527,Narcotics
10632,80-11-021413,Aggravated Assault
10633,80-12-084527,Narcotics
10634,80-11-029936,Narcotics
10635,80-11-021413,Aggravated Assault
10636,80-11-029936,Narcotics
10637,80-13-081413,Narcotics
10638,80-11-021413,Aggravated Assault
10639,80-11-021413,Aggravated Assault
10640,80-11-067698,Wpns Law Violation
10641,80-11-008858,Wpns Law Violation
10642,80-10-044969,Wpns Law Violation
10643,80-11-103111,Aggravated Assault
10644,80-11-103111,Aggravated Assault
10645,80-11-103111,Aggravated Assault
10646,80-11-103111,Aggravated Assault
10647,80-08-097721,Robbery
10648,80-08-097721,Robbery
10649,80-08-097721,Robbery
10650,80-10-059860,Narcotics
10651,80-12-006893,Wpns Law Violation
10652,80-12-007937,Wpns Law Violation
10653,80-17-000477,Aggravated Assault
10654,80-11-021662,Wpns Law Violation
10655,80-11-021662,Wpns Law Violation
10656,80-11-021662,Wpns Law Violation
10657,80-17-004756,Family Offenses
10658,80-10-065752,Wpns Law Violation
10659,80-11-102384,Wpns Law Violation
10660,80-11-020037,Narcotics
10661,80-11-020037,Narcotics
10662,80-11-014240,Narcotics
10663,80-11-014240,Narcotics
10664,80-12-017625,Narcotics
10665,80-11-100775,Stolen Property
10666,80-12-023700,Wpns Law Violation
10667,80-12-051533,Wpns Law Violation
10668,80-12-019263,Aggravated Assault
10669,80-10-050222,Robbery
10670,80-11-005845,Wpns Law Violation
10671,80-11-017716,Wpns Law Violation
10672,80-11-084277,Wpns Law Violation
10673,80-11-021323,Wpns Law Violation
10674,80-11-031946,Wpns Law Violation
10675,80-10-091150,Narcotics
10676,80-10-091150,Narcotics
10677,80-10-097409,Stolen Property
10678,80-11-029936,Narcotics
10679,80-11-029936,Narcotics
10680,80-10-070581,Narcotics
10681,80-16-088226,Wpns Law Violation
10682,80-16-088226,Wpns Law Violation
10683,80-17-003186,Wpns Law Violation
10684,80-16-011372,Vandalism
10685,80-16-011372,Vandalism
10686,80-10-044520,Wpns Law Violation
10687,80-13-048565,Wpns Law Violation
10688,80-13-024349,Aggravated Assault
10689,80-13-025951,Wpns Law Violation
10690,80-14-065264,Aggravated Assault
10691,80-10-083294,Aggravated Assault
10692,80-10-000185,Narcotics
10693,80-10-000185,Narcotics
10694,80-16-080473,Wpns Law Violation
10695,80-14-093625,Wpns Law Violation
10696,80-15-041238,Wpns Law Violation
10697,80-10-083294,Aggravated Assault
10698,80-16-097340,Vandalism
10699,80-17-013445,Wpns Law Violation
10700,80-16-046545,Wpns Law Violation
10701,80-13-010931,Wpns Law Violation
10702,80-11-070443,Robbery
10703,80-11-070443,Robbery
10704,80-16-014537,Narcotics
10705,80-13-087277,Accidental Shooting
10706,80-14-071609,Wpns Law Violation
10707,80-15-067064,Wpns Law Violation
10708,80-10-041866,Theft Fr Veh
10709,80-11-074943,Narcotics
10710,80-11-021323,Wpns Law Violation
10711,80-11-074943,Narcotics
10712,80-11-074943,Narcotics
10713,80-13-024349,Aggravated Assault
10714,80-13-024349,Aggravated Assault
10715,80-12-057822,Robbery
10716,80-14-065264,Aggravated Assault
10717,80-10-037079,Wpns Law Violation
10718,80-14-029280,Aggravated Assault
10719,80-10-083294,Aggravated Assault
10720,80-10-083294,Aggravated Assault
10721,80-16-024760,Theft Other
10722,80-11-065990,Wpns Law Violation
10723,80-13-052817,Robbery
10724,80-13-055282,Wpns Law Violation
10725,80-10-093312,Narcotics
10726,80-10-093312,Narcotics
10727,80-11-101153,Narcotics
10728,80-16-063564,Burglary
10729,80-16-063564,Burglary
10730,80-10-035773,Narcotics
10731,80-10-035773,Narcotics
10732,80-10-035773,Narcotics
10733,80-12-029612,Simple Assault
10734,80-12-084556,Wpns Law Violation
10735,80-13-055805,Aggravated Assault
10736,80-13-055805,Aggravated Assault
10737,80-13-055805,Aggravated Assault
10738,80-13-077848,Wpns Law Violation
10739,80-13-077848,Wpns Law Violation
10740,80-15-079986,Narcotics
10741,80-11-036193,Narcotics
10742,80-11-036193,Narcotics
10743,80-11-036193,Narcotics
10744,80-16-101135,Aggravated Assault
10745,80-16-101135,Aggravated Assault
10746,80-16-101135,Aggravated Assault
10747,80-16-101135,Aggravated Assault
10748,80-11-000424,Aggravated Assault
10749,80-10-010980,Wpns Law Violation
10750,80-15-104429,Wpns Law Violation
10751,80-16-036876,Narcotics
10752,80-11-005506,Simple Assault
10753,80-15-048638,Wpns Law Violation
10754,80-11-039764,Narcotics
10755,80-11-039764,Narcotics
10756,80-16-031868,Aggravated Assault
10757,80-11-091354,Wpns Law Violation
10758,80-17-012997,Wpns Law Violation
10759,80-12-102668,Burglary
10760,80-15-087954,Narcotics
10761,80-11-101788,Narcotics
10762,80-11-101788,Narcotics
10763,80-13-067435,Narcotics
10764,80-12-036545,Narcotics
10765,80-12-036545,Narcotics
10766,80-12-036545,Narcotics
10767,80-13-042000,Wpns Law Violation
10768,80-13-009545,Wpns Law Violation
10769,80-15-025165,Wpns Law Violation
10770,80-15-104429,Wpns Law Violation
10771,80-15-062083,Wpns Law Violation
10772,80-16-016830,Wpns Law Violation
10773,80-16-016830,Wpns Law Violation
10774,80-12-034895,Wpns Law Violation
10775,80-13-085791,Narcotics
10776,80-17-008545,Wpns Law Violation
10777,80-15-062157,Wpns Law Violation
10778,80-16-037159,Robbery
10779,80-14-062951,Narcotics
10780,80-14-062951,Narcotics
10781,80-14-062951,Narcotics
10782,80-14-062951,Narcotics
10783,80-14-062951,Narcotics
10784,80-16-059063,Narcotics
10785,80-17-007485,Narcotics
10786,80-12-072298,Narcotics
10787,80-16-105424,Wpns Law Violation
10788,80-12-023997,Wpns Law Violation
10789,80-17-007159,Narcotics
10790,80-17-007159,Narcotics
10791,80-17-007159,Narcotics
10792,80-16-036584,Intimidation
10793,80-17-007236,Narcotics
10794,80-17-007236,Narcotics
10795,80-17-007236,Narcotics
10796,80-16-036584,Intimidation
10797,80-13-076499,Aggravated Assault
10798,80-14-086749,Wpns Law Violation
10799,80-14-086749,Wpns Law Violation
10800,80-11-061212,Suicide
10801,80-16-050399,Suicide
10802,80-15-011094,Suicide
10803,80-11-072419,Suicide
10804,80-10-096404,Homicide
10805,80-11-064683,Homicide
10806,80-11-099453,Suicide
10807,80-12-008691,Suicide
10808,80-12-036248,Homicide
10809,80-12-039148,Homicide
10810,80-12-041085,Suicide
10811,80-12-054341,Suicide
10812,80-12-056070,Homicide
10813,80-12-056070,Homicide
10814,80-12-056070,Homicide
10815,80-12-063483,Suicide
10816,80-11-091917,Homicide
10817,80-12-078580,Suicide
10818,80-13-002107,Suicide
10819,80-11-103800,Suicide
10820,80-11-103755,Suicide
10821,80-12-001750,Suicide
10822,80-12-004755,Suicide
10823,80-12-021626,Suicide
10824,80-12-028792,Suicide
10825,80-12-028158,Homicide
10826,80-12-046141,Suicide
10827,80-12-056629,Homicide
10828,80-12-059186,Suicide
10829,80-11-006045,Suicide
10830,80-11-083709,Suicide
10831,80-12-060740,Suicide
10832,80-12-096473,Suicide
10833,80-16-036014,Suicide
10834,80-16-109803,Homicide
10835,80-12-102855,Homicide
10836,80-12-102932,Suicide
10837,80-13-018389,Suicide
10838,80-13-025605,Suicide
10839,80-13-028702,Homicide
10840,80-12-083531,Homicide
10841,80-12-090728,Death Investigation
10842,80-13-060697,Homicide
10843,80-13-064052,Suicide
10844,80-13-048865,Suicide
10845,80-13-050763,Homicide
10846,80-13-079733,Suicide
10847,80-13-083264,Suicide
10848,80-13-088696,Suicide
10849,80-13-027311,Homicide
10850,80-13-030049,Suicide
10851,80-13-034286,Suicide
10852,80-13-060697,Homicide
10853,80-12-061478,Homicide
10854,80-10-072597,Narcotics
10855,80-12-061478,Homicide
10856,80-17-010334,Suicide
10857,80-16-105435,Justifiable Homicide
10858,80-12-061478,Homicide
10859,80-16-060509,Suicide
10860,80-12-061478,Homicide
10861,80-14-085625,Suicide
10862,80-10-072597,Narcotics
10863,80-15-073041,Suicide
10864,80-16-061541,Suicide
10865,80-17-000578,Suicide
10866,80-11-085950,Homicide
10867,80-14-093070,Homicide
10868,80-10-089139,Robbery
10869,80-11-035574,Narcotics
10870,80-11-007359,Aggravated Assault
10871,80-10-054998,Wpns Law Violation
10872,80-11-046922,Counterfeiting
10873,80-10-049961,Counterfeiting
10874,80-11-098269,Wpns Law Violation
10875,80-10-052280,Aggravated Assault
10876,80-10-057695,Wpns Law Violation
10877,80-10-063381,Aggravated Assault
10878,80-10-094040,Robbery
10879,80-11-009023,Narcotics
10880,80-11-014452,Wpns Law Violation
10881,80-10-060279,Narcotics
10882,80-11-097162,Burglary
10883,80-11-083591,Wpns Law Violation
10884,80-12-043270,Aggravated Assault
10885,80-10-072597,Narcotics
10886,80-11-026368,Burglary
10887,80-12-037539,Robbery
10888,80-10-010759,Suicide
10889,80-10-003031,Death Investigation
10890,80-10-005966,Suicide
10891,80-10-016518,Suicide
10892,80-10-003857,Justifiable Homicide
10893,80-10-035366,Suicide
10894,80-10-037631,Homicide
10895,80-10-023835,Homicide
10896,80-10-027630,Suicide
10897,80-10-064377,Homicide
10898,80-10-066575,Suicide
10899,80-10-097992,Suicide
10900,80-11-015553,Suicide
10901,80-11-022672,Suicide
10902,80-11-027618,Suicide
10903,80-10-060330,Suicide
10904,80-10-055632,Homicide
10905,80-10-056655,Suicide
10906,80-10-071981,Death Investigation
10907,80-10-095443,Suicide
10908,80-11-015290,Suicide
10909,80-11-052395,Suicide
10910,80-11-056906,Suicide
10911,80-11-063990,Suicide
10912,80-10-005640,Homicide
10913,80-10-045857,Homicide
10914,80-11-035668,Suicide
10915,80-11-045385,Suicide
10916,80-11-080779,Wpns Law Violation
10917,80-15-100930,Homicide
10918,80-15-012809,Homicide
10919,80-11-085950,Homicide
10920,80-16-063789,Suicide
10921,80-15-101935,Suicide
10922,80-14-050329,Homicide
10923,80-12-039148,Homicide
10924,80-11-080779,Wpns Law Violation
10925,80-15-003737,Suicide
10926,80-12-042801,Accidental Shooting
10927,80-16-055222,Justifiable Homicide
10928,80-16-069432,Death Investigation
10929,80-10-080128,Narcotics
10930,80-15-064628,Homicide
10931,80-16-018134,Suicide
10932,80-15-061994,Homicide
10933,80-16-075974,Homicide
10934,80-13-052542,Homicide
10935,80-10-080128,Narcotics
10936,80-15-059123,Suicide
10937,80-16-017573,Suicide
10938,80-16-078441,Homicide
10939,80-16-100601,Homicide
10940,80-12-043348,Homicide
10941,80-11-003736,Wpns Law Violation
10942,80-15-066378,Suicide
10943,80-16-027602,Homicide
10944,80-15-078336,Homicide
10945,80-16-107055,Suicide
10946,80-17-002802,Death Investigation
10947,80-10-005885,Homicide
10948,80-10-009120,Death Investigation
10949,80-10-023830,Suicide
10950,80-10-068049,Death Investigation
10951,80-11-061936,Suicide
10952,80-10-064377,Homicide
10953,80-10-100184,Suicide
10954,80-11-000263,Homicide
10955,80-11-035432,Death Investigation
10956,80-11-074023,Suicide
10957,80-11-040861,Suicide
10958,80-11-049704,Suicide
10959,80-12-093463,Suicide
10960,80-13-011063,Suicide
10961,80-13-030963,Death Investigation
10962,80-13-051554,Suicide
10963,80-13-062767,Suicide
10964,80-13-071475,Suicide
10965,80-13-071475,Suicide
10966,80-13-092696,Homicide
10967,80-12-062895,Suicide
10968,80-12-069554,Suicide
10969,80-12-087467,Justifiable Homicide
10970,80-12-101205,Suicide
10971,80-13-009797,Homicide
10972,80-13-029834,Suicide
10973,80-13-045214,Homicide
10974,80-13-045214,Homicide
10975,80-13-044938,Suicide
10976,80-13-056095,Homicide
10977,80-13-060697,Homicide
10978,80-14-078586,Homicide
10979,80-14-078586,Homicide
10980,80-14-090014,Suicide
10981,80-14-099942,Suicide
10982,80-16-087063,Homicide
10983,80-12-060629,Homicide
10984,80-13-057974,Suicide
10985,80-16-065183,Homicide
10986,80-16-028906,Homicide
10987,80-16-076468,Suicide
10988,80-16-036196,Suicide
10989,80-16-057701,Suicide
10990,80-16-100601,Homicide
10991,80-16-027602,Homicide
10992,80-16-105242,Suicide
10993,80-14-001290,Homicide
10994,80-14-017886,Homicide
10995,80-14-045498,Homicide
10996,80-14-060597,Justifiable Homicide
10997,80-14-081333,Homicide
10998,80-14-081333,Homicide
10999,80-14-099942,Suicide
11000,80-15-010890,Death Investigation
11001,80-12-034029,Homicide
11002,80-16-098923,Homicide
11003,80-12-087467,Justifiable Homicide
11004,80-15-000226,Homicide
11005,80-12-087948,Suicide
11006,80-15-066517,Suicide
11007,80-15-085953,Homicide
11008,80-15-000226,Homicide
11009,80-15-000226,Homicide
11010,80-14-034298,Homicide
11011,80-16-025052,Homicide
11012,80-15-024444,Homicide
11013,80-15-051443,Homicide
11014,80-15-007312,Homicide
11015,80-16-004172,Suicide
11016,80-16-004172,Suicide
11017,80-16-004172,Suicide
11018,80-15-044526,Homicide
11019,80-17-005978,Suicide
11020,80-17-012897,Homicide
11021,80-16-063937,Suicide
11022,80-14-032826,Suicide
11023,80-14-024655,Death Investigation
11024,80-14-041818,Suicide
11025,80-14-033534,Homicide
11026,80-14-068706,Suicide
11027,80-14-070427,Homicide
11028,80-14-078586,Homicide
11029,80-15-081916,Homicide
11030,80-14-093070,Homicide
11031,80-14-093070,Homicide
11032,80-14-093070,Homicide
11033,80-15-002002,Suicide
11034,80-15-007623,Homicide
11035,80-15-010975,Suicide
11036,80-15-012495,Homicide
11037,80-12-043348,Homicide
11038,80-15-010059,Justifiable Homicide
11039,80-15-045458,Suicide
11040,80-15-055920,Homicide
11041,80-15-068318,Suicide
11042,80-15-102257,Suicide
11043,80-16-013434,Death Investigation
11044,80-16-017812,Homicide
11045,80-16-025726,Suicide
11046,80-16-039691,Suicide
11047,80-12-015611,Robbery
11048,80-12-097879,Suicide
11049,80-13-014765,Homicide
11050,80-13-056097,Homicide
11051,80-13-059907,Homicide
11052,80-13-095620,Suicide
11053,80-13-099623,Suicide
11054,80-10-003857,Justifiable Homicide
11055,80-10-009943,Suicide
11056,80-10-026980,Suicide
11057,80-10-049909,Suicide
11058,80-10-056655,Suicide
11059,80-10-064377,Homicide
11060,80-10-098887,Suicide
11061,80-11-000670,Suicide
11062,80-10-100883,Suicide
11063,80-11-033871,Homicide
11064,80-11-051021,Homicide
11065,80-12-010354,Suicide
11066,80-12-023656,Suicide
11067,80-12-024452,Suicide
11068,80-12-021157,Suicide
11069,80-12-038894,Suicide
11070,80-12-089112,Suicide
11071,80-13-010502,Suicide
11072,80-13-041086,Suicide
11073,80-14-038560,Homicide
11074,80-15-092846,Homicide
11075,80-10-089026,Narcotics
11076,80-12-043348,Homicide
11077,80-12-043348,Homicide
11078,80-12-043348,Homicide
11079,80-12-043348,Homicide
11080,80-12-043348,Homicide
11081,80-13-052542,Homicide
11082,80-12-039180,Homicide
11083,80-12-039180,Homicide
11084,80-12-071366,Homicide
11085,80-12-071366,Homicide
11086,80-15-096884,Homicide
11087,80-12-081680,Homicide
11088,80-15-079050,Death Investigation
11089,80-11-014004,Narcotics
11090,80-14-026126,Suicide
11091,80-15-085953,Homicide
11092,80-11-014004,Narcotics
11093,80-14-025817,Suicide
11094,80-15-103208,Suicide
11095,80-11-061824,Intimidation
11096,80-14-033469,Suicide
11097,80-16-028070,Suicide
11098,80-14-011378,Suicide
11099,80-12-000664,Narcotics
11100,80-14-058197,Suicide
11101,80-15-024444,Homicide
11102,80-13-073994,Suicide
11103,80-15-013997,Homicide
11104,80-14-002074,Suicide
11105,80-15-013997,Homicide
11106,80-14-019965,Suicide
11107,80-15-050969,Homicide
11108,80-14-019133,Suicide
11109,80-15-055920,Homicide
11110,80-13-078545,Homicide
11111,80-15-041755,Suicide
11112,80-13-080783,Suicide
11113,80-16-013946,Suicide
11114,80-13-082462,Suicide
11115,80-16-023546,Homicide
11116,80-13-085288,Homicide
11117,80-16-023546,Homicide
11118,80-13-088545,Suicide
11119,80-16-023546,Homicide
11120,80-12-062164,Homicide
11121,80-16-023546,Homicide
11122,80-14-078586,Homicide
11123,80-16-023546,Homicide
11124,80-14-078586,Homicide
11125,80-16-023546,Homicide
11126,80-14-088839,Homicide
11127,80-16-032330,Suicide
11128,80-16-036014,Suicide
11129,80-16-036390,Suicide
11130,80-16-059767,Suicide
11131,80-16-074486,Homicide
11132,80-16-074486,Homicide
11133,80-16-093550,Suicide
11134,80-16-087679,Homicide
11135,80-16-099304,Suicide
11136,80-15-082108,Homicide
11137,80-15-091380,Suicide
11138,80-15-091617,Homicide
11139,80-15-100930,Homicide
11140,80-16-003455,Negligent Homicide
11141,80-16-001770,Suicide
11142,80-16-005179,Suicide
11143,80-15-077109,Suicide
11144,80-15-094543,Suicide
11145,80-15-102257,Suicide
11146,80-15-101162,Homicide
11147,80-16-006065,Suicide
11148,80-16-008407,Justifiable Homicide
11149,80-16-010502,Homicide
11150,80-10-040980,Wpns Law Violation
11151,80-10-058047,Narcotics
11152,80-10-058047,Narcotics
11153,80-14-093070,Homicide
11154,80-10-068605,Robbery
11155,80-15-011993,Suicide
11156,80-12-001556,Narcotics
11157,80-10-073341,Wpns Law Violation
11158,80-11-021968,Aggravated Assault
11159,80-10-102584,Robbery
11160,80-10-091417,Wpns Law Violation
11161,80-11-035621,Narcotics
11162,80-10-094147,Aggravated Assault
11163,80-11-003387,Wpns Law Violation
11164,80-11-012189,Wpns Law Violation
11165,80-11-010393,Intimidation
11166,80-12-033657,Aggravated Assault
11167,80-11-014452,Wpns Law Violation
11168,80-10-049678,Wpns Law Violation
11169,80-10-060279,Narcotics
11170,80-11-029936,Narcotics
11171,80-11-029936,Narcotics
11172,80-11-072246,Narcotics
11173,80-11-072246,Narcotics
11174,80-11-072246,Narcotics
11175,80-11-038281,Wpns Law Violation
11176,80-11-065714,Robbery
11177,80-11-058327,Narcotics
11178,80-11-058327,Narcotics
11179,80-11-082845,Narcotics
11180,80-11-082845,Narcotics
11181,80-11-082845,Narcotics
11182,80-12-008669,Narcotics
11183,80-12-008669,Narcotics
11184,80-08-097721,Robbery
11185,80-11-073992,Wpns Law Violation
11186,80-12-037539,Robbery
11187,80-12-037539,Robbery
11188,80-12-024324,Narcotics
11189,80-16-024798,Wpns Law Violation
11190,80-12-090838,Homicide
11191,80-15-022390,Suicide
11192,80-15-028676,Suicide
11193,80-14-033534,Homicide
11194,80-14-010915,Suicide
11195,80-14-068433,Suicide
11196,80-13-092696,Homicide
11197,80-14-084873,Suicide
11198,80-15-013997,Homicide
11199,80-15-013997,Homicide
11200,80-14-060609,Homicide
11201,80-17-012897,Homicide
11202,80-11-012085,Sodomy Force
11203,80-14-100649,Homicide
11204,80-14-019152,Homicide
11205,80-12-057823,Homicide
11206,80-14-050329,Homicide
11207,80-12-081680,Homicide
11208,80-16-002235,Homicide
11209,80-13-012932,Homicide
11210,80-15-013997,Homicide
11211,80-15-075433,Suicide
11212,80-15-024444,Homicide
11213,80-15-024444,Homicide
11214,80-15-013997,Homicide
11215,80-15-023732,Suicide
11216,80-15-079926,Justifiable Homicide
11217,80-11-035432,Death Investigation
11218,80-15-038269,Suicide
11219,80-16-083385,Suicide
11220,80-15-001070,Suicide
11221,80-15-041711,Suicide
11222,80-14-001290,Homicide
11223,80-16-079462,Justifiable Homicide
11224,80-11-051102,Homicide
11225,80-15-035052,Suicide
11226,80-17-014321,Suicide
11227,80-15-033669,Suicide
11228,80-15-065169,Suicide
11229,80-15-018463,Unknown
11230,80-14-061568,Homicide
11231,80-11-104492,Suicide
11232,80-16-087063,Homicide
11233,80-15-052635,Homicide
11234,80-16-096634,Homicide
11235,80-15-000226,Homicide
11236,80-15-000226,Homicide
11237,80-11-052248,Homicide
11238,80-10-039678,Homicide
11239,80-10-089740,Homicide
11240,80-11-060418,Suicide
11241,80-11-007836,Suicide
11242,80-11-065723,Suicide
11243,80-11-080844,Suicide
11244,80-11-046047,Suicide
11245,80-11-040257,Suicide
11246,80-11-051102,Homicide
11247,80-17-014494,Suicide
11248,80-11-088086,Homicide
11249,80-11-100025,Suicide
11250,80-16-006622,Homicide
11251,80-12-081680,Homicide
11252,80-12-028158,Homicide
11253,80-12-086033,Suicide
11254,80-13-013342,Suicide
11255,80-13-028138,Suicide
11256,80-13-055988,Suicide
11257,80-13-084063,Suicide
11258,80-13-092121,Suicide
11259,80-13-093022,Suicide
11260,80-14-022990,Suicide
11261,80-14-041480,Suicide
11262,80-14-061284,Suicide
11263,80-14-076637,Suicide
11264,80-13-059376,Suicide
11265,80-13-012932,Homicide
11266,80-15-049417,Suicide
11267,80-11-088462,Suicide
11268,80-16-089626,Homicide
11269,80-14-007111,Suicide
11270,80-16-004172,Suicide
11271,80-15-051133,Suicide
11272,80-16-034469,Homicide
11273,80-10-047612,Death Investigation
11274,80-14-077696,Homicide
11275,80-15-065487,Suicide
11276,80-17-008744,Homicide
11277,80-10-058642,Death Investigation
11278,80-16-055222,Justifiable Homicide
11279,80-16-004172,Suicide
11280,80-15-093569,Suicide
11281,80-11-099224,Suicide
11282,80-11-039055,Suicide
11283,80-10-079957,Homicide
11284,80-16-004663,Homicide
11285,80-15-100930,Homicide
11286,80-12-010497,Suicide
11287,80-11-001550,Suicide
11288,80-16-022239,Homicide
11289,80-16-005711,Death Investigation
11290,80-12-102855,Homicide
11291,80-12-049610,Suicide
11292,80-11-035192,Suicide
11293,80-16-025654,Homicide
11294,80-16-033609,Suicide
11295,80-16-042290,Suicide
11296,80-16-048737,Suicide
11297,80-16-062658,Suicide
11298,80-16-078885,Suicide
11299,80-14-041370,Suicide
11300,80-14-078586,Homicide
11301,80-14-078586,Homicide
11302,80-16-032601,Death Investigation
11303,80-16-097749,Suicide
11304,80-15-032330,Homicide
11305,80-15-033117,Suicide
11306,80-15-035974,Suicide
11307,80-15-091746,Suicide
11308,80-10-004757,Suicide
11309,80-10-009120,Death Investigation
11310,80-10-015324,Suicide
11311,80-10-070309,Justifiable Homicide
11312,80-10-079387,Homicide
11313,80-11-010943,Suicide
11314,80-11-017224,Suicide
11315,80-11-051102,Homicide
11316,80-11-075504,Suicide
11317,80-11-068174,Suicide
11318,80-16-019315,Suicide
11319,80-16-025654,Homicide
11320,80-16-042612,Death Investigation
11321,80-16-061498,Suicide
11322,80-16-065740,Homicide
11323,80-16-081572,Suicide
11324,80-16-095059,Suicide
11325,80-16-109803,Homicide
11326,80-16-110157,Suicide
11327,80-17-006522,Suicide
11328,80-17-014321,Suicide
11329,80-14-027853,Suicide
11330,80-14-041880,Suicide
11331,80-14-047999,Suicide
11332,80-14-060597,Justifiable Homicide
11333,80-14-065133,Suicide
11334,80-14-075138,Homicide
11335,80-15-002415,Suicide
11336,80-16-005836,Suicide
11337,80-12-072979,Suicide
11338,80-13-009232,Suicide
11339,80-11-051558,Suicide
11340,80-12-088248,Suicide
11341,80-13-060697,Homicide
11342,80-16-005711,Death Investigation
11343,80-15-040019,Suicide
11344,80-12-040374,Suicide
11345,80-11-072387,Death Investigation
11346,80-13-020577,Homicide
11347,80-12-080531,Suicide
11348,80-16-006622,Homicide
11349,80-15-055920,Homicide
11350,80-13-066765,Suicide
11351,80-13-020577,Homicide
11352,80-12-092574,Suicide
11353,80-16-025654,Homicide
11354,80-15-082108,Homicide
11355,80-13-064355,Suicide
11356,80-13-020577,Homicide
11357,80-13-020537,Suicide
11358,80-16-030047,Death Investigation
11359,80-16-030378,Homicide
11360,80-16-036014,Suicide
11361,80-16-036390,Suicide
11362,80-16-040759,Homicide
11363,80-16-052688,Suicide
11364,80-16-078157,Death Investigation
11365,80-17-006938,Suicide
11366,80-14-016660,Death Investigation
11367,80-14-029450,Death Investigation
11368,80-14-045481,Suicide
11369,80-15-012495,Homicide
11370,80-15-026455,Suicide
11371,80-15-081875,Suicide
11372,80-15-085058,Suicide
11373,80-15-099390,Suicide
11374,80-15-100930,Homicide
11375,80-14-077480,Homicide
11376,80-14-061568,Homicide
11377,80-16-096579,Homicide
11378,80-14-021347,Homicide
11379,80-14-066188,Homicide
11380,80-16-096634,Homicide
11381,80-16-096634,Homicide
11382,80-15-077073,Justifiable Homicide
11383,80-10-029473,Suicide
11384,80-15-073634,Homicide
11385,80-15-091617,Homicide
11386,80-15-098989,Suicide
11387,80-16-005711,Death Investigation
11388,80-16-059114,Homicide
11389,80-10-004471,Suicide
11390,80-06-008380,Homicide
11391,80-10-016518,Suicide
11392,80-10-064377,Homicide
11393,80-10-045534,Death Investigation
11394,80-11-005851,Homicide
11395,80-11-076697,Suicide
11396,80-13-052542,Homicide
11397,80-13-085001,Suicide
11398,80-13-056318,Suicide
11399,80-13-024104,Suicide
11400,80-12-003825,Suicide
11401,80-12-003911,Suicide
11402,80-12-058485,Homicide
11403,80-12-060081,Suicide
11404,80-13-055478,Homicide
11405,80-13-078545,Homicide
11406,80-16-027602,Homicide
11407,80-16-027602,Homicide
11408,80-10-045857,Homicide
11409,80-10-005814,Suicide
11410,80-14-060609,Homicide
11411,80-14-060609,Homicide
11412,80-16-019537,Death Investigation
11413,80-16-028906,Homicide
11414,80-16-028906,Homicide
11415,80-16-004172,Suicide
11416,80-11-044955,Sodomy Force
11417,80-14-077696,Homicide
11418,80-15-059375,Homicide
11419,80-16-087063,Homicide
11420,80-15-012877,Suicide
11421,80-16-055222,Justifiable Homicide
11422,80-16-002235,Homicide
11423,80-15-061994,Homicide
11424,80-15-100930,Homicide
11425,80-16-009070,Suicide
11426,80-16-006599,Homicide
11427,80-16-023546,Homicide
11428,80-16-023546,Homicide
11429,80-16-006599,Homicide
11430,80-16-007366,Suicide
11431,80-16-023752,Death Investigation
11432,80-16-034664,Suicide
11433,80-16-043437,Suicide
11434,80-16-053936,Homicide
11435,80-16-053936,Homicide
11436,80-16-053936,Homicide
11437,80-16-089504,Death Investigation
11438,80-16-095558,Suicide
11439,80-14-035514,Homicide
11440,80-14-081075,Suicide
11441,80-14-092776,Suicide
11442,80-15-005871,Suicide
11443,80-15-013997,Homicide
11444,80-15-013997,Homicide
11445,80-13-065393,Suicide
11446,80-13-074342,Homicide
11447,80-16-017812,Homicide
11448,80-10-009120,Death Investigation
11449,80-13-095620,Suicide
11450,80-15-063074,Suicide
11451,80-10-010108,Suicide
11452,80-14-001576,Suicide
11453,80-16-098923,Homicide
11454,80-10-023835,Homicide
11455,80-14-016660,Death Investigation
11456,80-14-060597,Justifiable Homicide
11457,80-15-019543,Suicide
11458,80-15-012809,Homicide
11459,80-15-023214,Suicide
11460,80-15-046638,Homicide
11461,80-15-066378,Suicide
11462,80-15-073634,Homicide
11463,80-15-075097,Suicide
11464,80-15-077583,Suicide
11465,80-15-091617,Homicide
11466,80-16-022239,Homicide
11467,80-16-015987,Suicide
11468,80-16-021044,Suicide
11469,80-16-023546,Homicide
11470,80-16-023546,Homicide
11471,80-16-023546,Homicide
11472,80-16-036014,Suicide
11473,80-16-039691,Suicide
11474,80-16-085125,Death Investigation
11475,80-17-005762,Suicide
11476,80-12-048137,Suicide
11477,80-12-089617,Suicide
11478,80-12-084244,Suicide
11479,80-13-024022,Suicide
11480,80-13-063182,Suicide
11481,80-13-071475,Suicide
11482,80-13-071475,Suicide
11483,80-13-074342,Homicide
11484,80-13-084429,Suicide
11485,80-13-091694,Suicide
11486,80-13-098437,Suicide
11487,80-13-094741,Suicide
11488,80-14-010413,Suicide
11489,80-17-009944,Homicide
11490,80-14-011232,Suicide
11491,80-12-043348,Homicide
11492,80-14-044739,Suicide
11493,80-14-052198,Homicide
11494,80-14-044963,Homicide
11495,80-15-041377,Homicide
11496,80-14-040586,Suicide
11497,80-10-027630,Suicide
11498,80-16-023546,Homicide
11499,80-10-064377,Homicide
11500,80-16-036014,Suicide
11501,80-10-064377,Homicide
11502,80-16-052838,Homicide
11503,80-10-071073,Suicide
11504,80-16-052838,Homicide
11505,80-10-092127,Suicide
11506,80-16-091788,Suicide
11507,80-11-008215,Suicide
11508,80-10-031489,Death Investigation
11509,80-10-097306,Homicide
11510,80-10-054764,Suicide
11511,80-10-098243,Suicide
11512,80-11-051102,Homicide
11513,80-11-045160,Suicide
11514,80-11-051175,Suicide
11515,80-11-014181,Suicide
11516,80-11-066940,Suicide
11517,80-11-098325,Suicide
11518,80-12-003522,Homicide
11519,80-12-007414,Suicide
11520,80-12-007630,Suicide
11521,80-12-006890,Homicide
11522,80-12-016727,Suicide
11523,80-16-004663,Homicide
11524,80-16-051603,Suicide
11525,80-16-065111,Suicide
11526,80-16-069773,Suicide
11527,80-16-100601,Homicide
11528,80-16-100601,Homicide
11529,80-17-010650,Suicide
11530,80-14-064513,Death Investigation
11531,80-14-078586,Homicide
11532,80-15-010583,Suicide
11533,80-15-024160,Suicide
11534,80-15-030430,Suicide
11535,80-15-034559,Suicide
11536,80-15-035035,Suicide
11537,80-16-060743,Homicide
11538,80-16-078441,Homicide
11539,80-13-060216,Homicide
11540,80-11-084407,Suicide
11541,80-12-028158,Homicide
11542,80-14-060597,Justifiable Homicide
11543,80-14-068706,Suicide
11544,80-14-098564,Suicide
11545,80-15-013997,Homicide
11546,80-15-013997,Homicide
11547,80-10-019790,Suicide
11548,80-15-021008,Suicide
11549,80-15-043285,Homicide
11550,80-15-073560,Suicide
11551,80-10-023880,Suicide
11552,80-12-092574,Suicide
11553,80-16-084483,Homicide
11554,80-17-009944,Homicide
11555,80-15-025506,Homicide
11556,80-16-075417,Homicide
11557,80-15-077073,Justifiable Homicide
11558,80-16-065183,Homicide
11559,80-16-028906,Homicide
11560,80-13-020577,Homicide
11561,80-13-020577,Homicide
11562,80-13-020577,Homicide
11563,80-10-024069,Homicide
11564,80-16-004172,Suicide
11565,80-14-050329,Homicide
11566,80-12-081680,Homicide
11567,80-13-020577,Homicide
11568,80-13-020577,Homicide
11569,80-13-020577,Homicide
11570,80-16-096579,Homicide
11571,80-16-087063,Homicide
11572,80-14-021347,Homicide
11573,80-16-045714,Homicide
11574,80-16-045714,Homicide
11575,80-12-028158,Homicide
11576,80-14-061568,Homicide
11577,80-14-077696,Homicide
11578,80-15-052635,Homicide
11579,80-16-096634,Homicide
11580,80-15-035121,Suicide
11581,80-15-045699,Homicide
11582,80-15-070854,Suicide
11583,80-16-007341,Suicide
11584,80-16-025026,Death Investigation
11585,80-10-026291,Suicide
11586,80-10-035503,Death Investigation
11587,80-10-029379,Suicide
11588,80-10-041505,Suicide
11589,80-10-057247,Suicide
11590,80-10-058932,Suicide
11591,80-11-013740,Homicide
11592,80-11-051558,Suicide
11593,80-11-005829,Suicide
11594,80-11-090930,Suicide
11595,80-11-102430,Suicide
11596,80-16-037923,Suicide
11597,80-16-052435,Suicide
11598,80-10-023880,Suicide
11599,80-16-084734,Death Investigation
11600,80-12-094084,Suicide
11601,80-13-059907,Homicide
11602,80-10-006394,Suicide
11603,80-10-060830,Suicide
11604,80-10-091159,Death Investigation
11605,80-11-046987,Suicide
11606,80-11-048530,Suicide
11607,80-11-018573,Suicide
11608,80-11-035653,Suicide
11609,80-11-080821,Suicide
11610,80-12-002964,Suicide
11611,80-14-085230,Suicide
11612,80-14-085756,Suicide
11613,80-15-000699,Suicide
11614,80-15-018057,Suicide
11615,80-15-018477,Suicide
11616,80-15-018155,Death Investigation
11617,80-15-041696,Suicide
11618,80-15-058581,Suicide
11619,80-15-106114,Suicide
11620,80-16-010512,Suicide
11621,80-16-022239,Homicide
11622,80-16-038906,Suicide
11623,80-16-071605,Suicide
11624,80-16-094860,Suicide
11625,80-17-001680,Suicide
11626,80-12-057432,Suicide
11627,80-12-061868,Suicide
11628,80-12-086329,Suicide
11629,80-13-000456,Suicide
11630,80-13-006632,Suicide
11631,80-13-069481,Suicide
11632,80-13-067346,Suicide
11633,80-13-086782,Suicide
11634,80-14-005963,Suicide
11635,80-14-014207,Homicide
11636,80-14-016929,Suicide
11637,80-14-039477,Homicide
11638,80-14-046240,Suicide
11639,80-10-001125,Suicide
11640,80-10-005640,Homicide
11641,80-10-009120,Death Investigation
11642,80-10-011560,Suicide
11643,80-10-011560,Suicide
11644,80-12-099834,Homicide
11645,80-12-099834,Homicide
11646,80-10-029473,Suicide
11647,80-12-057823,Homicide
11648,80-10-005489,Homicide
11649,80-16-098864,Homicide
11650,80-12-050368,Homicide
11651,80-16-078441,Homicide
11652,80-17-009944,Homicide
11653,80-14-065081,Homicide
11654,80-13-052542,Homicide
11655,80-15-024384,Justifiable Homicide
11656,80-12-039180,Homicide
11657,80-12-039180,Homicide
11658,80-15-079926,Justifiable Homicide
11659,80-16-087063,Homicide
11660,80-10-009120,Death Investigation
11661,80-15-096212,Homicide
11662,80-16-096634,Homicide
11663,80-10-037631,Homicide
11664,80-10-039117,Suicide
11665,80-11-088086,Homicide
11666,80-12-002008,Suicide
11667,80-12-043174,Suicide
11668,80-10-045857,Homicide
11669,80-11-064683,Homicide
11670,80-12-054290,Sodomy Force
11671,80-14-011378,Suicide
11672,80-14-030657,Suicide
11673,80-10-023835,Homicide
11674,80-10-030541,Suicide
11675,80-10-064377,Homicide
11676,80-10-069740,Death Investigation
11677,80-10-079987,Homicide
11678,80-10-081157,Suicide
11679,80-10-049909,Suicide
11680,80-10-064377,Homicide
11681,80-11-005851,Homicide
11682,80-16-027602,Homicide
11683,80-16-017812,Homicide
11684,80-14-060609,Homicide
11685,80-12-060629,Homicide
11686,80-10-079957,Homicide
11687,80-11-064683,Homicide
11688,80-13-024949,Homicide
11689,80-13-024949,Homicide
11690,80-16-028906,Homicide
11691,80-13-092696,Homicide
11692,80-11-060426,Homicide
11693,80-12-061478,Homicide
11694,80-12-061478,Homicide
11695,80-16-078441,Homicide
11696,80-10-040276,Homicide
11697,80-16-055222,Justifiable Homicide
11698,80-11-064683,Homicide
11699,80-14-059266,Homicide
11700,80-15-000226,Homicide
11701,80-14-100649,Homicide
11702,80-16-031047,Homicide
11703,80-12-039180,Homicide
11704,80-12-039180,Homicide
11705,80-12-043348,Homicide
11706,80-12-043348,Homicide
11707,80-15-080468,Homicide
11708,80-13-052542,Homicide
11709,80-13-052542,Homicide
11710,80-16-004172,Suicide
11711,80-15-079926,Justifiable Homicide
11712,80-12-039180,Homicide
11713,80-12-039180,Homicide
11714,80-12-081680,Homicide
11715,80-16-087063,Homicide
11716,80-14-077696,Homicide
11717,80-14-081026,Homicide
11718,80-15-052635,Homicide
11719,80-16-027602,Homicide
11720,80-11-007836,Suicide
11721,80-11-074782,Suicide
11722,80-10-002211,Homicide
11723,80-10-002211,Homicide
11724,80-12-012211,Suicide
11725,80-16-019315,Suicide
11726,80-16-021337,Suicide
11727,80-16-042290,Suicide
11728,80-16-047447,Suicide
11729,80-16-054601,Suicide
11730,80-16-068382,Suicide
11731,80-16-088700,Homicide
11732,80-15-067085,Suicide
11733,80-11-013893,Forcible Fondling
11734,80-16-069813,Homicide
11735,80-16-111380,Death Investigation
11736,80-17-015302,Suicide
11737,80-12-014313,Suicide
11738,80-12-046699,Suicide
11739,80-12-072903,Suicide
11740,80-12-086899,Suicide
11741,80-12-084148,Suicide
